<?xml version="1.0" encoding="utf-8"?>
<COLLADA xmlns="http://www.collada.org/2005/11/COLLADASchema" version="1.4.1" xmlns:xsi="http://www.w3.org/2001/XMLSchema-instance">
  <asset>
    <contributor>
      <author>Blender User</author>
      <authoring_tool>Blender 4.0.1 commit date:2023-11-16, commit time:16:40, hash:d0dd92834a08</authoring_tool>
    </contributor>
    <created>2023-11-28T14:08:30</created>
    <modified>2023-11-28T14:08:30</modified>
    <unit name="meter" meter="1"/>
    <up_axis>Z_UP</up_axis>
  </asset>
  <library_effects>
    <effect id="Metal_01-effect">
      <profile_COMMON>
        <newparam sid="Metal_01_png-surface">
          <surface type="2D">
            <init_from>Metal_01_png</init_from>
          </surface>
        </newparam>
        <newparam sid="Metal_01_png-sampler">
          <sampler2D>
            <source>Metal_01_png-surface</source>
          </sampler2D>
        </newparam>
        <technique sid="common">
          <lambert>
            <emission>
              <color sid="emission">0 0 0 1</color>
            </emission>
            <diffuse>
              <texture texture="Metal_01_png-sampler" texcoord="UVMap"/>
            </diffuse>
            <index_of_refraction>
              <float sid="ior">1.45</float>
            </index_of_refraction>
          </lambert>
        </technique>
      </profile_COMMON>
    </effect>
    <effect id="ConcreteBare-effect">
      <profile_COMMON>
        <newparam sid="ConcreteBare_png-surface">
          <surface type="2D">
            <init_from>ConcreteBare_png</init_from>
          </surface>
        </newparam>
        <newparam sid="ConcreteBare_png-sampler">
          <sampler2D>
            <source>ConcreteBare_png-surface</source>
          </sampler2D>
        </newparam>
        <technique sid="common">
          <lambert>
            <emission>
              <color sid="emission">0 0 0 1</color>
            </emission>
            <diffuse>
              <texture texture="ConcreteBare_png-sampler" texcoord="UVMap"/>
            </diffuse>
            <index_of_refraction>
              <float sid="ior">1.45</float>
            </index_of_refraction>
          </lambert>
        </technique>
      </profile_COMMON>
    </effect>
    <effect id="Sign-effect">
      <profile_COMMON>
        <newparam sid="Sign_png-surface">
          <surface type="2D">
            <init_from>Sign_png</init_from>
          </surface>
        </newparam>
        <newparam sid="Sign_png-sampler">
          <sampler2D>
            <source>Sign_png-surface</source>
          </sampler2D>
        </newparam>
        <technique sid="common">
          <lambert>
            <emission>
              <color sid="emission">0 0 0 1</color>
            </emission>
            <diffuse>
              <texture texture="Sign_png-sampler" texcoord="UVMap"/>
            </diffuse>
            <index_of_refraction>
              <float sid="ior">1.45</float>
            </index_of_refraction>
          </lambert>
        </technique>
      </profile_COMMON>
    </effect>
    <effect id="Rooftiles-effect">
      <profile_COMMON>
        <newparam sid="Rooftiles_png-surface">
          <surface type="2D">
            <init_from>Rooftiles_png</init_from>
          </surface>
        </newparam>
        <newparam sid="Rooftiles_png-sampler">
          <sampler2D>
            <source>Rooftiles_png-surface</source>
          </sampler2D>
        </newparam>
        <technique sid="common">
          <lambert>
            <emission>
              <color sid="emission">0 0 0 1</color>
            </emission>
            <diffuse>
              <texture texture="Rooftiles_png-sampler" texcoord="UVMap"/>
            </diffuse>
            <index_of_refraction>
              <float sid="ior">1.45</float>
            </index_of_refraction>
          </lambert>
        </technique>
      </profile_COMMON>
    </effect>
    <effect id="Blinds-effect">
      <profile_COMMON>
        <newparam sid="Blinds_png-surface">
          <surface type="2D">
            <init_from>Blinds_png</init_from>
          </surface>
        </newparam>
        <newparam sid="Blinds_png-sampler">
          <sampler2D>
            <source>Blinds_png-surface</source>
          </sampler2D>
        </newparam>
        <technique sid="common">
          <lambert>
            <emission>
              <color sid="emission">0 0 0 1</color>
            </emission>
            <diffuse>
              <texture texture="Blinds_png-sampler" texcoord="UVMap"/>
            </diffuse>
            <index_of_refraction>
              <float sid="ior">1.45</float>
            </index_of_refraction>
          </lambert>
        </technique>
      </profile_COMMON>
    </effect>
    <effect id="Glass-effect">
      <profile_COMMON>
        <technique sid="common">
          <lambert>
            <emission>
              <color sid="emission">0 0 0 1</color>
            </emission>
            <diffuse>
              <color sid="diffuse">0.8 0.8 0.8 1</color>
            </diffuse>
            <index_of_refraction>
              <float sid="ior">1.45</float>
            </index_of_refraction>
          </lambert>
        </technique>
      </profile_COMMON>
    </effect>
    <effect id="DoorsMetal-effect">
      <profile_COMMON>
        <newparam sid="DoorsMetal_jpg-surface">
          <surface type="2D">
            <init_from>DoorsMetal_jpg</init_from>
          </surface>
        </newparam>
        <newparam sid="DoorsMetal_jpg-sampler">
          <sampler2D>
            <source>DoorsMetal_jpg-surface</source>
          </sampler2D>
        </newparam>
        <technique sid="common">
          <lambert>
            <emission>
              <color sid="emission">0 0 0 1</color>
            </emission>
            <diffuse>
              <texture texture="DoorsMetal_jpg-sampler" texcoord="UVMap"/>
            </diffuse>
            <index_of_refraction>
              <float sid="ior">1.45</float>
            </index_of_refraction>
          </lambert>
        </technique>
      </profile_COMMON>
    </effect>
    <effect id="Plaster-effect">
      <profile_COMMON>
        <newparam sid="Plaster_png-surface">
          <surface type="2D">
            <init_from>Plaster_png</init_from>
          </surface>
        </newparam>
        <newparam sid="Plaster_png-sampler">
          <sampler2D>
            <source>Plaster_png-surface</source>
          </sampler2D>
        </newparam>
        <technique sid="common">
          <lambert>
            <emission>
              <color sid="emission">0 0 0 1</color>
            </emission>
            <diffuse>
              <texture texture="Plaster_png-sampler" texcoord="UVMap"/>
            </diffuse>
            <index_of_refraction>
              <float sid="ior">1.45</float>
            </index_of_refraction>
          </lambert>
        </technique>
      </profile_COMMON>
    </effect>
    <effect id="Wood-effect">
      <profile_COMMON>
        <newparam sid="Wood_png-surface">
          <surface type="2D">
            <init_from>Wood_png</init_from>
          </surface>
        </newparam>
        <newparam sid="Wood_png-sampler">
          <sampler2D>
            <source>Wood_png-surface</source>
          </sampler2D>
        </newparam>
        <technique sid="common">
          <lambert>
            <emission>
              <color sid="emission">0 0 0 1</color>
            </emission>
            <diffuse>
              <texture texture="Wood_png-sampler" texcoord="UVMap"/>
            </diffuse>
            <index_of_refraction>
              <float sid="ior">1.45</float>
            </index_of_refraction>
          </lambert>
        </technique>
      </profile_COMMON>
    </effect>
    <effect id="Carpet-effect">
      <profile_COMMON>
        <newparam sid="Carpet_jpg-surface">
          <surface type="2D">
            <init_from>Carpet_jpg</init_from>
          </surface>
        </newparam>
        <newparam sid="Carpet_jpg-sampler">
          <sampler2D>
            <source>Carpet_jpg-surface</source>
          </sampler2D>
        </newparam>
        <technique sid="common">
          <lambert>
            <emission>
              <color sid="emission">0 0 0 1</color>
            </emission>
            <diffuse>
              <texture texture="Carpet_jpg-sampler" texcoord="UVMap"/>
            </diffuse>
            <index_of_refraction>
              <float sid="ior">1.45</float>
            </index_of_refraction>
          </lambert>
        </technique>
      </profile_COMMON>
    </effect>
    <effect id="Tiles-effect">
      <profile_COMMON>
        <newparam sid="Tiles_png-surface">
          <surface type="2D">
            <init_from>Tiles_png</init_from>
          </surface>
        </newparam>
        <newparam sid="Tiles_png-sampler">
          <sampler2D>
            <source>Tiles_png-surface</source>
          </sampler2D>
        </newparam>
        <technique sid="common">
          <lambert>
            <emission>
              <color sid="emission">0 0 0 1</color>
            </emission>
            <diffuse>
              <texture texture="Tiles_png-sampler" texcoord="UVMap"/>
            </diffuse>
            <index_of_refraction>
              <float sid="ior">1.45</float>
            </index_of_refraction>
          </lambert>
        </technique>
      </profile_COMMON>
    </effect>
    <effect id="Metal-effect">
      <profile_COMMON>
        <newparam sid="Metal_png-surface">
          <surface type="2D">
            <init_from>Metal_png</init_from>
          </surface>
        </newparam>
        <newparam sid="Metal_png-sampler">
          <sampler2D>
            <source>Metal_png-surface</source>
          </sampler2D>
        </newparam>
        <technique sid="common">
          <lambert>
            <emission>
              <color sid="emission">0 0 0 1</color>
            </emission>
            <diffuse>
              <texture texture="Metal_png-sampler" texcoord="UVMap"/>
            </diffuse>
            <index_of_refraction>
              <float sid="ior">1.45</float>
            </index_of_refraction>
          </lambert>
        </technique>
      </profile_COMMON>
    </effect>
    <effect id="MetalRollup-effect">
      <profile_COMMON>
        <newparam sid="MetalRollup_jpg-surface">
          <surface type="2D">
            <init_from>MetalRollup_jpg</init_from>
          </surface>
        </newparam>
        <newparam sid="MetalRollup_jpg-sampler">
          <sampler2D>
            <source>MetalRollup_jpg-surface</source>
          </sampler2D>
        </newparam>
        <technique sid="common">
          <lambert>
            <emission>
              <color sid="emission">0 0 0 1</color>
            </emission>
            <diffuse>
              <texture texture="MetalRollup_jpg-sampler" texcoord="UVMap"/>
            </diffuse>
            <index_of_refraction>
              <float sid="ior">1.45</float>
            </index_of_refraction>
          </lambert>
        </technique>
      </profile_COMMON>
    </effect>
    <effect id="Office_Ceiling-effect">
      <profile_COMMON>
        <newparam sid="Office_Ceiling_jpg-surface">
          <surface type="2D">
            <init_from>Office_Ceiling_jpg</init_from>
          </surface>
        </newparam>
        <newparam sid="Office_Ceiling_jpg-sampler">
          <sampler2D>
            <source>Office_Ceiling_jpg-surface</source>
          </sampler2D>
        </newparam>
        <technique sid="common">
          <lambert>
            <emission>
              <color sid="emission">0 0 0 1</color>
            </emission>
            <diffuse>
              <texture texture="Office_Ceiling_jpg-sampler" texcoord="UVMap"/>
            </diffuse>
            <index_of_refraction>
              <float sid="ior">1.45</float>
            </index_of_refraction>
          </lambert>
        </technique>
      </profile_COMMON>
    </effect>
    <effect id="BrickSmallBrown-effect">
      <profile_COMMON>
        <newparam sid="BrickSmallBrown_jpg-surface">
          <surface type="2D">
            <init_from>BrickSmallBrown_jpg</init_from>
          </surface>
        </newparam>
        <newparam sid="BrickSmallBrown_jpg-sampler">
          <sampler2D>
            <source>BrickSmallBrown_jpg-surface</source>
          </sampler2D>
        </newparam>
        <technique sid="common">
          <lambert>
            <emission>
              <color sid="emission">0 0 0 1</color>
            </emission>
            <diffuse>
              <texture texture="BrickSmallBrown_jpg-sampler" texcoord="UVMap"/>
            </diffuse>
            <index_of_refraction>
              <float sid="ior">1.45</float>
            </index_of_refraction>
          </lambert>
        </technique>
      </profile_COMMON>
    </effect>
    <effect id="Plaster_01-effect">
      <profile_COMMON>
        <newparam sid="Plaster_01_png-surface">
          <surface type="2D">
            <init_from>Plaster_01_png</init_from>
          </surface>
        </newparam>
        <newparam sid="Plaster_01_png-sampler">
          <sampler2D>
            <source>Plaster_01_png-surface</source>
          </sampler2D>
        </newparam>
        <technique sid="common">
          <lambert>
            <emission>
              <color sid="emission">0 0 0 1</color>
            </emission>
            <diffuse>
              <texture texture="Plaster_01_png-sampler" texcoord="UVMap"/>
            </diffuse>
            <index_of_refraction>
              <float sid="ior">1.45</float>
            </index_of_refraction>
          </lambert>
        </technique>
      </profile_COMMON>
    </effect>
  </library_effects>
  <library_images>
    <image id="Blinds_png" name="Blinds_png">
      <init_from>Blinds.png</init_from>
    </image>
    <image id="BrickSmallBrown_jpg" name="BrickSmallBrown_jpg">
      <init_from>BrickSmallBrown.jpg</init_from>
    </image>
    <image id="Carpet_jpg" name="Carpet_jpg">
      <init_from>Carpet.jpg</init_from>
    </image>
    <image id="ConcreteBare_png" name="ConcreteBare_png">
      <init_from>ConcreteBare.png</init_from>
    </image>
    <image id="DoorsMetal_jpg" name="DoorsMetal_jpg">
      <init_from>DoorsMetal.jpg</init_from>
    </image>
    <image id="MetalRollup_jpg" name="MetalRollup_jpg">
      <init_from>MetalRollup.jpg</init_from>
    </image>
    <image id="Metal_01_png" name="Metal_01_png">
      <init_from>Metal_01.png</init_from>
    </image>
    <image id="Metal_png" name="Metal_png">
      <init_from>Metal.png</init_from>
    </image>
    <image id="Office_Ceiling_jpg" name="Office_Ceiling_jpg">
      <init_from>Office_Ceiling.jpg</init_from>
    </image>
    <image id="Plaster_01_png" name="Plaster_01_png">
      <init_from>Plaster_01.png</init_from>
    </image>
    <image id="Plaster_png" name="Plaster_png">
      <init_from>Plaster.png</init_from>
    </image>
    <image id="Rooftiles_png" name="Rooftiles_png">
      <init_from>Rooftiles.png</init_from>
    </image>
    <image id="Sign_png" name="Sign_png">
      <init_from>Sign.png</init_from>
    </image>
    <image id="Tiles_png" name="Tiles_png">
      <init_from>Tiles.png</init_from>
    </image>
    <image id="Wood_png" name="Wood_png">
      <init_from>Wood.png</init_from>
    </image>
  </library_images>
  <library_materials>
    <material id="Metal_01-material" name="Metal_01">
      <instance_effect url="#Metal_01-effect"/>
    </material>
    <material id="ConcreteBare-material" name="ConcreteBare">
      <instance_effect url="#ConcreteBare-effect"/>
    </material>
    <material id="Sign-material" name="Sign">
      <instance_effect url="#Sign-effect"/>
    </material>
    <material id="Rooftiles-material" name="Rooftiles">
      <instance_effect url="#Rooftiles-effect"/>
    </material>
    <material id="Blinds-material" name="Blinds">
      <instance_effect url="#Blinds-effect"/>
    </material>
    <material id="Glass-material" name="Glass">
      <instance_effect url="#Glass-effect"/>
    </material>
    <material id="DoorsMetal-material" name="DoorsMetal">
      <instance_effect url="#DoorsMetal-effect"/>
    </material>
    <material id="Plaster-material" name="Plaster">
      <instance_effect url="#Plaster-effect"/>
    </material>
    <material id="Wood-material" name="Wood">
      <instance_effect url="#Wood-effect"/>
    </material>
    <material id="Carpet-material" name="Carpet">
      <instance_effect url="#Carpet-effect"/>
    </material>
    <material id="Tiles-material" name="Tiles">
      <instance_effect url="#Tiles-effect"/>
    </material>
    <material id="Metal-material" name="Metal">
      <instance_effect url="#Metal-effect"/>
    </material>
    <material id="MetalRollup-material" name="MetalRollup">
      <instance_effect url="#MetalRollup-effect"/>
    </material>
    <material id="Office_Ceiling-material" name="Office_Ceiling">
      <instance_effect url="#Office_Ceiling-effect"/>
    </material>
    <material id="BrickSmallBrown-material" name="BrickSmallBrown">
      <instance_effect url="#BrickSmallBrown-effect"/>
    </material>
    <material id="Plaster_01-material" name="Plaster_01">
      <instance_effect url="#Plaster_01-effect"/>
    </material>
  </library_materials>
  <library_geometries>
    <geometry id="Railing_01-mesh" name="Railing_01">
      <mesh>
        <source id="Railing_01-mesh-positions">
          <float_array id="Railing_01-mesh-positions-array" count="654">0.03436917 0.8520123 -0.3184531 0.03436917 0.8520123 0.5133016 0.01505535 0.8682186 -0.3184531 0.01505535 0.8682186 0.5133016 0.05057543 0.8713262 -0.3184531 0.05057543 0.8713262 0.5133016 0.03126162 0.8875324 -0.3184531 0.03126162 0.8875324 0.5133016 -0.1396791 0.8520123 -0.3184531 -0.1396791 0.8520123 0.5133016 -0.158993 0.8682186 -0.3184531 -0.158993 0.8682186 0.5133016 -0.1234729 0.8713262 -0.3184531 -0.1234729 0.8713262 0.5133016 -0.1427867 0.8875324 -0.3184531 -0.1427867 0.8875324 0.5133016 -0.3137276 0.8520123 -0.3184531 -0.3137276 0.8520123 0.5133016 -0.3330414 0.8682186 -0.3184531 -0.3330414 0.8682186 0.5133016 -0.2975213 0.8713262 -0.3184531 -0.2975213 0.8713262 0.5133016 -0.3168351 0.8875324 -0.3184531 -0.3168351 0.8875324 0.5133016 -0.4877759 0.8520123 -0.3184531 -0.4877759 0.8520123 0.5133016 -0.5070897 0.8682186 -0.3184531 -0.5070897 0.8682186 0.5133016 -0.4715697 0.8713262 -0.3184531 -0.4715697 0.8713262 0.5133016 -0.4908835 0.8875324 -0.3184531 -0.4908835 0.8875324 0.5133016 -0.6618243 0.8520123 -0.3184531 -0.6618243 0.8520123 0.5133016 -0.6811381 0.8682186 -0.3184531 -0.6811381 0.8682186 0.5133016 -0.645618 0.8713262 -0.3184531 -0.645618 0.8713262 0.5133016 -0.6649318 0.8875324 -0.3184531 -0.6649318 0.8875324 0.5133016 0.1526642 0.8472931 -0.5147637 0.1526642 0.8472931 0.5016582 0.1526642 0.8901842 -0.5147637 0.1526642 0.8901842 0.5016582 0.1955553 0.8472931 -0.5147637 0.1955553 0.8472931 0.5016582 0.1955553 0.8901842 -0.5147637 0.1955553 0.8901842 0.5016582 0.1526642 0.8472931 0.5292461 0.1526642 0.8901842 0.5292461 0.1955553 0.8901842 0.5292461 0.1955553 0.8472931 0.5292461 0.1526642 -0.5304952 -0.5147637 0.1526642 -0.5304952 0.5016582 0.1526642 -0.4876042 -0.5147637 0.1526642 -0.4876042 0.5016582 0.1955553 -0.5304952 -0.5147637 0.1955553 -0.5304952 0.5016582 0.1955553 -0.4876042 -0.5147637 0.1955553 -0.4876042 0.5016582 0.1526642 -0.5304952 0.5292462 0.1526642 -0.4876042 0.5292462 0.1955553 -0.4876042 0.5292462 0.1955553 -0.5304952 0.5292462 0.1548197 -1.459563 -0.9379431 0.1548197 -1.459563 0.07847887 0.1548197 -1.416672 -0.9379431 0.1548197 -1.416672 0.07847887 0.1977108 -1.459563 -0.9379431 0.1977108 -1.459563 0.07847887 0.1977108 -1.416672 -0.9379431 0.1977108 -1.416672 0.07847887 0.1548197 -1.459563 0.1060669 0.1548197 -1.416672 0.1060669 0.1977108 -1.416672 0.1060669 0.1977108 -1.459563 0.1060669 -0.8474873 0.8472931 -0.5147637 -0.8474873 0.8472931 0.5016582 -0.8474873 0.8901842 -0.5147637 -0.8474873 0.8901842 0.5016582 -0.8045961 0.8472931 -0.5147637 -0.8045961 0.8472931 0.5016582 -0.8045961 0.8901842 -0.5147637 -0.8045961 0.8901842 0.5016582 -0.8474873 0.8472931 0.5307566 -0.8474873 0.8901842 0.5307566 -0.8045961 0.8901842 0.5292462 -0.8045961 0.8472931 0.5292462 -1.046287 0.8472931 0.5016582 -1.046287 0.8901842 0.5016582 -1.046287 0.8472931 0.5307566 -1.046287 0.8901842 0.5307566 0.1936859 0.6621565 -0.3184531 0.1936859 0.6621565 0.5133016 0.1774796 0.6428427 -0.3184531 0.1774796 0.6428427 0.5133016 0.1743721 0.6783628 -0.3184531 0.1743721 0.6783628 0.5133016 0.1581658 0.659049 -0.3184531 0.1581658 0.659049 0.5133016 0.1936859 0.4881082 -0.3184531 0.1936859 0.4881082 0.5133016 0.1774797 0.4687944 -0.3184531 0.1774797 0.4687944 0.5133016 0.1743721 0.5043144 -0.3184531 0.1743721 0.5043144 0.5133016 0.1581658 0.4850006 -0.3184531 0.1581658 0.4850006 0.5133016 0.193686 0.3140598 -0.3184531 0.193686 0.3140598 0.5133016 0.1774797 0.294746 -0.3184531 0.1774797 0.294746 0.5133016 0.1743721 0.3302661 -0.3184531 0.1743721 0.3302661 0.5133016 0.1581659 0.3109523 -0.3184531 0.1581659 0.3109523 0.5133016 0.193686 0.1400114 -0.3184531 0.193686 0.1400114 0.5133016 0.1774797 0.1206976 -0.3184531 0.1774797 0.1206976 0.5133016 0.1743721 0.1562176 -0.3184531 0.1743721 0.1562176 0.5133016 0.1581659 0.1369038 -0.3184531 0.1581659 0.1369038 0.5133016 0.193686 -0.03403693 -0.3184531 0.193686 -0.03403693 0.5133016 0.1774797 -0.05335074 -0.3184531 0.1774797 -0.05335074 0.5133016 0.1743721 -0.01783066 -0.3184531 0.1743721 -0.01783066 0.5133016 0.1581659 -0.03714448 -0.3184531 0.1581659 -0.03714448 0.5133016 0.193686 -0.2080853 -0.3184531 0.193686 -0.2080853 0.5133016 0.1774797 -0.2273991 -0.3184531 0.1774797 -0.2273991 0.5133016 0.1743721 -0.191879 -0.3184531 0.1743721 -0.191879 0.5133016 0.1581659 -0.2111929 -0.3184531 0.1581659 -0.2111929 0.5133016 0.193686 -0.3821337 -0.3184531 0.193686 -0.3821337 0.5133016 0.1774797 -0.4014475 -0.3184531 0.1774797 -0.4014475 0.5133016 0.1743721 -0.3659274 -0.3184531 0.1743721 -0.3659274 0.5133016 0.1581659 -0.3852412 -0.3184531 0.1581659 -0.3852412 0.5133016 0.1936859 -0.653946 -0.3925278 0.1936859 -0.653946 0.4521087 0.1774796 -0.6732598 -0.3925278 0.1774796 -0.6732598 0.4521087 0.1743721 -0.6377397 -0.3925278 0.1743721 -0.6377397 0.4521087 0.1581658 -0.6570535 -0.3925278 0.1581658 -0.6570535 0.4521087 0.1936859 -0.8279944 -0.4731903 0.1936859 -0.8279944 0.3714464 0.1774797 -0.8473082 -0.4731903 0.1774797 -0.8473082 0.3714464 0.1743721 -0.8117882 -0.4731903 0.1743721 -0.8117882 0.3714464 0.1581658 -0.831102 -0.4731903 0.1581658 -0.831102 0.3714464 0.193686 -1.002043 -0.5538525 0.193686 -1.002043 0.2907841 0.1774797 -1.021357 -0.5538525 0.1774797 -1.021357 0.2907841 0.1743721 -0.9858365 -0.5538525 0.1743721 -0.9858365 0.2907841 0.1581659 -1.00515 -0.5538525 0.1581659 -1.00515 0.2907841 0.193686 -1.176091 -0.6345149 0.193686 -1.176091 0.2101217 0.1774797 -1.195405 -0.6345149 0.1774797 -1.195405 0.2101217 0.1743721 -1.159885 -0.6345149 0.1743721 -1.159885 0.2101217 0.1581659 -1.179198 -0.6345149 0.1581659 -1.179198 0.2101217 0.193686 -1.350139 -0.7151772 0.193686 -1.350139 0.1294594 0.1774797 -1.369453 -0.7151772 0.1774797 -1.369453 0.1294594 0.1743721 -1.333933 -0.7151772 0.1743721 -1.333933 0.1294594 0.1581659 -1.353247 -0.7151772 0.1581659 -1.353247 0.1294594 0.1526642 0.8472931 -0.3448001 0.1526642 0.8901842 -0.3448001 0.1955553 0.8472931 -0.3448001 0.1526642 0.8472931 -0.3172122 0.1526642 0.8901842 -0.3172122 0.1955553 0.8472931 -0.3172122 0.1526642 -0.5304952 -0.3448001 0.1526642 -0.4876042 -0.3448001 0.1955553 -0.5304952 -0.3448001 0.1955553 -0.4876042 -0.3448001 0.1526642 -0.5304952 -0.3172121 0.1526642 -0.4876042 -0.3172121 0.1955553 -0.4876042 -0.3172121 0.1955553 -0.5304952 -0.3172121 0.1548197 -1.416672 -0.7679793 0.1977108 -1.416672 -0.7679793 0.1548197 -1.416672 -0.7403913 0.1977108 -1.416672 -0.7403913 -0.8474873 0.8472931 -0.3448001 -0.8474873 0.8901842 -0.3448001 -0.8045961 0.8472931 -0.3448001 -0.8045961 0.8901842 -0.3448001 -0.8474873 0.8472931 -0.3157017 -0.8474873 0.8901842 -0.3157017 -0.8045961 0.8901842 -0.3172121 -0.8045961 0.8472931 -0.3172121 -1.046287 0.8472931 -0.3448001 -1.046287 0.8901842 -0.3448001 -1.046287 0.8472931 -0.3157017 -1.046287 0.8901842 -0.3157017</float_array>
          <technique_common>
            <accessor source="#Railing_01-mesh-positions-array" count="218" stride="3">
              <param name="X" type="float"/>
              <param name="Y" type="float"/>
              <param name="Z" type="float"/>
            </accessor>
          </technique_common>
        </source>
        <source id="Railing_01-mesh-normals">
          <float_array id="Railing_01-mesh-normals-array" count="225">-0.6427888 -0.7660434 0 -0.7660434 0.6427888 0 0.6427888 0.7660434 0 0.7660436 -0.6427888 0 -0.642789 -0.7660433 0 -0.7660438 0.6427884 0 0.6427887 0.7660436 0 -0.7660431 0.6427892 0 0.642789 0.7660433 0 0.7660438 -0.6427884 0 0.7660431 -0.6427892 0 -0.6427904 -0.7660422 0 -0.7660417 0.6427909 0 0.6427876 0.7660445 0 0.7660446 -0.6427876 0 -1 0 0 0 1 0 1 0 0 0 -1 0 0 0 -1 0 0 1 0 0 1 0 -0.4309214 0.9023895 -0.9999971 -0.002432525 0 0.0351969 0 0.9993804 0 0 1 1 0 0 0.9999971 0.002432942 0 0 0.4309214 -0.9023896 0.6427884 0.766044 0 -0.6427884 -0.766044 0 0.766044 -0.6427884 0 -0.6427885 -0.7660437 0 -0.766044 0.6427884 0 0.6427885 0.7660437 0 0.7660431 -0.6427891 0 -0.6427879 -0.7660443 0 -0.7660431 0.6427891 0 0.6427893 0.7660432 0 -0.6427885 -0.7660437 0 -0.7660449 0.6427872 0 0.6427906 0.7660421 0 0.7660433 -0.6427891 0 -0.766044 0.6427883 0 0.766044 -0.6427883 0 -0.6427886 -0.7660437 0 0.6427886 0.7660437 0 -0.9999971 -0.002431929 0 1 0 0 0.9999971 0.002432346 0 0 0.430921 -0.9023897 -0.6427888 -0.7660436 0 -0.7660436 0.6427888 0 -0.7660446 0.6427876 0 -0.6427876 -0.7660445 0 0.6427904 0.7660422 0 0.7660417 -0.6427909 0 0 -0.4309214 0.9023896 -0.9999971 -0.002432405 0 0.03519082 0 0.9993807 0 0 1 0.9999971 0.002431929 0 0 0.4309214 -0.9023895 -0.6427892 -0.7660432 0 0.6427892 0.7660432 0 0.7660446 -0.6427875 0 0.6427885 0.7660437 0 -0.6427893 -0.7660432 0 -0.7660442 0.642788 0 0.6427899 0.7660427 0 -0.7660433 0.6427891 0 0 0 1 0 -0.430921 0.9023897 -0.9999971 -0.002432703 0 0.9999971 0.002432525 0</float_array>
          <technique_common>
            <accessor source="#Railing_01-mesh-normals-array" count="75" stride="3">
              <param name="X" type="float"/>
              <param name="Y" type="float"/>
              <param name="Z" type="float"/>
            </accessor>
          </technique_common>
        </source>
        <source id="Railing_01-mesh-map-0">
          <float_array id="Railing_01-mesh-map-0-array" count="1608">0.8234356 1.005539 0.8098158 0.4190032 0.8234356 0.4190032 1.313007 1.005539 1.326626 0.4190032 1.313007 0.4190032 0.8212441 1.005539 0.8348638 0.4190032 0.8212441 0.4190032 1.315198 1.005539 1.301578 0.4190032 1.315198 0.4190032 0.7007003 1.005539 0.6870805 0.4190032 0.7007003 0.4190032 1.313007 1.005539 1.326626 0.4190032 1.313007 0.4190032 0.6985089 1.005539 0.7121286 0.4190032 0.6985089 0.4190032 1.315198 1.005539 1.301578 0.4190032 1.315198 0.4190032 0.577965 1.005539 0.5643453 0.4190032 0.577965 0.4190032 1.313007 1.005539 1.326626 0.4190032 1.313007 0.4190032 0.5757736 1.005539 0.5893933 0.4190032 0.5757736 0.4190032 1.315198 1.005539 1.301578 0.4190032 1.315198 0.4190032 0.4552297 1.005539 0.44161 0.4190032 0.4552297 0.4190032 1.313007 1.005539 1.326626 0.4190032 1.313007 0.4190032 0.4530383 1.005539 0.466658 0.4190032 0.4530383 0.4190032 1.315198 1.005539 1.301578 0.4190032 1.315198 0.4190032 0.3324944 1.005539 0.3188748 0.4190032 0.3324944 0.4190032 1.313007 1.005539 1.326626 0.4190032 1.313007 0.4190032 0.3303031 1.005539 0.3439228 0.4190032 0.3303031 0.4190032 1.315198 1.005539 1.301578 0.4190032 1.315198 0.4190032 1.29825 0.9973284 1.328496 0.2805691 1.29825 0.2805691 0.9068547 0.9973284 0.9371005 0.2805691 0.9068547 0.2805691 1.328496 0.9973284 1.29825 0.2805691 1.328496 0.2805691 0.9371005 0.9973284 0.9068547 0.2805691 0.9371005 0.2805691 0.9371005 1.328496 0.9068547 1.29825 0.9068547 1.328496 0.2318148 1.29825 0.9068547 1.328496 0.2318148 1.328496 0.9068547 1.328496 0.9371005 1.29825 0.9371005 1.328496 0.9068547 0.9973284 0.9371005 1.016783 0.9371005 0.9973284 1.328496 0.9973284 1.29825 1.016783 1.29825 0.9973284 0.326663 0.9973284 0.3569088 0.2805691 0.326663 0.2805691 0.9068547 0.9973284 0.9371005 0.2805691 0.9068547 0.2805691 0.3569088 0.9973284 0.326663 0.2805691 0.3569088 0.2805691 0.9371005 0.9973284 0.9068547 0.2805691 0.9371005 0.2805691 0.9371005 0.3569088 0.9068547 0.326663 0.9068547 0.3569088 0.9083747 -0.2982504 0.9371005 0.326663 0.9068547 0.326663 0.9068547 0.3569088 0.9371005 0.326663 0.9371005 0.3569088 0.3569088 1.016783 1.29825 0.9973284 0.3569088 0.9973284 0.3569088 0.9973284 0.326663 1.016783 0.326663 0.9973284 0.326663 0.9973284 0.3569088 1.016783 0.3569088 0.9973284 -0.3284963 0.6989113 -0.2982504 -0.01784807 -0.3284963 -0.01784807 0.9083747 0.6989113 0.9386206 -0.01784807 0.9083747 -0.01784807 -0.2982504 0.6989113 -0.3284963 -0.01784807 -0.2982504 -0.01784807 0.9386206 0.6989113 0.9083747 -0.01784807 0.9386206 -0.01784807 0.9386206 -0.2982504 0.9083747 -0.3284963 0.9083747 -0.2982504 -0.2982504 0.6989113 -0.3284963 0.7183659 -0.3284963 0.6989113 0.9083747 -0.2982504 0.9386206 -0.3284963 0.9386206 -0.2982504 -0.3284963 0.6989113 -0.2982504 0.7183659 -0.2982504 0.6989113 0.9386206 0.6989113 0.9083747 0.7183659 0.9083747 0.6989113 -0.2982504 0.7183659 0.326663 0.9973284 -0.2982504 0.6989113 1.29825 0.9973284 1.328496 0.2805691 1.29825 0.2805691 0.2015688 0.9973284 0.2318148 0.2805691 0.2015688 0.2805691 1.328496 0.9973284 1.29825 0.2805691 1.328496 0.2805691 0.2318148 0.9973284 0.2015688 0.2805691 0.2318148 0.2805691 0.2318148 1.328496 0.2015688 1.29825 0.2015688 1.328496 0.2015688 0.9973284 0.06137937 1.017848 0.2015688 1.017848 0.2015688 1.328496 0.2318148 1.29825 0.2318148 1.328496 0.2015688 0.9973284 0.2318148 1.016783 0.2015688 1.017848 0.2015688 0.9973284 0.2318148 1.016783 0.2318148 0.9973284 0.2318148 1.016783 0.9068547 0.9973284 0.2318148 0.9973284 0.2318148 0.9973284 0.9068547 1.016783 0.2318148 1.016783 0.2318148 1.328496 0.9068547 1.29825 0.2318148 1.29825 0.9371005 0.3569088 0.9068547 1.29825 0.9068547 0.3569088 0.3569088 0.9973284 1.29825 1.016783 0.3569088 1.016783 0.9068547 0.3569088 0.9371005 1.29825 0.9371005 0.3569088 -0.2982504 0.7183659 0.326663 0.9973284 0.326663 1.016783 0.9083747 -0.2982504 0.9371005 0.326663 0.9386206 -0.2982504 1.29825 0.9973284 1.328496 1.017848 1.328496 0.9973284 0.2015688 1.29825 0.06137937 1.328496 0.2015688 1.328496 0.2015688 1.017848 0.06137937 0.9973284 0.2015688 0.9973284 0.2015688 1.328496 0.06137937 1.29825 0.2015688 1.29825 1.167696 1.005539 1.154076 0.4190032 1.167696 0.4190032 0.924354 1.005539 0.9107343 0.4190032 0.924354 0.4190032 1.165505 1.005539 1.179124 0.4190032 1.165505 0.4190032 0.9221626 1.005539 0.9357824 0.4190032 0.9221626 0.4190032 1.044961 1.005539 1.031341 0.4190032 1.044961 0.4190032 0.924354 1.005539 0.9107343 0.4190032 0.924354 0.4190032 1.042769 1.005539 1.056389 0.4190032 1.042769 0.4190032 0.9221626 1.005539 0.9357824 0.4190032 0.9221626 0.4190032 0.9222255 1.005539 0.9086057 0.4190032 0.9222255 0.4190032 0.924354 1.005539 0.9107343 0.4190032 0.924354 0.4190032 0.9200341 1.005539 0.9336538 0.4190032 0.9200341 0.4190032 0.9221626 1.005539 0.9357824 0.4190032 0.9221626 0.4190032 0.7994901 1.005539 0.7858706 0.4190032 0.7994901 0.4190032 0.924354 1.005539 0.9107343 0.4190032 0.924354 0.4190032 0.7972988 1.005539 0.8109185 0.4190032 0.7972988 0.4190032 0.9221626 1.005539 0.9357824 0.4190032 0.9221626 0.4190032 0.676755 1.005539 0.6631352 0.4190032 0.676755 0.4190032 0.924354 1.005539 0.9107343 0.4190032 0.924354 0.4190032 0.6745637 1.005539 0.6881832 0.4190032 0.6745637 0.4190032 0.9221626 1.005539 0.9357824 0.4190032 0.9221626 0.4190032 0.5540196 1.005539 0.5404 0.4190032 0.5540196 0.4190032 0.9243541 1.005539 0.9107343 0.4190032 0.9243541 0.4190032 0.5518282 1.005539 0.565448 0.4190032 0.5518282 0.4190032 0.9221626 1.005539 0.9357824 0.4190032 0.9221626 0.4190032 0.4312844 1.005539 0.4176647 0.4190032 0.4312844 0.4190032 0.9243541 1.005539 0.9107343 0.4190032 0.9243541 0.4190032 0.4290931 1.005539 0.4427127 0.4190032 0.4290931 0.4190032 0.9221627 1.005539 0.9357824 0.4190032 0.9221627 0.4190032 0.2396081 0.9623872 0.2259883 0.3667672 0.2396081 0.3667672 0.924354 0.9623872 0.9107343 0.3667672 0.924354 0.3667672 0.2374167 0.9623872 0.2510364 0.3667672 0.2374167 0.3667672 0.9221626 0.9623872 0.9357824 0.3667672 0.9221626 0.3667672 0.1168727 0.9055059 0.103253 0.3098858 0.1168727 0.3098858 0.924354 0.9055059 0.9107343 0.3098858 0.924354 0.3098858 0.1146814 0.9055059 0.128301 0.3098858 0.1146814 0.3098858 0.9221626 0.9055059 0.9357824 0.3098858 0.9221626 0.3098858 -0.005862474 0.8486245 -0.01948213 0.2530045 -0.005862474 0.2530045 0.924354 0.8486245 0.9107343 0.2530045 0.924354 0.2530045 -0.008053839 0.8486245 0.005565881 0.2530045 -0.008053839 0.2530045 0.9221626 0.8486245 0.9357824 0.2530045 0.9221626 0.2530045 -0.1285975 0.791743 -0.1422172 0.1961231 -0.1285975 0.1961231 0.924354 0.791743 0.9107343 0.1961231 0.924354 0.1961231 -0.1307889 0.791743 -0.1171692 0.1961231 -0.1307889 0.1961231 0.9221626 0.791743 0.9357824 0.1961231 0.9221626 0.1961231 -0.2513329 0.7348617 -0.2649526 0.1392416 -0.2513329 0.1392416 0.924354 0.7348617 0.9107343 0.1392416 0.924354 0.1392416 -0.2535243 0.7348617 -0.2399045 0.1392416 -0.2535243 0.1392416 0.9221626 0.7348617 0.9357824 0.1392416 0.9221626 0.1392416 0.2318148 1.29825 0.9068547 1.328496 0.2318148 1.328496 0.9083747 -0.2982504 0.9371005 0.326663 0.9068547 0.326663 0.3569088 0.4198783 1.29825 0.4004238 0.3569088 0.4004238 -0.2982504 0.1214612 0.326663 0.4004238 -0.2982504 0.1020067 0.2015688 0.4004238 0.06137937 0.4209435 0.2015688 0.4209435 0.2318148 0.4198783 0.9068547 0.4004238 0.2318148 0.4004238 0.2318148 0.4004238 0.9068547 0.4198783 0.2318148 0.4198783 0.2318148 1.328496 0.9068547 1.29825 0.2318148 1.29825 0.9371005 0.3569088 0.9068547 1.29825 0.9068547 0.3569088 0.3569088 0.4004238 1.29825 0.4198783 0.3569088 0.4198783 0.9068547 0.3569088 0.9371005 1.29825 0.9371005 0.3569088 -0.2982504 0.1214612 0.326663 0.4004238 0.326663 0.4198783 0.9083747 -0.2982504 0.9371005 0.326663 0.9386206 -0.2982504 0.2015688 1.29825 0.06137937 1.328496 0.2015688 1.328496 0.2015688 0.4209435 0.06137937 0.4004238 0.2015688 0.4004238 0.2015688 1.328496 0.06137937 1.29825 0.2015688 1.29825 0.8234356 1.005539 0.8098158 1.005539 0.8098158 0.4190032 1.313007 1.005539 1.326626 1.005539 1.326626 0.4190032 0.8212441 1.005539 0.8348638 1.005539 0.8348638 0.4190032 1.315198 1.005539 1.301578 1.005539 1.301578 0.4190032 0.7007003 1.005539 0.6870805 1.005539 0.6870805 0.4190032 1.313007 1.005539 1.326626 1.005539 1.326626 0.4190032 0.6985089 1.005539 0.7121286 1.005539 0.7121286 0.4190032 1.315198 1.005539 1.301578 1.005539 1.301578 0.4190032 0.577965 1.005539 0.5643453 1.005539 0.5643453 0.4190032 1.313007 1.005539 1.326626 1.005539 1.326626 0.4190032 0.5757736 1.005539 0.5893933 1.005539 0.5893933 0.4190032 1.315198 1.005539 1.301578 1.005539 1.301578 0.4190032 0.4552297 1.005539 0.44161 1.005539 0.44161 0.4190032 1.313007 1.005539 1.326626 1.005539 1.326626 0.4190032 0.4530383 1.005539 0.466658 1.005539 0.466658 0.4190032 1.315198 1.005539 1.301578 1.005539 1.301578 0.4190032 0.3324944 1.005539 0.3188748 1.005539 0.3188748 0.4190032 1.313007 1.005539 1.326626 1.005539 1.326626 0.4190032 0.3303031 1.005539 0.3439228 1.005539 0.3439228 0.4190032 1.315198 1.005539 1.301578 1.005539 1.301578 0.4190032 1.29825 0.9973284 1.328496 0.9973284 1.328496 0.2805691 0.9068547 0.9973284 0.9371005 0.9973284 0.9371005 0.2805691 1.328496 0.9973284 1.29825 0.9973284 1.29825 0.2805691 0.9371005 0.9973284 0.9068547 0.9973284 0.9068547 0.2805691 0.9371005 1.328496 0.9371005 1.29825 0.9068547 1.29825 0.2318148 1.29825 0.9068547 1.29825 0.9068547 1.328496 0.9068547 1.328496 0.9068547 1.29825 0.9371005 1.29825 0.9068547 0.9973284 0.9068547 1.016783 0.9371005 1.016783 1.328496 0.9973284 1.328496 1.016783 1.29825 1.016783 0.326663 0.9973284 0.3569088 0.9973284 0.3569088 0.2805691 0.9068547 0.9973284 0.9371005 0.9973284 0.9371005 0.2805691 0.3569088 0.9973284 0.326663 0.9973284 0.326663 0.2805691 0.9371005 0.9973284 0.9068547 0.9973284 0.9068547 0.2805691 0.9371005 0.3569088 0.9371005 0.326663 0.9068547 0.326663 0.9083747 -0.2982504 0.9386206 -0.2982504 0.9371005 0.326663 0.9068547 0.3569088 0.9068547 0.326663 0.9371005 0.326663 0.3569088 1.016783 1.29825 1.016783 1.29825 0.9973284 0.3569088 0.9973284 0.3569088 1.016783 0.326663 1.016783 0.326663 0.9973284 0.326663 1.016783 0.3569088 1.016783 -0.3284963 0.6989113 -0.2982504 0.6989113 -0.2982504 -0.01784807 0.9083747 0.6989113 0.9386206 0.6989113 0.9386206 -0.01784807 -0.2982504 0.6989113 -0.3284963 0.6989113 -0.3284963 -0.01784807 0.9386206 0.6989113 0.9083747 0.6989113 0.9083747 -0.01784807 0.9386206 -0.2982504 0.9386206 -0.3284963 0.9083747 -0.3284963 -0.2982504 0.6989113 -0.2982504 0.7183659 -0.3284963 0.7183659 0.9083747 -0.2982504 0.9083747 -0.3284963 0.9386206 -0.3284963 -0.3284963 0.6989113 -0.3284963 0.7183659 -0.2982504 0.7183659 0.9386206 0.6989113 0.9386206 0.7183659 0.9083747 0.7183659 -0.2982504 0.7183659 0.326663 1.016783 0.326663 0.9973284 1.29825 0.9973284 1.328496 0.9973284 1.328496 0.2805691 0.2015688 0.9973284 0.2318148 0.9973284 0.2318148 0.2805691 1.328496 0.9973284 1.29825 0.9973284 1.29825 0.2805691 0.2318148 0.9973284 0.2015688 0.9973284 0.2015688 0.2805691 0.2318148 1.328496 0.2318148 1.29825 0.2015688 1.29825 0.2015688 0.9973284 0.06137937 0.9973284 0.06137937 1.017848 0.2015688 1.328496 0.2015688 1.29825 0.2318148 1.29825 0.2015688 0.9973284 0.2318148 0.9973284 0.2318148 1.016783 0.2015688 0.9973284 0.2015688 1.017848 0.2318148 1.016783 0.2318148 1.016783 0.9068547 1.016783 0.9068547 0.9973284 0.2318148 0.9973284 0.9068547 0.9973284 0.9068547 1.016783 0.2318148 1.328496 0.9068547 1.328496 0.9068547 1.29825 0.9371005 0.3569088 0.9371005 1.29825 0.9068547 1.29825 0.3569088 0.9973284 1.29825 0.9973284 1.29825 1.016783 0.9068547 0.3569088 0.9068547 1.29825 0.9371005 1.29825 -0.2982504 0.7183659 -0.2982504 0.6989113 0.326663 0.9973284 0.9083747 -0.2982504 0.9068547 0.326663 0.9371005 0.326663 1.29825 0.9973284 1.29825 1.017848 1.328496 1.017848 0.2015688 1.29825 0.06137937 1.29825 0.06137937 1.328496 0.2015688 1.017848 0.06137937 1.017848 0.06137937 0.9973284 0.2015688 1.328496 0.06137937 1.328496 0.06137937 1.29825 1.167696 1.005539 1.154076 1.005539 1.154076 0.4190032 0.924354 1.005539 0.9107343 1.005539 0.9107343 0.4190032 1.165505 1.005539 1.179124 1.005539 1.179124 0.4190032 0.9221626 1.005539 0.9357824 1.005539 0.9357824 0.4190032 1.044961 1.005539 1.031341 1.005539 1.031341 0.4190032 0.924354 1.005539 0.9107343 1.005539 0.9107343 0.4190032 1.042769 1.005539 1.056389 1.005539 1.056389 0.4190032 0.9221626 1.005539 0.9357824 1.005539 0.9357824 0.4190032 0.9222255 1.005539 0.9086057 1.005539 0.9086057 0.4190032 0.924354 1.005539 0.9107343 1.005539 0.9107343 0.4190032 0.9200341 1.005539 0.9336538 1.005539 0.9336538 0.4190032 0.9221626 1.005539 0.9357824 1.005539 0.9357824 0.4190032 0.7994901 1.005539 0.7858706 1.005539 0.7858706 0.4190032 0.924354 1.005539 0.9107343 1.005539 0.9107343 0.4190032 0.7972988 1.005539 0.8109185 1.005539 0.8109185 0.4190032 0.9221626 1.005539 0.9357824 1.005539 0.9357824 0.4190032 0.676755 1.005539 0.6631352 1.005539 0.6631352 0.4190032 0.924354 1.005539 0.9107343 1.005539 0.9107343 0.4190032 0.6745637 1.005539 0.6881832 1.005539 0.6881832 0.4190032 0.9221626 1.005539 0.9357824 1.005539 0.9357824 0.4190032 0.5540196 1.005539 0.5404 1.005539 0.5404 0.4190032 0.9243541 1.005539 0.9107343 1.005539 0.9107343 0.4190032 0.5518282 1.005539 0.565448 1.005539 0.565448 0.4190032 0.9221626 1.005539 0.9357824 1.005539 0.9357824 0.4190032 0.4312844 1.005539 0.4176647 1.005539 0.4176647 0.4190032 0.9243541 1.005539 0.9107343 1.005539 0.9107343 0.4190032 0.4290931 1.005539 0.4427127 1.005539 0.4427127 0.4190032 0.9221627 1.005539 0.9357824 1.005539 0.9357824 0.4190032 0.2396081 0.9623872 0.2259883 0.9623872 0.2259883 0.3667672 0.924354 0.9623872 0.9107343 0.9623872 0.9107343 0.3667672 0.2374167 0.9623872 0.2510364 0.9623872 0.2510364 0.3667672 0.9221626 0.9623872 0.9357824 0.9623872 0.9357824 0.3667672 0.1168727 0.9055059 0.103253 0.9055059 0.103253 0.3098858 0.924354 0.9055059 0.9107343 0.9055059 0.9107343 0.3098858 0.1146814 0.9055059 0.128301 0.9055059 0.128301 0.3098858 0.9221626 0.9055059 0.9357824 0.9055059 0.9357824 0.3098858 -0.005862474 0.8486245 -0.01948213 0.8486245 -0.01948213 0.2530045 0.924354 0.8486245 0.9107343 0.8486245 0.9107343 0.2530045 -0.008053839 0.8486245 0.005565881 0.8486245 0.005565881 0.2530045 0.9221626 0.8486245 0.9357824 0.8486245 0.9357824 0.2530045 -0.1285975 0.791743 -0.1422172 0.791743 -0.1422172 0.1961231 0.924354 0.791743 0.9107343 0.791743 0.9107343 0.1961231 -0.1307889 0.791743 -0.1171692 0.791743 -0.1171692 0.1961231 0.9221626 0.791743 0.9357824 0.791743 0.9357824 0.1961231 -0.2513329 0.7348617 -0.2649526 0.7348617 -0.2649526 0.1392416 0.924354 0.7348617 0.9107343 0.7348617 0.9107343 0.1392416 -0.2535243 0.7348617 -0.2399045 0.7348617 -0.2399045 0.1392416 0.9221626 0.7348617 0.9357824 0.7348617 0.9357824 0.1392416 0.2318148 1.29825 0.9068547 1.29825 0.9068547 1.328496 0.9083747 -0.2982504 0.9386206 -0.2982504 0.9371005 0.326663 0.3569088 0.4198783 1.29825 0.4198783 1.29825 0.4004238 -0.2982504 0.1214612 0.326663 0.4198783 0.326663 0.4004238 0.2015688 0.4004238 0.06137937 0.4004238 0.06137937 0.4209435 0.2318148 0.4198783 0.9068547 0.4198783 0.9068547 0.4004238 0.2318148 0.4004238 0.9068547 0.4004238 0.9068547 0.4198783 0.2318148 1.328496 0.9068547 1.328496 0.9068547 1.29825 0.9371005 0.3569088 0.9371005 1.29825 0.9068547 1.29825 0.3569088 0.4004238 1.29825 0.4004238 1.29825 0.4198783 0.9068547 0.3569088 0.9068547 1.29825 0.9371005 1.29825 -0.2982504 0.1214612 -0.2982504 0.1020067 0.326663 0.4004238 0.9083747 -0.2982504 0.9068547 0.326663 0.9371005 0.326663 0.2015688 1.29825 0.06137937 1.29825 0.06137937 1.328496 0.2015688 0.4209435 0.06137937 0.4209435 0.06137937 0.4004238 0.2015688 1.328496 0.06137937 1.328496 0.06137937 1.29825</float_array>
          <technique_common>
            <accessor source="#Railing_01-mesh-map-0-array" count="804" stride="2">
              <param name="S" type="float"/>
              <param name="T" type="float"/>
            </accessor>
          </technique_common>
        </source>
        <vertices id="Railing_01-mesh-vertices">
          <input semantic="POSITION" source="#Railing_01-mesh-positions"/>
        </vertices>
        <triangles material="Metal_01-material" count="268">
          <input semantic="VERTEX" source="#Railing_01-mesh-vertices" offset="0"/>
          <input semantic="NORMAL" source="#Railing_01-mesh-normals" offset="1"/>
          <input semantic="TEXCOORD" source="#Railing_01-mesh-map-0" offset="2" set="0"/>
          <p>1 0 0 2 0 1 0 0 2 3 1 3 6 1 4 2 1 5 7 2 6 4 2 7 6 2 8 5 3 9 0 3 10 4 3 11 9 4 12 10 4 13 8 4 14 11 5 15 14 5 16 10 5 17 15 6 18 12 6 19 14 6 20 13 3 21 8 3 22 12 3 23 17 4 24 18 4 25 16 4 26 19 7 27 22 7 28 18 7 29 23 8 30 20 8 31 22 8 32 21 9 33 16 9 34 20 9 35 25 4 36 26 4 37 24 4 38 27 7 39 30 7 40 26 7 41 31 8 42 28 8 43 30 8 44 29 10 45 24 10 46 28 10 47 33 11 48 34 11 49 32 11 50 35 12 51 38 12 52 34 12 53 39 13 54 36 13 55 38 13 56 37 14 57 32 14 58 36 14 59 41 15 60 42 15 61 40 15 62 43 16 63 46 16 64 42 16 65 47 17 66 44 17 67 46 17 68 45 18 69 40 18 70 44 18 71 46 19 72 40 19 73 42 19 74 87 20 75 49 20 76 86 20 77 49 21 78 51 21 79 50 21 80 43 16 81 50 16 82 47 16 83 47 17 84 51 17 85 45 17 86 53 15 87 54 15 88 52 15 89 55 16 90 58 16 91 54 16 92 59 17 93 56 17 94 58 17 95 57 18 96 52 18 97 56 18 98 58 19 99 52 19 100 54 19 101 73 22 102 63 22 103 60 22 104 61 21 105 63 21 106 62 21 107 61 15 108 41 15 109 55 15 110 59 17 111 63 17 112 57 17 113 53 15 114 61 15 115 55 15 116 65 15 117 66 15 118 64 15 119 67 16 120 70 16 121 66 16 122 71 17 123 68 17 124 70 17 125 69 18 126 64 18 127 68 18 128 70 19 129 64 19 130 66 19 131 71 17 132 75 17 133 69 17 134 73 21 135 75 21 136 74 21 137 65 15 138 73 15 139 67 15 140 69 18 141 72 18 142 65 18 143 73 23 144 53 23 145 67 23 146 77 15 147 78 15 148 76 15 149 79 16 150 82 16 151 78 16 152 83 17 153 80 17 154 82 17 155 81 18 156 76 18 157 80 18 158 82 19 159 76 19 160 78 19 161 79 16 162 91 16 163 85 16 164 85 24 165 87 24 166 86 24 167 77 18 168 87 18 169 84 18 170 79 16 171 86 16 172 83 16 173 86 16 174 43 16 175 83 16 176 81 18 177 48 18 178 87 18 179 83 19 180 41 19 181 81 19 182 62 25 183 48 25 184 61 25 185 59 26 186 51 26 187 62 26 188 55 19 189 45 19 190 59 19 191 74 27 192 57 27 193 63 27 194 67 28 195 57 28 196 71 28 197 88 15 198 91 15 199 89 15 200 77 19 201 89 19 202 79 19 203 84 18 204 88 18 205 77 18 206 85 21 207 90 21 208 84 21 209 93 10 210 94 10 211 92 10 212 95 4 213 98 4 214 94 4 215 99 7 216 96 7 217 98 7 218 97 29 219 92 29 220 96 29 221 101 10 222 102 10 223 100 10 224 103 30 225 106 30 226 102 30 227 107 7 228 104 7 229 106 7 230 105 29 231 100 29 232 104 29 233 109 10 234 110 10 235 108 10 236 111 30 237 114 30 238 110 30 239 115 7 240 112 7 241 114 7 242 113 29 243 108 29 244 112 29 245 117 10 246 118 10 247 116 10 248 119 30 249 122 30 250 118 30 251 123 7 252 120 7 253 122 7 254 121 29 255 116 29 256 120 29 257 125 10 258 126 10 259 124 10 260 127 30 261 130 30 262 126 30 263 131 7 264 128 7 265 130 7 266 129 8 267 124 8 268 128 8 269 133 10 270 134 10 271 132 10 272 135 30 273 138 30 274 134 30 275 139 7 276 136 7 277 138 7 278 137 8 279 132 8 280 136 8 281 141 9 282 142 9 283 140 9 284 143 4 285 146 4 286 142 4 287 147 5 288 144 5 289 146 5 290 145 8 291 140 8 292 144 8 293 149 31 294 150 31 295 148 31 296 151 32 297 154 32 298 150 32 299 155 33 300 152 33 301 154 33 302 153 34 303 148 34 304 152 34 305 157 35 306 158 35 307 156 35 308 159 36 309 162 36 310 158 36 311 163 37 312 160 37 313 162 37 314 161 38 315 156 38 316 160 38 317 165 35 318 166 35 319 164 35 320 167 39 321 170 39 322 166 39 323 171 40 324 168 40 325 170 40 326 169 41 327 164 41 328 168 41 329 173 42 330 174 42 331 172 42 332 175 32 333 178 32 334 174 32 335 179 43 336 176 43 337 178 43 338 177 34 339 172 34 340 176 34 341 181 44 342 182 44 343 180 44 344 183 45 345 186 45 346 182 45 347 187 43 348 184 43 349 186 43 350 185 46 351 180 46 352 184 46 353 213 20 354 192 20 355 212 20 356 204 22 357 201 22 358 198 22 359 199 15 360 188 15 361 195 15 362 204 47 363 194 47 364 202 47 365 207 16 366 217 16 367 211 16 368 212 16 369 189 16 370 209 16 371 208 18 372 191 18 373 213 18 374 209 19 375 188 19 376 208 19 377 200 25 378 191 25 379 199 25 380 197 48 381 193 48 382 200 48 383 195 19 384 190 19 385 197 19 386 205 49 387 196 49 388 201 49 389 202 50 390 196 50 391 203 50 392 206 19 393 215 19 394 207 19 395 210 18 396 214 18 397 206 18 398 211 21 399 216 21 400 210 21 401 1 51 402 3 51 403 2 51 404 3 52 405 7 52 406 6 52 407 7 2 408 5 2 409 4 2 410 5 3 411 1 3 412 0 3 413 9 4 414 11 4 415 10 4 416 11 52 417 15 52 418 14 52 419 15 8 420 13 8 421 12 8 422 13 3 423 9 3 424 8 3 425 17 4 426 19 4 427 18 4 428 19 53 429 23 53 430 22 53 431 23 29 432 21 29 433 20 29 434 21 10 435 17 10 436 16 10 437 25 4 438 27 4 439 26 4 440 27 7 441 31 7 442 30 7 443 31 8 444 29 8 445 28 8 446 29 10 447 25 10 448 24 10 449 33 54 450 35 54 451 34 54 452 35 53 453 39 53 454 38 53 455 39 55 456 37 55 457 36 55 458 37 56 459 33 56 460 32 56 461 41 15 462 43 15 463 42 15 464 43 16 465 47 16 466 46 16 467 47 17 468 45 17 469 44 17 470 45 18 471 41 18 472 40 18 473 46 19 474 44 19 475 40 19 476 87 21 477 48 21 478 49 21 479 49 21 480 48 21 481 51 21 482 43 16 483 49 16 484 50 16 485 47 17 486 50 17 487 51 17 488 53 15 489 55 15 490 54 15 491 55 16 492 59 16 493 58 16 494 59 17 495 57 17 496 56 17 497 57 18 498 53 18 499 52 18 500 58 19 501 56 19 502 52 19 503 73 57 504 74 57 505 63 57 506 61 21 507 60 21 508 63 21 509 61 15 510 48 15 511 41 15 512 59 17 513 62 17 514 63 17 515 53 15 516 60 15 517 61 15 518 65 15 519 67 15 520 66 15 521 67 16 522 71 16 523 70 16 524 71 17 525 69 17 526 68 17 527 69 18 528 65 18 529 64 18 530 70 19 531 68 19 532 64 19 533 71 17 534 74 17 535 75 17 536 73 21 537 72 21 538 75 21 539 65 15 540 72 15 541 73 15 542 69 18 543 75 18 544 72 18 545 73 58 546 60 58 547 53 58 548 77 15 549 79 15 550 78 15 551 79 16 552 83 16 553 82 16 554 83 17 555 81 17 556 80 17 557 81 18 558 77 18 559 76 18 560 82 19 561 80 19 562 76 19 563 79 16 564 89 16 565 91 16 566 85 59 567 84 59 568 87 59 569 77 18 570 81 18 571 87 18 572 79 16 573 85 16 574 86 16 575 86 16 576 49 16 577 43 16 578 81 18 579 41 18 580 48 18 581 83 19 582 43 19 583 41 19 584 62 60 585 51 60 586 48 60 587 59 17 588 45 17 589 51 17 590 55 19 591 41 19 592 45 19 593 74 61 594 71 61 595 57 61 596 67 62 597 53 62 598 57 62 599 88 15 600 90 15 601 91 15 602 77 19 603 88 19 604 89 19 605 84 18 606 90 18 607 88 18 608 85 21 609 91 21 610 90 21 611 93 9 612 95 9 613 94 9 614 95 30 615 99 30 616 98 30 617 99 5 618 97 5 619 96 5 620 97 8 621 93 8 622 92 8 623 101 14 624 103 14 625 102 14 626 103 30 627 107 30 628 106 30 629 107 5 630 105 5 631 104 5 632 105 8 633 101 8 634 100 8 635 109 9 636 111 9 637 110 9 638 111 4 639 115 4 640 114 4 641 115 5 642 113 5 643 112 5 644 113 8 645 109 8 646 108 8 647 117 9 648 119 9 649 118 9 650 119 4 651 123 4 652 122 4 653 123 53 654 121 53 655 120 53 656 121 29 657 117 29 658 116 29 659 125 9 660 127 9 661 126 9 662 127 4 663 131 4 664 130 4 665 131 5 666 129 5 667 128 5 668 129 29 669 125 29 670 124 29 671 133 9 672 135 9 673 134 9 674 135 4 675 139 4 676 138 4 677 139 5 678 137 5 679 136 5 680 137 29 681 133 29 682 132 29 683 141 10 684 143 10 685 142 10 686 143 4 687 147 4 688 146 4 689 147 7 690 145 7 691 144 7 692 145 8 693 141 8 694 140 8 695 149 35 696 151 35 697 150 35 698 151 63 699 155 63 700 154 63 701 155 37 702 153 37 703 152 37 704 153 64 705 149 64 706 148 64 707 157 65 708 159 65 709 158 65 710 159 39 711 163 39 712 162 39 713 163 37 714 161 37 715 160 37 716 161 66 717 157 66 718 156 66 719 165 31 720 167 31 721 166 31 722 167 67 723 171 67 724 170 67 725 171 68 726 169 68 727 168 68 728 169 69 729 165 69 730 164 69 731 173 31 732 175 31 733 174 31 734 175 67 735 179 67 736 178 67 737 179 33 738 177 33 739 176 33 740 177 66 741 173 66 742 172 66 743 181 42 744 183 42 745 182 42 746 183 67 747 187 67 748 186 67 749 187 70 750 185 70 751 184 70 752 185 38 753 181 38 754 180 38 755 213 71 756 191 71 757 192 71 758 204 72 759 205 72 760 201 72 761 199 15 762 191 15 763 188 15 764 204 73 765 198 73 766 194 73 767 207 16 768 215 16 769 217 16 770 212 16 771 192 16 772 189 16 773 208 18 774 188 18 775 191 18 776 209 19 777 189 19 778 188 19 779 200 60 780 193 60 781 191 60 782 197 17 783 190 17 784 193 17 785 195 19 786 188 19 787 190 19 788 205 74 789 203 74 790 196 74 791 202 62 792 194 62 793 196 62 794 206 19 795 214 19 796 215 19 797 210 18 798 216 18 799 214 18 800 211 21 801 217 21 802 216 21 803</p>
        </triangles>
      </mesh>
    </geometry>
    <geometry id="Railing-mesh" name="Railing">
      <mesh>
        <source id="Railing-mesh-positions">
          <float_array id="Railing-mesh-positions-array" count="654">0.03436917 0.8520123 -0.3184531 0.03436917 0.8520123 0.5133016 0.01505535 0.8682186 -0.3184531 0.01505535 0.8682186 0.5133016 0.05057543 0.8713262 -0.3184531 0.05057543 0.8713262 0.5133016 0.03126162 0.8875324 -0.3184531 0.03126162 0.8875324 0.5133016 -0.1396791 0.8520123 -0.3184531 -0.1396791 0.8520123 0.5133016 -0.158993 0.8682186 -0.3184531 -0.158993 0.8682186 0.5133016 -0.1234729 0.8713262 -0.3184531 -0.1234729 0.8713262 0.5133016 -0.1427867 0.8875324 -0.3184531 -0.1427867 0.8875324 0.5133016 -0.3137276 0.8520123 -0.3184531 -0.3137276 0.8520123 0.5133016 -0.3330414 0.8682186 -0.3184531 -0.3330414 0.8682186 0.5133016 -0.2975213 0.8713262 -0.3184531 -0.2975213 0.8713262 0.5133016 -0.3168351 0.8875324 -0.3184531 -0.3168351 0.8875324 0.5133016 -0.4877759 0.8520123 -0.3184531 -0.4877759 0.8520123 0.5133016 -0.5070897 0.8682186 -0.3184531 -0.5070897 0.8682186 0.5133016 -0.4715697 0.8713262 -0.3184531 -0.4715697 0.8713262 0.5133016 -0.4908835 0.8875324 -0.3184531 -0.4908835 0.8875324 0.5133016 -0.6618243 0.8520123 -0.3184531 -0.6618243 0.8520123 0.5133016 -0.6811381 0.8682186 -0.3184531 -0.6811381 0.8682186 0.5133016 -0.645618 0.8713262 -0.3184531 -0.645618 0.8713262 0.5133016 -0.6649318 0.8875324 -0.3184531 -0.6649318 0.8875324 0.5133016 0.1526642 0.8472931 -0.5147637 0.1526642 0.8472931 0.5016582 0.1526642 0.8901842 -0.5147637 0.1526642 0.8901842 0.5016582 0.1955553 0.8472931 -0.5147637 0.1955553 0.8472931 0.5016582 0.1955553 0.8901842 -0.5147637 0.1955553 0.8901842 0.5016582 0.1526642 0.8472931 0.5292461 0.1526642 0.8901842 0.5292461 0.1955553 0.8901842 0.5292461 0.1955553 0.8472931 0.5292461 0.1526642 -0.5304952 -0.5147637 0.1526642 -0.5304952 0.5016582 0.1526642 -0.4876042 -0.5147637 0.1526642 -0.4876042 0.5016582 0.1955553 -0.5304952 -0.5147637 0.1955553 -0.5304952 0.5016582 0.1955553 -0.4876042 -0.5147637 0.1955553 -0.4876042 0.5016582 0.1526642 -0.5304952 0.5292462 0.1526642 -0.4876042 0.5292462 0.1955553 -0.4876042 0.5292462 0.1955553 -0.5304952 0.5292462 0.1548197 -1.459563 -0.9379431 0.1548197 -1.459563 0.07847887 0.1548197 -1.416672 -0.9379431 0.1548197 -1.416672 0.07847887 0.1977108 -1.459563 -0.9379431 0.1977108 -1.459563 0.07847887 0.1977108 -1.416672 -0.9379431 0.1977108 -1.416672 0.07847887 0.1548197 -1.459563 0.1060669 0.1548197 -1.416672 0.1060669 0.1977108 -1.416672 0.1060669 0.1977108 -1.459563 0.1060669 -0.8474873 0.8472931 -0.5147637 -0.8474873 0.8472931 0.5016582 -0.8474873 0.8901842 -0.5147637 -0.8474873 0.8901842 0.5016582 -0.8045961 0.8472931 -0.5147637 -0.8045961 0.8472931 0.5016582 -0.8045961 0.8901842 -0.5147637 -0.8045961 0.8901842 0.5016582 -0.8474873 0.8472931 0.5307566 -0.8474873 0.8901842 0.5307566 -0.8045961 0.8901842 0.5292462 -0.8045961 0.8472931 0.5292462 -1.046287 0.8472931 0.5016582 -1.046287 0.8901842 0.5016582 -1.046287 0.8472931 0.5307566 -1.046287 0.8901842 0.5307566 0.1936859 0.6621565 -0.3184531 0.1936859 0.6621565 0.5133016 0.1774796 0.6428427 -0.3184531 0.1774796 0.6428427 0.5133016 0.1743721 0.6783628 -0.3184531 0.1743721 0.6783628 0.5133016 0.1581658 0.659049 -0.3184531 0.1581658 0.659049 0.5133016 0.1936859 0.4881082 -0.3184531 0.1936859 0.4881082 0.5133016 0.1774797 0.4687944 -0.3184531 0.1774797 0.4687944 0.5133016 0.1743721 0.5043144 -0.3184531 0.1743721 0.5043144 0.5133016 0.1581658 0.4850006 -0.3184531 0.1581658 0.4850006 0.5133016 0.193686 0.3140598 -0.3184531 0.193686 0.3140598 0.5133016 0.1774797 0.294746 -0.3184531 0.1774797 0.294746 0.5133016 0.1743721 0.3302661 -0.3184531 0.1743721 0.3302661 0.5133016 0.1581659 0.3109523 -0.3184531 0.1581659 0.3109523 0.5133016 0.193686 0.1400114 -0.3184531 0.193686 0.1400114 0.5133016 0.1774797 0.1206976 -0.3184531 0.1774797 0.1206976 0.5133016 0.1743721 0.1562176 -0.3184531 0.1743721 0.1562176 0.5133016 0.1581659 0.1369038 -0.3184531 0.1581659 0.1369038 0.5133016 0.193686 -0.03403693 -0.3184531 0.193686 -0.03403693 0.5133016 0.1774797 -0.05335074 -0.3184531 0.1774797 -0.05335074 0.5133016 0.1743721 -0.01783066 -0.3184531 0.1743721 -0.01783066 0.5133016 0.1581659 -0.03714448 -0.3184531 0.1581659 -0.03714448 0.5133016 0.193686 -0.2080853 -0.3184531 0.193686 -0.2080853 0.5133016 0.1774797 -0.2273991 -0.3184531 0.1774797 -0.2273991 0.5133016 0.1743721 -0.191879 -0.3184531 0.1743721 -0.191879 0.5133016 0.1581659 -0.2111929 -0.3184531 0.1581659 -0.2111929 0.5133016 0.193686 -0.3821337 -0.3184531 0.193686 -0.3821337 0.5133016 0.1774797 -0.4014475 -0.3184531 0.1774797 -0.4014475 0.5133016 0.1743721 -0.3659274 -0.3184531 0.1743721 -0.3659274 0.5133016 0.1581659 -0.3852412 -0.3184531 0.1581659 -0.3852412 0.5133016 0.1936859 -0.653946 -0.3925278 0.1936859 -0.653946 0.4521087 0.1774796 -0.6732598 -0.3925278 0.1774796 -0.6732598 0.4521087 0.1743721 -0.6377397 -0.3925278 0.1743721 -0.6377397 0.4521087 0.1581658 -0.6570535 -0.3925278 0.1581658 -0.6570535 0.4521087 0.1936859 -0.8279944 -0.4731903 0.1936859 -0.8279944 0.3714464 0.1774797 -0.8473082 -0.4731903 0.1774797 -0.8473082 0.3714464 0.1743721 -0.8117882 -0.4731903 0.1743721 -0.8117882 0.3714464 0.1581658 -0.831102 -0.4731903 0.1581658 -0.831102 0.3714464 0.193686 -1.002043 -0.5538525 0.193686 -1.002043 0.2907841 0.1774797 -1.021357 -0.5538525 0.1774797 -1.021357 0.2907841 0.1743721 -0.9858365 -0.5538525 0.1743721 -0.9858365 0.2907841 0.1581659 -1.00515 -0.5538525 0.1581659 -1.00515 0.2907841 0.193686 -1.176091 -0.6345149 0.193686 -1.176091 0.2101217 0.1774797 -1.195405 -0.6345149 0.1774797 -1.195405 0.2101217 0.1743721 -1.159885 -0.6345149 0.1743721 -1.159885 0.2101217 0.1581659 -1.179198 -0.6345149 0.1581659 -1.179198 0.2101217 0.193686 -1.350139 -0.7151772 0.193686 -1.350139 0.1294594 0.1774797 -1.369453 -0.7151772 0.1774797 -1.369453 0.1294594 0.1743721 -1.333933 -0.7151772 0.1743721 -1.333933 0.1294594 0.1581659 -1.353247 -0.7151772 0.1581659 -1.353247 0.1294594 0.1526642 0.8472931 -0.3448001 0.1526642 0.8901842 -0.3448001 0.1955553 0.8472931 -0.3448001 0.1526642 0.8472931 -0.3172122 0.1526642 0.8901842 -0.3172122 0.1955553 0.8472931 -0.3172122 0.1526642 -0.5304952 -0.3448001 0.1526642 -0.4876042 -0.3448001 0.1955553 -0.5304952 -0.3448001 0.1955553 -0.4876042 -0.3448001 0.1526642 -0.5304952 -0.3172121 0.1526642 -0.4876042 -0.3172121 0.1955553 -0.4876042 -0.3172121 0.1955553 -0.5304952 -0.3172121 0.1548197 -1.416672 -0.7679793 0.1977108 -1.416672 -0.7679793 0.1548197 -1.416672 -0.7403913 0.1977108 -1.416672 -0.7403913 -0.8474873 0.8472931 -0.3448001 -0.8474873 0.8901842 -0.3448001 -0.8045961 0.8472931 -0.3448001 -0.8045961 0.8901842 -0.3448001 -0.8474873 0.8472931 -0.3157017 -0.8474873 0.8901842 -0.3157017 -0.8045961 0.8901842 -0.3172121 -0.8045961 0.8472931 -0.3172121 -1.046287 0.8472931 -0.3448001 -1.046287 0.8901842 -0.3448001 -1.046287 0.8472931 -0.3157017 -1.046287 0.8901842 -0.3157017</float_array>
          <technique_common>
            <accessor source="#Railing-mesh-positions-array" count="218" stride="3">
              <param name="X" type="float"/>
              <param name="Y" type="float"/>
              <param name="Z" type="float"/>
            </accessor>
          </technique_common>
        </source>
        <source id="Railing-mesh-normals">
          <float_array id="Railing-mesh-normals-array" count="225">-0.6427888 -0.7660434 0 -0.7660434 0.6427888 0 0.6427888 0.7660434 0 0.7660436 -0.6427888 0 -0.642789 -0.7660433 0 -0.7660438 0.6427884 0 0.6427887 0.7660436 0 -0.7660431 0.6427892 0 0.642789 0.7660433 0 0.7660438 -0.6427884 0 0.7660431 -0.6427892 0 -0.6427904 -0.7660422 0 -0.7660417 0.6427909 0 0.6427876 0.7660445 0 0.7660446 -0.6427876 0 -1 0 0 0 1 0 1 0 0 0 -1 0 0 0 -1 0 0 1 0 0 1 0 -0.4309214 0.9023895 -0.9999971 -0.002432525 0 0.0351969 0 0.9993804 0 0 1 1 0 0 0.9999971 0.002432942 0 0 0.4309214 -0.9023896 0.6427884 0.766044 0 -0.6427884 -0.766044 0 0.766044 -0.6427884 0 -0.6427885 -0.7660437 0 -0.766044 0.6427884 0 0.6427885 0.7660437 0 0.7660431 -0.6427891 0 -0.6427879 -0.7660443 0 -0.7660431 0.6427891 0 0.6427893 0.7660432 0 -0.6427885 -0.7660437 0 -0.7660449 0.6427872 0 0.6427906 0.7660421 0 0.7660433 -0.6427891 0 -0.766044 0.6427883 0 0.766044 -0.6427883 0 -0.6427886 -0.7660437 0 0.6427886 0.7660437 0 -0.9999971 -0.002431929 0 1 0 0 0.9999971 0.002432346 0 0 0.430921 -0.9023897 -0.6427888 -0.7660436 0 -0.7660436 0.6427888 0 -0.7660446 0.6427876 0 -0.6427876 -0.7660445 0 0.6427904 0.7660422 0 0.7660417 -0.6427909 0 0 -0.4309214 0.9023896 -0.9999971 -0.002432405 0 0.03519082 0 0.9993807 0 0 1 0.9999971 0.002431929 0 0 0.4309214 -0.9023895 -0.6427892 -0.7660432 0 0.6427892 0.7660432 0 0.7660446 -0.6427875 0 0.6427885 0.7660437 0 -0.6427893 -0.7660432 0 -0.7660442 0.642788 0 0.6427899 0.7660427 0 -0.7660433 0.6427891 0 0 0 1 0 -0.430921 0.9023897 -0.9999971 -0.002432703 0 0.9999971 0.002432525 0</float_array>
          <technique_common>
            <accessor source="#Railing-mesh-normals-array" count="75" stride="3">
              <param name="X" type="float"/>
              <param name="Y" type="float"/>
              <param name="Z" type="float"/>
            </accessor>
          </technique_common>
        </source>
        <source id="Railing-mesh-map-0">
          <float_array id="Railing-mesh-map-0-array" count="1608">0.8234356 1.005539 0.8098158 0.4190032 0.8234356 0.4190032 1.313007 1.005539 1.326626 0.4190032 1.313007 0.4190032 0.8212441 1.005539 0.8348638 0.4190032 0.8212441 0.4190032 1.315198 1.005539 1.301578 0.4190032 1.315198 0.4190032 0.7007003 1.005539 0.6870805 0.4190032 0.7007003 0.4190032 1.313007 1.005539 1.326626 0.4190032 1.313007 0.4190032 0.6985089 1.005539 0.7121286 0.4190032 0.6985089 0.4190032 1.315198 1.005539 1.301578 0.4190032 1.315198 0.4190032 0.577965 1.005539 0.5643453 0.4190032 0.577965 0.4190032 1.313007 1.005539 1.326626 0.4190032 1.313007 0.4190032 0.5757736 1.005539 0.5893933 0.4190032 0.5757736 0.4190032 1.315198 1.005539 1.301578 0.4190032 1.315198 0.4190032 0.4552297 1.005539 0.44161 0.4190032 0.4552297 0.4190032 1.313007 1.005539 1.326626 0.4190032 1.313007 0.4190032 0.4530383 1.005539 0.466658 0.4190032 0.4530383 0.4190032 1.315198 1.005539 1.301578 0.4190032 1.315198 0.4190032 0.3324944 1.005539 0.3188748 0.4190032 0.3324944 0.4190032 1.313007 1.005539 1.326626 0.4190032 1.313007 0.4190032 0.3303031 1.005539 0.3439228 0.4190032 0.3303031 0.4190032 1.315198 1.005539 1.301578 0.4190032 1.315198 0.4190032 1.29825 0.9973284 1.328496 0.2805691 1.29825 0.2805691 0.9068547 0.9973284 0.9371005 0.2805691 0.9068547 0.2805691 1.328496 0.9973284 1.29825 0.2805691 1.328496 0.2805691 0.9371005 0.9973284 0.9068547 0.2805691 0.9371005 0.2805691 0.9371005 1.328496 0.9068547 1.29825 0.9068547 1.328496 0.2318148 1.29825 0.9068547 1.328496 0.2318148 1.328496 0.9068547 1.328496 0.9371005 1.29825 0.9371005 1.328496 0.9068547 0.9973284 0.9371005 1.016783 0.9371005 0.9973284 1.328496 0.9973284 1.29825 1.016783 1.29825 0.9973284 0.326663 0.9973284 0.3569088 0.2805691 0.326663 0.2805691 0.9068547 0.9973284 0.9371005 0.2805691 0.9068547 0.2805691 0.3569088 0.9973284 0.326663 0.2805691 0.3569088 0.2805691 0.9371005 0.9973284 0.9068547 0.2805691 0.9371005 0.2805691 0.9371005 0.3569088 0.9068547 0.326663 0.9068547 0.3569088 0.9083747 -0.2982504 0.9371005 0.326663 0.9068547 0.326663 0.9068547 0.3569088 0.9371005 0.326663 0.9371005 0.3569088 0.3569088 1.016783 1.29825 0.9973284 0.3569088 0.9973284 0.3569088 0.9973284 0.326663 1.016783 0.326663 0.9973284 0.326663 0.9973284 0.3569088 1.016783 0.3569088 0.9973284 -0.3284963 0.6989113 -0.2982504 -0.01784807 -0.3284963 -0.01784807 0.9083747 0.6989113 0.9386206 -0.01784807 0.9083747 -0.01784807 -0.2982504 0.6989113 -0.3284963 -0.01784807 -0.2982504 -0.01784807 0.9386206 0.6989113 0.9083747 -0.01784807 0.9386206 -0.01784807 0.9386206 -0.2982504 0.9083747 -0.3284963 0.9083747 -0.2982504 -0.2982504 0.6989113 -0.3284963 0.7183659 -0.3284963 0.6989113 0.9083747 -0.2982504 0.9386206 -0.3284963 0.9386206 -0.2982504 -0.3284963 0.6989113 -0.2982504 0.7183659 -0.2982504 0.6989113 0.9386206 0.6989113 0.9083747 0.7183659 0.9083747 0.6989113 -0.2982504 0.7183659 0.326663 0.9973284 -0.2982504 0.6989113 1.29825 0.9973284 1.328496 0.2805691 1.29825 0.2805691 0.2015688 0.9973284 0.2318148 0.2805691 0.2015688 0.2805691 1.328496 0.9973284 1.29825 0.2805691 1.328496 0.2805691 0.2318148 0.9973284 0.2015688 0.2805691 0.2318148 0.2805691 0.2318148 1.328496 0.2015688 1.29825 0.2015688 1.328496 0.2015688 0.9973284 0.06137937 1.017848 0.2015688 1.017848 0.2015688 1.328496 0.2318148 1.29825 0.2318148 1.328496 0.2015688 0.9973284 0.2318148 1.016783 0.2015688 1.017848 0.2015688 0.9973284 0.2318148 1.016783 0.2318148 0.9973284 0.2318148 1.016783 0.9068547 0.9973284 0.2318148 0.9973284 0.2318148 0.9973284 0.9068547 1.016783 0.2318148 1.016783 0.2318148 1.328496 0.9068547 1.29825 0.2318148 1.29825 0.9371005 0.3569088 0.9068547 1.29825 0.9068547 0.3569088 0.3569088 0.9973284 1.29825 1.016783 0.3569088 1.016783 0.9068547 0.3569088 0.9371005 1.29825 0.9371005 0.3569088 -0.2982504 0.7183659 0.326663 0.9973284 0.326663 1.016783 0.9083747 -0.2982504 0.9371005 0.326663 0.9386206 -0.2982504 1.29825 0.9973284 1.328496 1.017848 1.328496 0.9973284 0.2015688 1.29825 0.06137937 1.328496 0.2015688 1.328496 0.2015688 1.017848 0.06137937 0.9973284 0.2015688 0.9973284 0.2015688 1.328496 0.06137937 1.29825 0.2015688 1.29825 1.167696 1.005539 1.154076 0.4190032 1.167696 0.4190032 0.924354 1.005539 0.9107343 0.4190032 0.924354 0.4190032 1.165505 1.005539 1.179124 0.4190032 1.165505 0.4190032 0.9221626 1.005539 0.9357824 0.4190032 0.9221626 0.4190032 1.044961 1.005539 1.031341 0.4190032 1.044961 0.4190032 0.924354 1.005539 0.9107343 0.4190032 0.924354 0.4190032 1.042769 1.005539 1.056389 0.4190032 1.042769 0.4190032 0.9221626 1.005539 0.9357824 0.4190032 0.9221626 0.4190032 0.9222255 1.005539 0.9086057 0.4190032 0.9222255 0.4190032 0.924354 1.005539 0.9107343 0.4190032 0.924354 0.4190032 0.9200341 1.005539 0.9336538 0.4190032 0.9200341 0.4190032 0.9221626 1.005539 0.9357824 0.4190032 0.9221626 0.4190032 0.7994901 1.005539 0.7858706 0.4190032 0.7994901 0.4190032 0.924354 1.005539 0.9107343 0.4190032 0.924354 0.4190032 0.7972988 1.005539 0.8109185 0.4190032 0.7972988 0.4190032 0.9221626 1.005539 0.9357824 0.4190032 0.9221626 0.4190032 0.676755 1.005539 0.6631352 0.4190032 0.676755 0.4190032 0.924354 1.005539 0.9107343 0.4190032 0.924354 0.4190032 0.6745637 1.005539 0.6881832 0.4190032 0.6745637 0.4190032 0.9221626 1.005539 0.9357824 0.4190032 0.9221626 0.4190032 0.5540196 1.005539 0.5404 0.4190032 0.5540196 0.4190032 0.9243541 1.005539 0.9107343 0.4190032 0.9243541 0.4190032 0.5518282 1.005539 0.565448 0.4190032 0.5518282 0.4190032 0.9221626 1.005539 0.9357824 0.4190032 0.9221626 0.4190032 0.4312844 1.005539 0.4176647 0.4190032 0.4312844 0.4190032 0.9243541 1.005539 0.9107343 0.4190032 0.9243541 0.4190032 0.4290931 1.005539 0.4427127 0.4190032 0.4290931 0.4190032 0.9221627 1.005539 0.9357824 0.4190032 0.9221627 0.4190032 0.2396081 0.9623872 0.2259883 0.3667672 0.2396081 0.3667672 0.924354 0.9623872 0.9107343 0.3667672 0.924354 0.3667672 0.2374167 0.9623872 0.2510364 0.3667672 0.2374167 0.3667672 0.9221626 0.9623872 0.9357824 0.3667672 0.9221626 0.3667672 0.1168727 0.9055059 0.103253 0.3098858 0.1168727 0.3098858 0.924354 0.9055059 0.9107343 0.3098858 0.924354 0.3098858 0.1146814 0.9055059 0.128301 0.3098858 0.1146814 0.3098858 0.9221626 0.9055059 0.9357824 0.3098858 0.9221626 0.3098858 -0.005862474 0.8486245 -0.01948213 0.2530045 -0.005862474 0.2530045 0.924354 0.8486245 0.9107343 0.2530045 0.924354 0.2530045 -0.008053839 0.8486245 0.005565881 0.2530045 -0.008053839 0.2530045 0.9221626 0.8486245 0.9357824 0.2530045 0.9221626 0.2530045 -0.1285975 0.791743 -0.1422172 0.1961231 -0.1285975 0.1961231 0.924354 0.791743 0.9107343 0.1961231 0.924354 0.1961231 -0.1307889 0.791743 -0.1171692 0.1961231 -0.1307889 0.1961231 0.9221626 0.791743 0.9357824 0.1961231 0.9221626 0.1961231 -0.2513329 0.7348617 -0.2649526 0.1392416 -0.2513329 0.1392416 0.924354 0.7348617 0.9107343 0.1392416 0.924354 0.1392416 -0.2535243 0.7348617 -0.2399045 0.1392416 -0.2535243 0.1392416 0.9221626 0.7348617 0.9357824 0.1392416 0.9221626 0.1392416 0.2318148 1.29825 0.9068547 1.328496 0.2318148 1.328496 0.9083747 -0.2982504 0.9371005 0.326663 0.9068547 0.326663 0.3569088 0.4198783 1.29825 0.4004238 0.3569088 0.4004238 -0.2982504 0.1214612 0.326663 0.4004238 -0.2982504 0.1020067 0.2015688 0.4004238 0.06137937 0.4209435 0.2015688 0.4209435 0.2318148 0.4198783 0.9068547 0.4004238 0.2318148 0.4004238 0.2318148 0.4004238 0.9068547 0.4198783 0.2318148 0.4198783 0.2318148 1.328496 0.9068547 1.29825 0.2318148 1.29825 0.9371005 0.3569088 0.9068547 1.29825 0.9068547 0.3569088 0.3569088 0.4004238 1.29825 0.4198783 0.3569088 0.4198783 0.9068547 0.3569088 0.9371005 1.29825 0.9371005 0.3569088 -0.2982504 0.1214612 0.326663 0.4004238 0.326663 0.4198783 0.9083747 -0.2982504 0.9371005 0.326663 0.9386206 -0.2982504 0.2015688 1.29825 0.06137937 1.328496 0.2015688 1.328496 0.2015688 0.4209435 0.06137937 0.4004238 0.2015688 0.4004238 0.2015688 1.328496 0.06137937 1.29825 0.2015688 1.29825 0.8234356 1.005539 0.8098158 1.005539 0.8098158 0.4190032 1.313007 1.005539 1.326626 1.005539 1.326626 0.4190032 0.8212441 1.005539 0.8348638 1.005539 0.8348638 0.4190032 1.315198 1.005539 1.301578 1.005539 1.301578 0.4190032 0.7007003 1.005539 0.6870805 1.005539 0.6870805 0.4190032 1.313007 1.005539 1.326626 1.005539 1.326626 0.4190032 0.6985089 1.005539 0.7121286 1.005539 0.7121286 0.4190032 1.315198 1.005539 1.301578 1.005539 1.301578 0.4190032 0.577965 1.005539 0.5643453 1.005539 0.5643453 0.4190032 1.313007 1.005539 1.326626 1.005539 1.326626 0.4190032 0.5757736 1.005539 0.5893933 1.005539 0.5893933 0.4190032 1.315198 1.005539 1.301578 1.005539 1.301578 0.4190032 0.4552297 1.005539 0.44161 1.005539 0.44161 0.4190032 1.313007 1.005539 1.326626 1.005539 1.326626 0.4190032 0.4530383 1.005539 0.466658 1.005539 0.466658 0.4190032 1.315198 1.005539 1.301578 1.005539 1.301578 0.4190032 0.3324944 1.005539 0.3188748 1.005539 0.3188748 0.4190032 1.313007 1.005539 1.326626 1.005539 1.326626 0.4190032 0.3303031 1.005539 0.3439228 1.005539 0.3439228 0.4190032 1.315198 1.005539 1.301578 1.005539 1.301578 0.4190032 1.29825 0.9973284 1.328496 0.9973284 1.328496 0.2805691 0.9068547 0.9973284 0.9371005 0.9973284 0.9371005 0.2805691 1.328496 0.9973284 1.29825 0.9973284 1.29825 0.2805691 0.9371005 0.9973284 0.9068547 0.9973284 0.9068547 0.2805691 0.9371005 1.328496 0.9371005 1.29825 0.9068547 1.29825 0.2318148 1.29825 0.9068547 1.29825 0.9068547 1.328496 0.9068547 1.328496 0.9068547 1.29825 0.9371005 1.29825 0.9068547 0.9973284 0.9068547 1.016783 0.9371005 1.016783 1.328496 0.9973284 1.328496 1.016783 1.29825 1.016783 0.326663 0.9973284 0.3569088 0.9973284 0.3569088 0.2805691 0.9068547 0.9973284 0.9371005 0.9973284 0.9371005 0.2805691 0.3569088 0.9973284 0.326663 0.9973284 0.326663 0.2805691 0.9371005 0.9973284 0.9068547 0.9973284 0.9068547 0.2805691 0.9371005 0.3569088 0.9371005 0.326663 0.9068547 0.326663 0.9083747 -0.2982504 0.9386206 -0.2982504 0.9371005 0.326663 0.9068547 0.3569088 0.9068547 0.326663 0.9371005 0.326663 0.3569088 1.016783 1.29825 1.016783 1.29825 0.9973284 0.3569088 0.9973284 0.3569088 1.016783 0.326663 1.016783 0.326663 0.9973284 0.326663 1.016783 0.3569088 1.016783 -0.3284963 0.6989113 -0.2982504 0.6989113 -0.2982504 -0.01784807 0.9083747 0.6989113 0.9386206 0.6989113 0.9386206 -0.01784807 -0.2982504 0.6989113 -0.3284963 0.6989113 -0.3284963 -0.01784807 0.9386206 0.6989113 0.9083747 0.6989113 0.9083747 -0.01784807 0.9386206 -0.2982504 0.9386206 -0.3284963 0.9083747 -0.3284963 -0.2982504 0.6989113 -0.2982504 0.7183659 -0.3284963 0.7183659 0.9083747 -0.2982504 0.9083747 -0.3284963 0.9386206 -0.3284963 -0.3284963 0.6989113 -0.3284963 0.7183659 -0.2982504 0.7183659 0.9386206 0.6989113 0.9386206 0.7183659 0.9083747 0.7183659 -0.2982504 0.7183659 0.326663 1.016783 0.326663 0.9973284 1.29825 0.9973284 1.328496 0.9973284 1.328496 0.2805691 0.2015688 0.9973284 0.2318148 0.9973284 0.2318148 0.2805691 1.328496 0.9973284 1.29825 0.9973284 1.29825 0.2805691 0.2318148 0.9973284 0.2015688 0.9973284 0.2015688 0.2805691 0.2318148 1.328496 0.2318148 1.29825 0.2015688 1.29825 0.2015688 0.9973284 0.06137937 0.9973284 0.06137937 1.017848 0.2015688 1.328496 0.2015688 1.29825 0.2318148 1.29825 0.2015688 0.9973284 0.2318148 0.9973284 0.2318148 1.016783 0.2015688 0.9973284 0.2015688 1.017848 0.2318148 1.016783 0.2318148 1.016783 0.9068547 1.016783 0.9068547 0.9973284 0.2318148 0.9973284 0.9068547 0.9973284 0.9068547 1.016783 0.2318148 1.328496 0.9068547 1.328496 0.9068547 1.29825 0.9371005 0.3569088 0.9371005 1.29825 0.9068547 1.29825 0.3569088 0.9973284 1.29825 0.9973284 1.29825 1.016783 0.9068547 0.3569088 0.9068547 1.29825 0.9371005 1.29825 -0.2982504 0.7183659 -0.2982504 0.6989113 0.326663 0.9973284 0.9083747 -0.2982504 0.9068547 0.326663 0.9371005 0.326663 1.29825 0.9973284 1.29825 1.017848 1.328496 1.017848 0.2015688 1.29825 0.06137937 1.29825 0.06137937 1.328496 0.2015688 1.017848 0.06137937 1.017848 0.06137937 0.9973284 0.2015688 1.328496 0.06137937 1.328496 0.06137937 1.29825 1.167696 1.005539 1.154076 1.005539 1.154076 0.4190032 0.924354 1.005539 0.9107343 1.005539 0.9107343 0.4190032 1.165505 1.005539 1.179124 1.005539 1.179124 0.4190032 0.9221626 1.005539 0.9357824 1.005539 0.9357824 0.4190032 1.044961 1.005539 1.031341 1.005539 1.031341 0.4190032 0.924354 1.005539 0.9107343 1.005539 0.9107343 0.4190032 1.042769 1.005539 1.056389 1.005539 1.056389 0.4190032 0.9221626 1.005539 0.9357824 1.005539 0.9357824 0.4190032 0.9222255 1.005539 0.9086057 1.005539 0.9086057 0.4190032 0.924354 1.005539 0.9107343 1.005539 0.9107343 0.4190032 0.9200341 1.005539 0.9336538 1.005539 0.9336538 0.4190032 0.9221626 1.005539 0.9357824 1.005539 0.9357824 0.4190032 0.7994901 1.005539 0.7858706 1.005539 0.7858706 0.4190032 0.924354 1.005539 0.9107343 1.005539 0.9107343 0.4190032 0.7972988 1.005539 0.8109185 1.005539 0.8109185 0.4190032 0.9221626 1.005539 0.9357824 1.005539 0.9357824 0.4190032 0.676755 1.005539 0.6631352 1.005539 0.6631352 0.4190032 0.924354 1.005539 0.9107343 1.005539 0.9107343 0.4190032 0.6745637 1.005539 0.6881832 1.005539 0.6881832 0.4190032 0.9221626 1.005539 0.9357824 1.005539 0.9357824 0.4190032 0.5540196 1.005539 0.5404 1.005539 0.5404 0.4190032 0.9243541 1.005539 0.9107343 1.005539 0.9107343 0.4190032 0.5518282 1.005539 0.565448 1.005539 0.565448 0.4190032 0.9221626 1.005539 0.9357824 1.005539 0.9357824 0.4190032 0.4312844 1.005539 0.4176647 1.005539 0.4176647 0.4190032 0.9243541 1.005539 0.9107343 1.005539 0.9107343 0.4190032 0.4290931 1.005539 0.4427127 1.005539 0.4427127 0.4190032 0.9221627 1.005539 0.9357824 1.005539 0.9357824 0.4190032 0.2396081 0.9623872 0.2259883 0.9623872 0.2259883 0.3667672 0.924354 0.9623872 0.9107343 0.9623872 0.9107343 0.3667672 0.2374167 0.9623872 0.2510364 0.9623872 0.2510364 0.3667672 0.9221626 0.9623872 0.9357824 0.9623872 0.9357824 0.3667672 0.1168727 0.9055059 0.103253 0.9055059 0.103253 0.3098858 0.924354 0.9055059 0.9107343 0.9055059 0.9107343 0.3098858 0.1146814 0.9055059 0.128301 0.9055059 0.128301 0.3098858 0.9221626 0.9055059 0.9357824 0.9055059 0.9357824 0.3098858 -0.005862474 0.8486245 -0.01948213 0.8486245 -0.01948213 0.2530045 0.924354 0.8486245 0.9107343 0.8486245 0.9107343 0.2530045 -0.008053839 0.8486245 0.005565881 0.8486245 0.005565881 0.2530045 0.9221626 0.8486245 0.9357824 0.8486245 0.9357824 0.2530045 -0.1285975 0.791743 -0.1422172 0.791743 -0.1422172 0.1961231 0.924354 0.791743 0.9107343 0.791743 0.9107343 0.1961231 -0.1307889 0.791743 -0.1171692 0.791743 -0.1171692 0.1961231 0.9221626 0.791743 0.9357824 0.791743 0.9357824 0.1961231 -0.2513329 0.7348617 -0.2649526 0.7348617 -0.2649526 0.1392416 0.924354 0.7348617 0.9107343 0.7348617 0.9107343 0.1392416 -0.2535243 0.7348617 -0.2399045 0.7348617 -0.2399045 0.1392416 0.9221626 0.7348617 0.9357824 0.7348617 0.9357824 0.1392416 0.2318148 1.29825 0.9068547 1.29825 0.9068547 1.328496 0.9083747 -0.2982504 0.9386206 -0.2982504 0.9371005 0.326663 0.3569088 0.4198783 1.29825 0.4198783 1.29825 0.4004238 -0.2982504 0.1214612 0.326663 0.4198783 0.326663 0.4004238 0.2015688 0.4004238 0.06137937 0.4004238 0.06137937 0.4209435 0.2318148 0.4198783 0.9068547 0.4198783 0.9068547 0.4004238 0.2318148 0.4004238 0.9068547 0.4004238 0.9068547 0.4198783 0.2318148 1.328496 0.9068547 1.328496 0.9068547 1.29825 0.9371005 0.3569088 0.9371005 1.29825 0.9068547 1.29825 0.3569088 0.4004238 1.29825 0.4004238 1.29825 0.4198783 0.9068547 0.3569088 0.9068547 1.29825 0.9371005 1.29825 -0.2982504 0.1214612 -0.2982504 0.1020067 0.326663 0.4004238 0.9083747 -0.2982504 0.9068547 0.326663 0.9371005 0.326663 0.2015688 1.29825 0.06137937 1.29825 0.06137937 1.328496 0.2015688 0.4209435 0.06137937 0.4209435 0.06137937 0.4004238 0.2015688 1.328496 0.06137937 1.328496 0.06137937 1.29825</float_array>
          <technique_common>
            <accessor source="#Railing-mesh-map-0-array" count="804" stride="2">
              <param name="S" type="float"/>
              <param name="T" type="float"/>
            </accessor>
          </technique_common>
        </source>
        <vertices id="Railing-mesh-vertices">
          <input semantic="POSITION" source="#Railing-mesh-positions"/>
        </vertices>
        <triangles material="Metal_01-material" count="268">
          <input semantic="VERTEX" source="#Railing-mesh-vertices" offset="0"/>
          <input semantic="NORMAL" source="#Railing-mesh-normals" offset="1"/>
          <input semantic="TEXCOORD" source="#Railing-mesh-map-0" offset="2" set="0"/>
          <p>1 0 0 2 0 1 0 0 2 3 1 3 6 1 4 2 1 5 7 2 6 4 2 7 6 2 8 5 3 9 0 3 10 4 3 11 9 4 12 10 4 13 8 4 14 11 5 15 14 5 16 10 5 17 15 6 18 12 6 19 14 6 20 13 3 21 8 3 22 12 3 23 17 4 24 18 4 25 16 4 26 19 7 27 22 7 28 18 7 29 23 8 30 20 8 31 22 8 32 21 9 33 16 9 34 20 9 35 25 4 36 26 4 37 24 4 38 27 7 39 30 7 40 26 7 41 31 8 42 28 8 43 30 8 44 29 10 45 24 10 46 28 10 47 33 11 48 34 11 49 32 11 50 35 12 51 38 12 52 34 12 53 39 13 54 36 13 55 38 13 56 37 14 57 32 14 58 36 14 59 41 15 60 42 15 61 40 15 62 43 16 63 46 16 64 42 16 65 47 17 66 44 17 67 46 17 68 45 18 69 40 18 70 44 18 71 46 19 72 40 19 73 42 19 74 87 20 75 49 20 76 86 20 77 49 21 78 51 21 79 50 21 80 43 16 81 50 16 82 47 16 83 47 17 84 51 17 85 45 17 86 53 15 87 54 15 88 52 15 89 55 16 90 58 16 91 54 16 92 59 17 93 56 17 94 58 17 95 57 18 96 52 18 97 56 18 98 58 19 99 52 19 100 54 19 101 73 22 102 63 22 103 60 22 104 61 21 105 63 21 106 62 21 107 61 15 108 41 15 109 55 15 110 59 17 111 63 17 112 57 17 113 53 15 114 61 15 115 55 15 116 65 15 117 66 15 118 64 15 119 67 16 120 70 16 121 66 16 122 71 17 123 68 17 124 70 17 125 69 18 126 64 18 127 68 18 128 70 19 129 64 19 130 66 19 131 71 17 132 75 17 133 69 17 134 73 21 135 75 21 136 74 21 137 65 15 138 73 15 139 67 15 140 69 18 141 72 18 142 65 18 143 73 23 144 53 23 145 67 23 146 77 15 147 78 15 148 76 15 149 79 16 150 82 16 151 78 16 152 83 17 153 80 17 154 82 17 155 81 18 156 76 18 157 80 18 158 82 19 159 76 19 160 78 19 161 79 16 162 91 16 163 85 16 164 85 24 165 87 24 166 86 24 167 77 18 168 87 18 169 84 18 170 79 16 171 86 16 172 83 16 173 86 16 174 43 16 175 83 16 176 81 18 177 48 18 178 87 18 179 83 19 180 41 19 181 81 19 182 62 25 183 48 25 184 61 25 185 59 26 186 51 26 187 62 26 188 55 19 189 45 19 190 59 19 191 74 27 192 57 27 193 63 27 194 67 28 195 57 28 196 71 28 197 88 15 198 91 15 199 89 15 200 77 19 201 89 19 202 79 19 203 84 18 204 88 18 205 77 18 206 85 21 207 90 21 208 84 21 209 93 10 210 94 10 211 92 10 212 95 4 213 98 4 214 94 4 215 99 7 216 96 7 217 98 7 218 97 29 219 92 29 220 96 29 221 101 10 222 102 10 223 100 10 224 103 30 225 106 30 226 102 30 227 107 7 228 104 7 229 106 7 230 105 29 231 100 29 232 104 29 233 109 10 234 110 10 235 108 10 236 111 30 237 114 30 238 110 30 239 115 7 240 112 7 241 114 7 242 113 29 243 108 29 244 112 29 245 117 10 246 118 10 247 116 10 248 119 30 249 122 30 250 118 30 251 123 7 252 120 7 253 122 7 254 121 29 255 116 29 256 120 29 257 125 10 258 126 10 259 124 10 260 127 30 261 130 30 262 126 30 263 131 7 264 128 7 265 130 7 266 129 8 267 124 8 268 128 8 269 133 10 270 134 10 271 132 10 272 135 30 273 138 30 274 134 30 275 139 7 276 136 7 277 138 7 278 137 8 279 132 8 280 136 8 281 141 9 282 142 9 283 140 9 284 143 4 285 146 4 286 142 4 287 147 5 288 144 5 289 146 5 290 145 8 291 140 8 292 144 8 293 149 31 294 150 31 295 148 31 296 151 32 297 154 32 298 150 32 299 155 33 300 152 33 301 154 33 302 153 34 303 148 34 304 152 34 305 157 35 306 158 35 307 156 35 308 159 36 309 162 36 310 158 36 311 163 37 312 160 37 313 162 37 314 161 38 315 156 38 316 160 38 317 165 35 318 166 35 319 164 35 320 167 39 321 170 39 322 166 39 323 171 40 324 168 40 325 170 40 326 169 41 327 164 41 328 168 41 329 173 42 330 174 42 331 172 42 332 175 32 333 178 32 334 174 32 335 179 43 336 176 43 337 178 43 338 177 34 339 172 34 340 176 34 341 181 44 342 182 44 343 180 44 344 183 45 345 186 45 346 182 45 347 187 43 348 184 43 349 186 43 350 185 46 351 180 46 352 184 46 353 213 20 354 192 20 355 212 20 356 204 22 357 201 22 358 198 22 359 199 15 360 188 15 361 195 15 362 204 47 363 194 47 364 202 47 365 207 16 366 217 16 367 211 16 368 212 16 369 189 16 370 209 16 371 208 18 372 191 18 373 213 18 374 209 19 375 188 19 376 208 19 377 200 25 378 191 25 379 199 25 380 197 48 381 193 48 382 200 48 383 195 19 384 190 19 385 197 19 386 205 49 387 196 49 388 201 49 389 202 50 390 196 50 391 203 50 392 206 19 393 215 19 394 207 19 395 210 18 396 214 18 397 206 18 398 211 21 399 216 21 400 210 21 401 1 51 402 3 51 403 2 51 404 3 52 405 7 52 406 6 52 407 7 2 408 5 2 409 4 2 410 5 3 411 1 3 412 0 3 413 9 4 414 11 4 415 10 4 416 11 52 417 15 52 418 14 52 419 15 8 420 13 8 421 12 8 422 13 3 423 9 3 424 8 3 425 17 4 426 19 4 427 18 4 428 19 53 429 23 53 430 22 53 431 23 29 432 21 29 433 20 29 434 21 10 435 17 10 436 16 10 437 25 4 438 27 4 439 26 4 440 27 7 441 31 7 442 30 7 443 31 8 444 29 8 445 28 8 446 29 10 447 25 10 448 24 10 449 33 54 450 35 54 451 34 54 452 35 53 453 39 53 454 38 53 455 39 55 456 37 55 457 36 55 458 37 56 459 33 56 460 32 56 461 41 15 462 43 15 463 42 15 464 43 16 465 47 16 466 46 16 467 47 17 468 45 17 469 44 17 470 45 18 471 41 18 472 40 18 473 46 19 474 44 19 475 40 19 476 87 21 477 48 21 478 49 21 479 49 21 480 48 21 481 51 21 482 43 16 483 49 16 484 50 16 485 47 17 486 50 17 487 51 17 488 53 15 489 55 15 490 54 15 491 55 16 492 59 16 493 58 16 494 59 17 495 57 17 496 56 17 497 57 18 498 53 18 499 52 18 500 58 19 501 56 19 502 52 19 503 73 57 504 74 57 505 63 57 506 61 21 507 60 21 508 63 21 509 61 15 510 48 15 511 41 15 512 59 17 513 62 17 514 63 17 515 53 15 516 60 15 517 61 15 518 65 15 519 67 15 520 66 15 521 67 16 522 71 16 523 70 16 524 71 17 525 69 17 526 68 17 527 69 18 528 65 18 529 64 18 530 70 19 531 68 19 532 64 19 533 71 17 534 74 17 535 75 17 536 73 21 537 72 21 538 75 21 539 65 15 540 72 15 541 73 15 542 69 18 543 75 18 544 72 18 545 73 58 546 60 58 547 53 58 548 77 15 549 79 15 550 78 15 551 79 16 552 83 16 553 82 16 554 83 17 555 81 17 556 80 17 557 81 18 558 77 18 559 76 18 560 82 19 561 80 19 562 76 19 563 79 16 564 89 16 565 91 16 566 85 59 567 84 59 568 87 59 569 77 18 570 81 18 571 87 18 572 79 16 573 85 16 574 86 16 575 86 16 576 49 16 577 43 16 578 81 18 579 41 18 580 48 18 581 83 19 582 43 19 583 41 19 584 62 60 585 51 60 586 48 60 587 59 17 588 45 17 589 51 17 590 55 19 591 41 19 592 45 19 593 74 61 594 71 61 595 57 61 596 67 62 597 53 62 598 57 62 599 88 15 600 90 15 601 91 15 602 77 19 603 88 19 604 89 19 605 84 18 606 90 18 607 88 18 608 85 21 609 91 21 610 90 21 611 93 9 612 95 9 613 94 9 614 95 30 615 99 30 616 98 30 617 99 5 618 97 5 619 96 5 620 97 8 621 93 8 622 92 8 623 101 14 624 103 14 625 102 14 626 103 30 627 107 30 628 106 30 629 107 5 630 105 5 631 104 5 632 105 8 633 101 8 634 100 8 635 109 9 636 111 9 637 110 9 638 111 4 639 115 4 640 114 4 641 115 5 642 113 5 643 112 5 644 113 8 645 109 8 646 108 8 647 117 9 648 119 9 649 118 9 650 119 4 651 123 4 652 122 4 653 123 53 654 121 53 655 120 53 656 121 29 657 117 29 658 116 29 659 125 9 660 127 9 661 126 9 662 127 4 663 131 4 664 130 4 665 131 5 666 129 5 667 128 5 668 129 29 669 125 29 670 124 29 671 133 9 672 135 9 673 134 9 674 135 4 675 139 4 676 138 4 677 139 5 678 137 5 679 136 5 680 137 29 681 133 29 682 132 29 683 141 10 684 143 10 685 142 10 686 143 4 687 147 4 688 146 4 689 147 7 690 145 7 691 144 7 692 145 8 693 141 8 694 140 8 695 149 35 696 151 35 697 150 35 698 151 63 699 155 63 700 154 63 701 155 37 702 153 37 703 152 37 704 153 64 705 149 64 706 148 64 707 157 65 708 159 65 709 158 65 710 159 39 711 163 39 712 162 39 713 163 37 714 161 37 715 160 37 716 161 66 717 157 66 718 156 66 719 165 31 720 167 31 721 166 31 722 167 67 723 171 67 724 170 67 725 171 68 726 169 68 727 168 68 728 169 69 729 165 69 730 164 69 731 173 31 732 175 31 733 174 31 734 175 67 735 179 67 736 178 67 737 179 33 738 177 33 739 176 33 740 177 66 741 173 66 742 172 66 743 181 42 744 183 42 745 182 42 746 183 67 747 187 67 748 186 67 749 187 70 750 185 70 751 184 70 752 185 38 753 181 38 754 180 38 755 213 71 756 191 71 757 192 71 758 204 72 759 205 72 760 201 72 761 199 15 762 191 15 763 188 15 764 204 73 765 198 73 766 194 73 767 207 16 768 215 16 769 217 16 770 212 16 771 192 16 772 189 16 773 208 18 774 188 18 775 191 18 776 209 19 777 189 19 778 188 19 779 200 60 780 193 60 781 191 60 782 197 17 783 190 17 784 193 17 785 195 19 786 188 19 787 190 19 788 205 74 789 203 74 790 196 74 791 202 62 792 194 62 793 196 62 794 206 19 795 214 19 796 215 19 797 210 18 798 216 18 799 214 18 800 211 21 801 217 21 802 216 21 803</p>
        </triangles>
      </mesh>
    </geometry>
    <geometry id="Stairs_01-mesh" name="Stairs_01">
      <mesh>
        <source id="Stairs_01-mesh-positions">
          <float_array id="Stairs_01-mesh-positions-array" count="96">-0.7684503 -0.1916539 0.2254189 -0.7684503 0.9658449 0.2254189 -0.7684503 1.1617 0.2254189 -0.7684503 -0.395704 0.2254189 0.5492921 -0.395704 0.2254189 0.5492921 -0.1916539 0.2254189 0.5492921 1.1617 0.2254189 0.5492921 0.9658449 0.2254189 0.5492921 -1.289523 -0.3262963 0.5492921 -1.289523 -0.1871049 -0.7684503 -1.289523 -0.3262963 -0.7684503 -1.289523 -0.1871049 0.5492921 -1.003111 -0.04791331 -0.7684503 -1.003111 -0.04791331 0.5492921 -1.003111 -0.1871049 -0.7684503 -1.003111 -0.1871049 0.5492921 -0.8538737 -0.3262963 -0.7684503 -0.8538737 -0.3262963 0.5492921 -0.6272025 -0.3262963 -0.7684503 1.1617 -0.3262963 0.5492921 -0.7061321 -0.04791331 -0.7684503 -0.395704 0.09127807 -0.7684503 -0.395704 -0.3262963 0.5492921 -0.7061321 0.09127807 -0.7684503 -0.6272025 -0.3262963 0.5492921 -0.1916539 -0.3262966 0.5492921 0.9658449 -0.3262963 0.5492921 1.1617 -0.3262963 -0.7684503 -0.7061321 -0.04791331 0.5492921 -0.395704 0.09127807 0.5492921 -0.395704 -0.3262963 -0.7684503 -0.7061321 0.09127807</float_array>
          <technique_common>
            <accessor source="#Stairs_01-mesh-positions-array" count="32" stride="3">
              <param name="X" type="float"/>
              <param name="Y" type="float"/>
              <param name="Z" type="float"/>
            </accessor>
          </technique_common>
        </source>
        <source id="Stairs_01-mesh-normals">
          <float_array id="Stairs_01-mesh-normals-array" count="30">0 0 1 1 0 0 1 0 0 1 0 0 1 0 0 0 0 -1 0 -1 0 0 1 0 1 0 0 1 0 0</float_array>
          <technique_common>
            <accessor source="#Stairs_01-mesh-normals-array" count="10" stride="3">
              <param name="X" type="float"/>
              <param name="Y" type="float"/>
              <param name="Z" type="float"/>
            </accessor>
          </technique_common>
        </source>
        <source id="Stairs_01-mesh-map-0">
          <float_array id="Stairs_01-mesh-map-0-array" count="258">0.946324 0.2389242 0.3560652 0.1511945 0.946324 0.1511945 0.946324 0.8488054 0.3560652 0.7574049 0.946324 0.7574049 0.946324 0.7574049 0.3560652 0.2389242 0.946324 0.2389242 0.6246966 0.08772969 0.3753035 0 0.6246966 0 0.6246966 0.6062103 0.3753035 0.08772969 0.6246966 0.08772969 0.6246966 0.6062103 0.6246966 0.6976109 0.5623484 0.6976109 0.09716033 0.2048706 -0.09798073 0.7951295 0.09716027 0.7951294 0.5623484 0.7951294 0.6246966 0.2048705 0.6246966 0.7951294 0.3023892 0.2048705 0.1986936 0.7951294 0.3023892 0.7951294 0.6826619 0.7951294 0.5543686 0.2048705 0.6826618 0.2048706 0.3753035 0.7951294 0.4376517 0.2048705 0.4376517 0.7951294 0.6246966 0.2048705 0.3753035 0.7951294 0.6246966 0.7951294 0.5000001 0.8366614 0.3753035 0.8013064 0.3753035 0.6976109 0.1986936 0.2048705 0.09716027 0.7951294 0.1986936 0.7951294 0.4376517 0.7951294 0.5000001 0.2048705 0.5000001 0.7951294 0.4376518 0.9696877 0.3753035 1.097981 0.3753035 0.9028397 0.9547386 0.7951294 0.8156881 0.2048706 0.9547386 0.2048705 0.815688 0.7951294 0.6826619 0.2048706 0.815688 0.2048706 0.5000001 0.8366615 0.4376518 0.9696876 0.3753035 0.9028397 0.5000001 0.7951294 0.5623484 0.2048705 0.5623484 0.7951294 0.946324 0.2389242 0.3560652 0.2389242 0.3560652 0.1511945 0.946324 0.8488054 0.3560652 0.8488054 0.3560652 0.7574049 0.946324 0.7574049 0.3560652 0.7574049 0.3560652 0.2389242 0.6246966 0.08772969 0.3753035 0.08772969 0.3753035 0 0.6246966 0.6062103 0.3753033 0.6062104 0.3753035 0.08772969 0.5623484 0.6976109 0.3753035 0.6976109 0.3753033 0.6062104 0.3753033 0.6062104 0.6246966 0.6062103 0.5623484 0.6976109 0.09716033 0.2048706 -0.09798079 0.2048706 -0.09798073 0.7951295 0.5623484 0.7951294 0.5623484 0.2048705 0.6246966 0.2048705 0.3023892 0.2048705 0.1986936 0.2048705 0.1986936 0.7951294 0.6826619 0.7951294 0.5543686 0.7951296 0.5543686 0.2048705 0.3753035 0.7951294 0.3753035 0.2048705 0.4376517 0.2048705 0.6246966 0.2048705 0.3753035 0.2048705 0.3753035 0.7951294 0.3753035 0.6976109 0.5623484 0.6976109 0.5000001 0.8366614 0.5623484 0.6976109 0.5623484 0.8366615 0.5000001 0.8366614 0.1986936 0.2048705 0.09716033 0.2048706 0.09716027 0.7951294 0.4376517 0.7951294 0.4376517 0.2048705 0.5000001 0.2048705 0.4376518 0.9696877 0.4376517 1.097981 0.3753035 1.097981 0.9547386 0.7951294 0.8156881 0.7951295 0.8156881 0.2048706 0.815688 0.7951294 0.6826619 0.7951295 0.6826619 0.2048706 0.3753035 0.9028397 0.3753035 0.8013064 0.5000001 0.8366615 0.5000001 0.8366615 0.5000002 0.9696875 0.4376518 0.9696876 0.5000001 0.7951294 0.5000001 0.2048705 0.5623484 0.2048705</float_array>
          <technique_common>
            <accessor source="#Stairs_01-mesh-map-0-array" count="129" stride="2">
              <param name="S" type="float"/>
              <param name="T" type="float"/>
            </accessor>
          </technique_common>
        </source>
        <vertices id="Stairs_01-mesh-vertices">
          <input semantic="POSITION" source="#Stairs_01-mesh-positions"/>
        </vertices>
        <triangles material="ConcreteBare-material" count="43">
          <input semantic="VERTEX" source="#Stairs_01-mesh-vertices" offset="0"/>
          <input semantic="NORMAL" source="#Stairs_01-mesh-normals" offset="1"/>
          <input semantic="TEXCOORD" source="#Stairs_01-mesh-map-0" offset="2" set="0"/>
          <p>1 0 0 6 0 1 2 0 2 3 0 3 5 0 4 0 0 5 0 0 6 7 0 7 1 0 8 7 1 9 27 1 10 6 1 11 5 2 12 26 3 13 7 1 14 5 2 15 4 1 16 29 4 17 16 5 18 10 5 19 17 5 20 21 6 21 4 6 22 3 6 23 30 5 24 24 5 25 22 5 26 15 0 27 9 0 28 14 0 29 10 6 30 9 6 31 11 6 32 6 7 33 19 7 34 2 7 35 20 1 36 18 1 37 30 8 38 18 5 39 17 5 40 24 5 41 15 6 42 12 6 43 13 6 44 14 1 45 8 1 46 16 1 47 21 0 48 23 0 49 29 0 50 28 0 51 12 0 52 20 0 53 20 1 54 14 1 55 16 1 56 28 6 57 23 6 58 31 6 59 1 0 60 7 0 61 6 0 62 3 0 63 4 0 64 5 0 65 0 0 66 5 0 67 7 0 68 7 1 69 26 3 70 27 1 71 5 2 72 25 9 73 26 3 74 29 4 75 30 8 76 25 9 77 25 9 78 5 2 79 29 4 80 16 5 81 8 5 82 10 5 83 21 6 84 29 6 85 4 6 86 30 5 87 18 5 88 24 5 89 15 0 90 11 0 91 9 0 92 10 6 93 8 6 94 9 6 95 6 7 96 27 7 97 19 7 98 30 8 99 29 4 100 20 1 101 29 4 102 23 1 103 20 1 104 18 5 105 16 5 106 17 5 107 15 6 108 14 6 109 12 6 110 14 1 111 9 1 112 8 1 113 21 0 114 31 0 115 23 0 116 28 0 117 13 0 118 12 0 119 16 1 120 18 1 121 20 1 122 20 1 123 12 1 124 14 1 125 28 6 126 20 6 127 23 6 128</p>
        </triangles>
      </mesh>
    </geometry>
    <geometry id="Door_Frame_01-mesh" name="Door_Frame_01">
      <mesh>
        <source id="Door_Frame_01-mesh-positions">
          <float_array id="Door_Frame_01-mesh-positions-array" count="72">-0.1270281 -0.5278668 -1.549637 -0.1270281 -0.6078768 -1.549637 -0.1270281 0.6026788 -1.549637 -0.1270281 0.5226688 -1.549637 0.1270307 -0.5278668 -1.549637 0.1270307 -0.6078768 -1.549637 0.1270307 0.6026788 -1.549637 0.1270307 0.5226688 -1.549637 -0.1270281 0.5226688 -0.3601626 -0.1270281 0.6026788 -0.3601626 -0.1270281 -0.6078768 -0.3601626 -0.1270281 -0.5278668 -0.3601626 0.1270307 0.6026788 -0.3601626 0.1270307 0.5226688 -0.3601626 0.1270307 -0.5278668 -0.3601626 0.1270307 -0.6078768 -0.3601626 0.1270307 -0.5278668 0.8627748 0.1270307 -0.6078768 0.9427849 0.1270307 0.5226688 0.8627748 0.1270307 0.6026788 0.9427849 -0.1270281 -0.6078768 0.9427849 -0.1270281 -0.5278668 0.8627748 -0.1270281 0.5226688 0.8627748 -0.1270281 0.6026788 0.9427849</float_array>
          <technique_common>
            <accessor source="#Door_Frame_01-mesh-positions-array" count="24" stride="3">
              <param name="X" type="float"/>
              <param name="Y" type="float"/>
              <param name="Z" type="float"/>
            </accessor>
          </technique_common>
        </source>
        <source id="Door_Frame_01-mesh-normals">
          <float_array id="Door_Frame_01-mesh-normals-array" count="36">1 0 0 1 0 0 0 0 -1 -1 0 0 -1 0 0 -1 0 0 1 0 0 -1 0 0 0 -1 0 0 1 0 0 0 1 1 0 0</float_array>
          <technique_common>
            <accessor source="#Door_Frame_01-mesh-normals-array" count="12" stride="3">
              <param name="X" type="float"/>
              <param name="Y" type="float"/>
              <param name="Z" type="float"/>
            </accessor>
          </technique_common>
        </source>
        <source id="Door_Frame_01-mesh-map-0">
          <float_array id="Door_Frame_01-mesh-map-0-array" count="264">0.9724625 0.8838946 0.9150784 0.03079026 0.9724625 0.03079026 0.121408 1.760999 0.06402397 0.8838946 0.121408 0.8838947 0.5911068 0.6222521 0.4088931 0.5648682 0.4088931 0.6222521 0.06402397 0.8838946 0.121408 0.03079026 0.06402397 0.03079026 0.9150784 1.760999 0.9724625 0.8838946 0.9150784 0.8838946 0.5911069 1.473307 0.4088931 1.415922 0.4088931 1.473307 0.9150784 0.8838946 0.9724625 0.03079026 0.9150784 0.03079026 0.06402397 0.8838946 0.121408 1.760999 0.121408 0.8838946 0.121408 0.8838946 0.06402397 0.03079026 0.121408 0.03079026 0.9724625 0.8838946 0.9150784 1.760999 0.9150784 0.8838946 0.9782645 1.818383 0.1196311 1.760999 0.06046992 1.818383 0.919339 1.760999 0.0604698 1.818383 0.119631 1.760999 0.4088931 0.8838946 0.5911069 0.03079026 0.5911069 0.8838946 0.5911069 0.8838946 0.4088931 0.03079026 0.4088931 0.8838946 0.4088931 0.8838946 0.5911069 1.760999 0.5911069 0.8838946 0.5911069 0.8838946 0.4088931 1.818383 0.4088931 0.8838946 0.4088931 1.415922 0.5911069 0.6241097 0.4088931 0.6241097 0.5911069 0.56649 0.4088931 1.473307 0.4088931 0.56649 0.9724625 0.8838946 0.9150784 0.8838946 0.9150784 0.03079026 0.121408 1.760999 0.06402397 1.818383 0.06402397 0.8838946 0.5911068 0.6222521 0.5911069 0.5648682 0.4088931 0.5648682 0.06402397 0.8838946 0.121408 0.8838946 0.121408 0.03079026 0.9150784 1.760999 0.9724625 1.818383 0.9724625 0.8838946 0.5911069 1.473307 0.5911069 1.415922 0.4088931 1.415922 0.9150784 0.8838946 0.9724625 0.8838946 0.9724625 0.03079026 0.06402397 0.8838946 0.06402397 1.818383 0.121408 1.760999 0.121408 0.8838946 0.06402397 0.8838946 0.06402397 0.03079026 0.9724625 0.8838946 0.9724625 1.818383 0.9150784 1.760999 0.9782645 1.818383 0.9193388 1.760999 0.1196311 1.760999 0.919339 1.760999 0.9782646 1.818384 0.0604698 1.818383 0.5911069 1.760999 0.4088932 1.760999 0.4088931 0.8838946 0.4088931 0.8838946 0.4088931 0.03079026 0.5911069 0.03079026 0.5911069 0.8838946 0.5911069 1.760999 0.4088931 0.8838946 0.4088931 0.8838946 0.4088931 1.818383 0.5911069 1.818383 0.5911069 0.8838946 0.5911069 0.03079026 0.4088931 0.03079026 0.4088931 0.8838946 0.5911069 1.818383 0.5911069 0.8838946 0.5911069 0.8838946 0.5911069 0.03079026 0.4088931 0.03079026 0.4088931 0.8838946 0.4088931 1.760999 0.5911069 1.760999 0.5911069 0.8838946 0.4088931 0.03079026 0.4088931 0.8838946 0.4088931 0.03079026 0.5911069 0.03079026 0.5911069 0.8838946 0.5911069 0.8838946 0.5911069 1.818383 0.4088931 1.818383 0.4088931 0.8838946 0.4088931 0.03079026 0.5911069 0.8838946 0.4088931 1.415922 0.5911069 1.415922 0.5911069 0.6241097 0.5911069 0.56649 0.5911069 1.473307 0.4088931 1.473307</float_array>
          <technique_common>
            <accessor source="#Door_Frame_01-mesh-map-0-array" count="132" stride="2">
              <param name="S" type="float"/>
              <param name="T" type="float"/>
            </accessor>
          </technique_common>
        </source>
        <vertices id="Door_Frame_01-mesh-vertices">
          <input semantic="POSITION" source="#Door_Frame_01-mesh-positions"/>
        </vertices>
        <triangles material="Metal_01-material" count="44">
          <input semantic="VERTEX" source="#Door_Frame_01-mesh-vertices" offset="0"/>
          <input semantic="NORMAL" source="#Door_Frame_01-mesh-normals" offset="1"/>
          <input semantic="TEXCOORD" source="#Door_Frame_01-mesh-map-0" offset="2" set="0"/>
          <p>12 0 0 7 1 1 6 1 2 16 1 3 15 1 4 14 1 5 4 2 6 1 2 7 0 2 8 10 3 9 0 4 10 1 4 11 22 4 12 9 4 13 8 4 14 6 2 15 3 2 16 2 2 17 8 4 18 2 4 19 3 4 20 10 3 21 21 5 22 11 4 23 14 1 24 5 1 25 4 1 26 12 0 27 18 6 28 13 1 29 23 4 30 21 5 31 20 7 32 18 6 33 17 1 34 16 1 35 8 8 36 7 8 37 13 8 38 12 9 39 2 9 40 9 9 41 11 9 42 16 9 43 14 9 44 15 8 45 20 8 46 10 8 47 22 2 48 16 2 49 21 2 50 17 10 51 23 10 52 20 10 53 12 0 54 13 1 55 7 1 56 16 1 57 17 1 58 15 1 59 4 2 60 5 2 61 1 2 62 10 3 63 11 4 64 0 4 65 22 4 66 23 4 67 9 4 68 6 2 69 7 2 70 3 2 71 8 4 72 9 4 73 2 4 74 10 3 75 20 7 76 21 5 77 14 1 78 15 1 79 5 1 80 12 0 81 19 11 82 18 6 83 23 4 84 22 4 85 21 5 86 18 6 87 19 11 88 17 1 89 18 8 90 22 8 91 8 8 92 8 8 93 3 8 94 7 8 95 13 8 96 18 8 97 8 8 98 9 9 99 23 9 100 19 9 101 12 9 102 6 9 103 2 9 104 9 9 105 19 9 106 12 9 107 14 9 108 4 9 109 0 9 110 11 9 111 21 9 112 16 9 113 14 9 114 0 9 115 11 9 116 1 8 117 5 8 118 15 8 119 15 8 120 17 8 121 20 8 122 10 8 123 1 8 124 15 8 125 22 2 126 18 2 127 16 2 128 17 10 129 19 10 130 23 10 131</p>
        </triangles>
      </mesh>
    </geometry>
    <geometry id="Sign-mesh" name="Sign">
      <mesh>
        <source id="Sign-mesh-positions">
          <float_array id="Sign-mesh-positions-array" count="24">-3.820549 -2.081503 -1.058281 -3.820549 -2.081503 0.365912 -3.820549 2.081503 -1.058281 -3.820549 2.081503 0.365912 3.820548 -2.081503 -1.058281 3.820548 -2.081503 0.365912 3.820548 2.081503 -1.058281 3.820548 2.081503 0.365912</float_array>
          <technique_common>
            <accessor source="#Sign-mesh-positions-array" count="8" stride="3">
              <param name="X" type="float"/>
              <param name="Y" type="float"/>
              <param name="Z" type="float"/>
            </accessor>
          </technique_common>
        </source>
        <source id="Sign-mesh-normals">
          <float_array id="Sign-mesh-normals-array" count="15">-1 0 0 0 1 0 1 0 0 0 -1 0 0 0 1</float_array>
          <technique_common>
            <accessor source="#Sign-mesh-normals-array" count="5" stride="3">
              <param name="X" type="float"/>
              <param name="Y" type="float"/>
              <param name="Z" type="float"/>
            </accessor>
          </technique_common>
        </source>
        <source id="Sign-mesh-map-0">
          <float_array id="Sign-mesh-map-0-array" count="60">0.9847778 0.9649344 0.447064 0.02308171 0.9847778 0.02308171 0.9934803 0.9649345 0.006519615 0.02308171 0.9934803 0.02308171 0.9847777 0.9649344 0.447064 0.02308171 0.9847778 0.02308171 0.9934804 0.9649345 0.006519675 0.02308171 0.9934803 0.02308171 -0.466856 0.5390329 1.466856 -0.5144879 1.466856 0.5390329 0.9847778 0.9649344 0.4470641 0.9649344 0.447064 0.02308171 0.9934803 0.9649345 0.006519615 0.9649345 0.006519615 0.02308171 0.9847777 0.9649344 0.447064 0.9649344 0.447064 0.02308171 0.9934804 0.9649345 0.006519675 0.9649345 0.006519675 0.02308171 -0.466856 0.5390329 -0.466856 -0.5144879 1.466856 -0.5144879</float_array>
          <technique_common>
            <accessor source="#Sign-mesh-map-0-array" count="30" stride="2">
              <param name="S" type="float"/>
              <param name="T" type="float"/>
            </accessor>
          </technique_common>
        </source>
        <vertices id="Sign-mesh-vertices">
          <input semantic="POSITION" source="#Sign-mesh-positions"/>
        </vertices>
        <triangles material="Sign-material" count="8">
          <input semantic="VERTEX" source="#Sign-mesh-vertices" offset="0"/>
          <input semantic="NORMAL" source="#Sign-mesh-normals" offset="1"/>
          <input semantic="TEXCOORD" source="#Sign-mesh-map-0" offset="2" set="0"/>
          <p>1 0 0 2 0 1 0 0 2 3 1 3 6 1 4 2 1 5 7 2 6 4 2 7 6 2 8 5 3 9 0 3 10 4 3 11 1 0 15 3 0 16 2 0 17 3 1 18 7 1 19 6 1 20 7 2 21 5 2 22 4 2 23 5 3 24 1 3 25 0 3 26</p>
        </triangles>
        <triangles material="Rooftiles-material" count="2">
          <input semantic="VERTEX" source="#Sign-mesh-vertices" offset="0"/>
          <input semantic="NORMAL" source="#Sign-mesh-normals" offset="1"/>
          <input semantic="TEXCOORD" source="#Sign-mesh-map-0" offset="2" set="0"/>
          <p>3 4 12 5 4 13 7 4 14 3 4 27 1 4 28 5 4 29</p>
        </triangles>
      </mesh>
    </geometry>
    <geometry id="Blinds_006-mesh" name="Blinds.006">
      <mesh>
        <source id="Blinds_006-mesh-positions">
          <float_array id="Blinds_006-mesh-positions-array" count="24">-0.03356546 -0.7280331 0 1.422501 -0.7280331 0 -0.03356546 0.7280331 0 1.422501 0.7280331 0 -0.03356546 -0.7280331 0 1.422501 -0.7280331 0 -0.03356546 0.7280331 0 1.422501 0.7280331 0</float_array>
          <technique_common>
            <accessor source="#Blinds_006-mesh-positions-array" count="8" stride="3">
              <param name="X" type="float"/>
              <param name="Y" type="float"/>
              <param name="Z" type="float"/>
            </accessor>
          </technique_common>
        </source>
        <source id="Blinds_006-mesh-normals">
          <float_array id="Blinds_006-mesh-normals-array" count="6">0 0 1 0 0 -1</float_array>
          <technique_common>
            <accessor source="#Blinds_006-mesh-normals-array" count="2" stride="3">
              <param name="X" type="float"/>
              <param name="Y" type="float"/>
              <param name="Z" type="float"/>
            </accessor>
          </technique_common>
        </source>
        <source id="Blinds_006-mesh-map-0">
          <float_array id="Blinds_006-mesh-map-0-array" count="24">1 1 0 0 1 0 0 0 1 1 1 0 1 1 0 1 0 0 0 0 0 1 1 1</float_array>
          <technique_common>
            <accessor source="#Blinds_006-mesh-map-0-array" count="12" stride="2">
              <param name="S" type="float"/>
              <param name="T" type="float"/>
            </accessor>
          </technique_common>
        </source>
        <vertices id="Blinds_006-mesh-vertices">
          <input semantic="POSITION" source="#Blinds_006-mesh-positions"/>
        </vertices>
        <triangles material="Blinds-material" count="4">
          <input semantic="VERTEX" source="#Blinds_006-mesh-vertices" offset="0"/>
          <input semantic="NORMAL" source="#Blinds_006-mesh-normals" offset="1"/>
          <input semantic="TEXCOORD" source="#Blinds_006-mesh-map-0" offset="2" set="0"/>
          <p>1 0 0 2 0 1 0 0 2 6 1 3 5 1 4 4 1 5 1 0 6 3 0 7 2 0 8 6 1 9 7 1 10 5 1 11</p>
        </triangles>
      </mesh>
    </geometry>
    <geometry id="Blinds_005-mesh" name="Blinds.005">
      <mesh>
        <source id="Blinds_005-mesh-positions">
          <float_array id="Blinds_005-mesh-positions-array" count="24">-0.03356546 -0.7280331 0 1.422501 -0.7280331 0 -0.03356546 0.7280331 0 1.422501 0.7280331 0 -0.03356546 -0.7280331 0 1.422501 -0.7280331 0 -0.03356546 0.7280331 0 1.422501 0.7280331 0</float_array>
          <technique_common>
            <accessor source="#Blinds_005-mesh-positions-array" count="8" stride="3">
              <param name="X" type="float"/>
              <param name="Y" type="float"/>
              <param name="Z" type="float"/>
            </accessor>
          </technique_common>
        </source>
        <source id="Blinds_005-mesh-normals">
          <float_array id="Blinds_005-mesh-normals-array" count="6">0 0 1 0 0 -1</float_array>
          <technique_common>
            <accessor source="#Blinds_005-mesh-normals-array" count="2" stride="3">
              <param name="X" type="float"/>
              <param name="Y" type="float"/>
              <param name="Z" type="float"/>
            </accessor>
          </technique_common>
        </source>
        <source id="Blinds_005-mesh-map-0">
          <float_array id="Blinds_005-mesh-map-0-array" count="24">1 1 0 0 1 0 0 0 1 1 1 0 1 1 0 1 0 0 0 0 0 1 1 1</float_array>
          <technique_common>
            <accessor source="#Blinds_005-mesh-map-0-array" count="12" stride="2">
              <param name="S" type="float"/>
              <param name="T" type="float"/>
            </accessor>
          </technique_common>
        </source>
        <vertices id="Blinds_005-mesh-vertices">
          <input semantic="POSITION" source="#Blinds_005-mesh-positions"/>
        </vertices>
        <triangles material="Blinds-material" count="4">
          <input semantic="VERTEX" source="#Blinds_005-mesh-vertices" offset="0"/>
          <input semantic="NORMAL" source="#Blinds_005-mesh-normals" offset="1"/>
          <input semantic="TEXCOORD" source="#Blinds_005-mesh-map-0" offset="2" set="0"/>
          <p>1 0 0 2 0 1 0 0 2 6 1 3 5 1 4 4 1 5 1 0 6 3 0 7 2 0 8 6 1 9 7 1 10 5 1 11</p>
        </triangles>
      </mesh>
    </geometry>
    <geometry id="Blinds_004-mesh" name="Blinds.004">
      <mesh>
        <source id="Blinds_004-mesh-positions">
          <float_array id="Blinds_004-mesh-positions-array" count="24">-0.03356546 -0.7280331 0 1.422501 -0.7280331 0 -0.03356546 0.7280331 0 1.422501 0.7280331 0 -0.03356546 -0.7280331 0 1.422501 -0.7280331 0 -0.03356546 0.7280331 0 1.422501 0.7280331 0</float_array>
          <technique_common>
            <accessor source="#Blinds_004-mesh-positions-array" count="8" stride="3">
              <param name="X" type="float"/>
              <param name="Y" type="float"/>
              <param name="Z" type="float"/>
            </accessor>
          </technique_common>
        </source>
        <source id="Blinds_004-mesh-normals">
          <float_array id="Blinds_004-mesh-normals-array" count="6">0 0 1 0 0 -1</float_array>
          <technique_common>
            <accessor source="#Blinds_004-mesh-normals-array" count="2" stride="3">
              <param name="X" type="float"/>
              <param name="Y" type="float"/>
              <param name="Z" type="float"/>
            </accessor>
          </technique_common>
        </source>
        <source id="Blinds_004-mesh-map-0">
          <float_array id="Blinds_004-mesh-map-0-array" count="24">1 1 0 0 1 0 0 0 1 1 1 0 1 1 0 1 0 0 0 0 0 1 1 1</float_array>
          <technique_common>
            <accessor source="#Blinds_004-mesh-map-0-array" count="12" stride="2">
              <param name="S" type="float"/>
              <param name="T" type="float"/>
            </accessor>
          </technique_common>
        </source>
        <vertices id="Blinds_004-mesh-vertices">
          <input semantic="POSITION" source="#Blinds_004-mesh-positions"/>
        </vertices>
        <triangles material="Blinds-material" count="4">
          <input semantic="VERTEX" source="#Blinds_004-mesh-vertices" offset="0"/>
          <input semantic="NORMAL" source="#Blinds_004-mesh-normals" offset="1"/>
          <input semantic="TEXCOORD" source="#Blinds_004-mesh-map-0" offset="2" set="0"/>
          <p>1 0 0 2 0 1 0 0 2 6 1 3 5 1 4 4 1 5 1 0 6 3 0 7 2 0 8 6 1 9 7 1 10 5 1 11</p>
        </triangles>
      </mesh>
    </geometry>
    <geometry id="Blinds_003-mesh" name="Blinds.003">
      <mesh>
        <source id="Blinds_003-mesh-positions">
          <float_array id="Blinds_003-mesh-positions-array" count="24">-0.03356546 -0.7280331 0 1.422501 -0.7280331 0 -0.03356546 0.7280331 0 1.422501 0.7280331 0 -0.03356546 -0.7280331 0 1.422501 -0.7280331 0 -0.03356546 0.7280331 0 1.422501 0.7280331 0</float_array>
          <technique_common>
            <accessor source="#Blinds_003-mesh-positions-array" count="8" stride="3">
              <param name="X" type="float"/>
              <param name="Y" type="float"/>
              <param name="Z" type="float"/>
            </accessor>
          </technique_common>
        </source>
        <source id="Blinds_003-mesh-normals">
          <float_array id="Blinds_003-mesh-normals-array" count="6">0 0 1 0 0 -1</float_array>
          <technique_common>
            <accessor source="#Blinds_003-mesh-normals-array" count="2" stride="3">
              <param name="X" type="float"/>
              <param name="Y" type="float"/>
              <param name="Z" type="float"/>
            </accessor>
          </technique_common>
        </source>
        <source id="Blinds_003-mesh-map-0">
          <float_array id="Blinds_003-mesh-map-0-array" count="24">1 1 0 0 1 0 0 0 1 1 1 0 1 1 0 1 0 0 0 0 0 1 1 1</float_array>
          <technique_common>
            <accessor source="#Blinds_003-mesh-map-0-array" count="12" stride="2">
              <param name="S" type="float"/>
              <param name="T" type="float"/>
            </accessor>
          </technique_common>
        </source>
        <vertices id="Blinds_003-mesh-vertices">
          <input semantic="POSITION" source="#Blinds_003-mesh-positions"/>
        </vertices>
        <triangles material="Blinds-material" count="4">
          <input semantic="VERTEX" source="#Blinds_003-mesh-vertices" offset="0"/>
          <input semantic="NORMAL" source="#Blinds_003-mesh-normals" offset="1"/>
          <input semantic="TEXCOORD" source="#Blinds_003-mesh-map-0" offset="2" set="0"/>
          <p>1 0 0 2 0 1 0 0 2 6 1 3 5 1 4 4 1 5 1 0 6 3 0 7 2 0 8 6 1 9 7 1 10 5 1 11</p>
        </triangles>
      </mesh>
    </geometry>
    <geometry id="Blinds_002-mesh" name="Blinds.002">
      <mesh>
        <source id="Blinds_002-mesh-positions">
          <float_array id="Blinds_002-mesh-positions-array" count="24">-0.03356546 -0.7280331 0 1.422501 -0.7280331 0 -0.03356546 0.7280331 0 1.422501 0.7280331 0 -0.03356546 -0.7280331 0 1.422501 -0.7280331 0 -0.03356546 0.7280331 0 1.422501 0.7280331 0</float_array>
          <technique_common>
            <accessor source="#Blinds_002-mesh-positions-array" count="8" stride="3">
              <param name="X" type="float"/>
              <param name="Y" type="float"/>
              <param name="Z" type="float"/>
            </accessor>
          </technique_common>
        </source>
        <source id="Blinds_002-mesh-normals">
          <float_array id="Blinds_002-mesh-normals-array" count="6">0 0 1 0 0 -1</float_array>
          <technique_common>
            <accessor source="#Blinds_002-mesh-normals-array" count="2" stride="3">
              <param name="X" type="float"/>
              <param name="Y" type="float"/>
              <param name="Z" type="float"/>
            </accessor>
          </technique_common>
        </source>
        <source id="Blinds_002-mesh-map-0">
          <float_array id="Blinds_002-mesh-map-0-array" count="24">1 1 0 0 1 0 0 0 1 1 1 0 1 1 0 1 0 0 0 0 0 1 1 1</float_array>
          <technique_common>
            <accessor source="#Blinds_002-mesh-map-0-array" count="12" stride="2">
              <param name="S" type="float"/>
              <param name="T" type="float"/>
            </accessor>
          </technique_common>
        </source>
        <vertices id="Blinds_002-mesh-vertices">
          <input semantic="POSITION" source="#Blinds_002-mesh-positions"/>
        </vertices>
        <triangles material="Blinds-material" count="4">
          <input semantic="VERTEX" source="#Blinds_002-mesh-vertices" offset="0"/>
          <input semantic="NORMAL" source="#Blinds_002-mesh-normals" offset="1"/>
          <input semantic="TEXCOORD" source="#Blinds_002-mesh-map-0" offset="2" set="0"/>
          <p>1 0 0 2 0 1 0 0 2 6 1 3 5 1 4 4 1 5 1 0 6 3 0 7 2 0 8 6 1 9 7 1 10 5 1 11</p>
        </triangles>
      </mesh>
    </geometry>
    <geometry id="Blinds_001-mesh" name="Blinds.001">
      <mesh>
        <source id="Blinds_001-mesh-positions">
          <float_array id="Blinds_001-mesh-positions-array" count="24">-0.03356546 -0.7280331 0 1.422501 -0.7280331 0 -0.03356546 0.7280331 0 1.422501 0.7280331 0 -0.03356546 -0.7280331 0 1.422501 -0.7280331 0 -0.03356546 0.7280331 0 1.422501 0.7280331 0</float_array>
          <technique_common>
            <accessor source="#Blinds_001-mesh-positions-array" count="8" stride="3">
              <param name="X" type="float"/>
              <param name="Y" type="float"/>
              <param name="Z" type="float"/>
            </accessor>
          </technique_common>
        </source>
        <source id="Blinds_001-mesh-normals">
          <float_array id="Blinds_001-mesh-normals-array" count="6">0 0 1 0 0 -1</float_array>
          <technique_common>
            <accessor source="#Blinds_001-mesh-normals-array" count="2" stride="3">
              <param name="X" type="float"/>
              <param name="Y" type="float"/>
              <param name="Z" type="float"/>
            </accessor>
          </technique_common>
        </source>
        <source id="Blinds_001-mesh-map-0">
          <float_array id="Blinds_001-mesh-map-0-array" count="24">1 1 0 0 1 0 0 0 1 1 1 0 1 1 0 1 0 0 0 0 0 1 1 1</float_array>
          <technique_common>
            <accessor source="#Blinds_001-mesh-map-0-array" count="12" stride="2">
              <param name="S" type="float"/>
              <param name="T" type="float"/>
            </accessor>
          </technique_common>
        </source>
        <vertices id="Blinds_001-mesh-vertices">
          <input semantic="POSITION" source="#Blinds_001-mesh-positions"/>
        </vertices>
        <triangles material="Blinds-material" count="4">
          <input semantic="VERTEX" source="#Blinds_001-mesh-vertices" offset="0"/>
          <input semantic="NORMAL" source="#Blinds_001-mesh-normals" offset="1"/>
          <input semantic="TEXCOORD" source="#Blinds_001-mesh-map-0" offset="2" set="0"/>
          <p>1 0 0 2 0 1 0 0 2 6 1 3 5 1 4 4 1 5 1 0 6 3 0 7 2 0 8 6 1 9 7 1 10 5 1 11</p>
        </triangles>
      </mesh>
    </geometry>
    <geometry id="Blinds-mesh" name="Blinds">
      <mesh>
        <source id="Blinds-mesh-positions">
          <float_array id="Blinds-mesh-positions-array" count="24">-0.03356546 -0.7280331 0 1.422501 -0.7280331 0 -0.03356546 0.7280331 0 1.422501 0.7280331 0 -0.03356546 -0.7280331 0 1.422501 -0.7280331 0 -0.03356546 0.7280331 0 1.422501 0.7280331 0</float_array>
          <technique_common>
            <accessor source="#Blinds-mesh-positions-array" count="8" stride="3">
              <param name="X" type="float"/>
              <param name="Y" type="float"/>
              <param name="Z" type="float"/>
            </accessor>
          </technique_common>
        </source>
        <source id="Blinds-mesh-normals">
          <float_array id="Blinds-mesh-normals-array" count="6">0 0 1 0 0 -1</float_array>
          <technique_common>
            <accessor source="#Blinds-mesh-normals-array" count="2" stride="3">
              <param name="X" type="float"/>
              <param name="Y" type="float"/>
              <param name="Z" type="float"/>
            </accessor>
          </technique_common>
        </source>
        <source id="Blinds-mesh-map-0">
          <float_array id="Blinds-mesh-map-0-array" count="24">1 1 0 0 1 0 0 0 1 1 1 0 1 1 0 1 0 0 0 0 0 1 1 1</float_array>
          <technique_common>
            <accessor source="#Blinds-mesh-map-0-array" count="12" stride="2">
              <param name="S" type="float"/>
              <param name="T" type="float"/>
            </accessor>
          </technique_common>
        </source>
        <vertices id="Blinds-mesh-vertices">
          <input semantic="POSITION" source="#Blinds-mesh-positions"/>
        </vertices>
        <triangles material="Blinds-material" count="4">
          <input semantic="VERTEX" source="#Blinds-mesh-vertices" offset="0"/>
          <input semantic="NORMAL" source="#Blinds-mesh-normals" offset="1"/>
          <input semantic="TEXCOORD" source="#Blinds-mesh-map-0" offset="2" set="0"/>
          <p>1 0 0 2 0 1 0 0 2 6 1 3 5 1 4 4 1 5 1 0 6 3 0 7 2 0 8 6 1 9 7 1 10 5 1 11</p>
        </triangles>
      </mesh>
    </geometry>
    <geometry id="Glass_06-mesh" name="Glass_06">
      <mesh>
        <source id="Glass_06-mesh-positions">
          <float_array id="Glass_06-mesh-positions-array" count="72">0.0592755 -1.08316 -0.6788486 0.0592755 -1.05315 -0.6488386 0.05927544 0.8459633 -0.6788486 0.05927544 0.8159533 -0.6488386 0.05927544 0.8459633 0.6788486 0.05927544 0.8159533 0.6488386 0.0592755 -1.05315 0.6488386 0.0592755 -1.08316 0.6788486 -0.05262982 -1.05315 -0.6488386 -0.05262982 -1.08316 -0.6788486 -0.05262994 0.8159533 -0.6488386 -0.05262994 0.8459633 -0.6788486 -0.05262994 0.8159533 0.6488386 -0.05262994 0.8459633 0.6788486 -0.05262982 -1.08316 0.6788486 -0.05262982 -1.05315 0.6488386 -0.02077895 -1.05315 -0.6488386 -0.02077907 0.8159533 -0.6488386 -0.02077907 0.8159533 0.6488386 -0.02077895 -1.05315 0.6488386 0.01811623 -1.05315 -0.6488386 0.01811611 0.8159533 -0.6488386 0.01811611 0.8159533 0.6488386 0.01811623 -1.05315 0.6488386</float_array>
          <technique_common>
            <accessor source="#Glass_06-mesh-positions-array" count="24" stride="3">
              <param name="X" type="float"/>
              <param name="Y" type="float"/>
              <param name="Z" type="float"/>
            </accessor>
          </technique_common>
        </source>
        <source id="Glass_06-mesh-normals">
          <float_array id="Glass_06-mesh-normals-array" count="63">1 0 0 1 -1.19574e-7 0 1 0 0 1 0 0 -1 0 0 -1 2.11433e-7 0 -1 0 0 -1 3.10893e-7 0 0 0 1 0 0 -1 0 1 0 0 -1 0 1 0 0 -1 0 0 1 0 0 1 0 0 1 0 0 -1 0 0 -1 0 0 -1 0 0 1 0 0</float_array>
          <technique_common>
            <accessor source="#Glass_06-mesh-normals-array" count="21" stride="3">
              <param name="X" type="float"/>
              <param name="Y" type="float"/>
              <param name="Z" type="float"/>
            </accessor>
          </technique_common>
        </source>
        <source id="Glass_06-mesh-map-0">
          <float_array id="Glass_06-mesh-map-0-array" count="216">0.07847565 0 0.09711015 1.179236 0.07847571 1.19787 0.9028884 1.179236 0.07847523 1.19787 0.09710985 1.179235 0.9215243 1.19787 0.9028899 0.01863437 0.9215243 0 0.9215243 0 0.09711003 0.01863443 0.07847565 0 0.09711003 0.01863443 0.07847571 1.19787 0.09711015 1.179236 0.9215227 1.19787 0.09711003 1.179235 0.07847565 1.197869 0.90289 1.179235 0.9215243 0 0.9028899 0.01863437 0.9028899 0.01863437 0.07847565 0 0.09711003 0.01863443 -0.19787 0.5347432 1 0.4652567 1 0.5347433 -0.1792356 0.5347434 0.9813656 0.4652567 -0.1792356 0.4652567 1 0.4652567 -0.19787 0.5347432 1 0.5347433 -0.1792356 0.5347434 0.9813656 0.4652567 0.9813656 0.5347433 0.9215243 0.4652567 0.07847565 0.5347433 0.9215243 0.5347433 0.09711009 0.5347433 0.9028899 0.4652567 0.9028899 0.5347433 0.9028899 0.4652566 0.09711009 0.5347433 0.9028899 0.5347433 0.07847565 0.5347433 0.9215243 0.4652566 0.9215243 0.5347433 1 0.08151358 -0.2055299 0.9184865 -0.2055299 0.08151358 -0.2055299 0.9184865 1 0.08151358 -0.2055299 0.08151358 0.07847565 0 0.09711003 0.01863443 0.09711015 1.179236 0.9028884 1.179236 0.921522 1.19787 0.07847523 1.19787 0.9215243 1.19787 0.90289 1.179236 0.9028899 0.01863437 0.9215243 0 0.9028899 0.01863437 0.09711003 0.01863443 0.09711003 0.01863443 0.07847565 0 0.07847571 1.19787 0.9215227 1.19787 0.9028881 1.179236 0.09711003 1.179235 0.90289 1.179235 0.9215244 1.19787 0.9215243 0 0.9028899 0.01863437 0.9215243 0 0.07847565 0 -0.19787 0.5347432 -0.19787 0.4652567 1 0.4652567 -0.1792356 0.5347434 0.9813656 0.5347433 0.9813656 0.4652567 1 0.4652567 -0.19787 0.4652567 -0.19787 0.5347432 -0.1792356 0.5347434 -0.1792356 0.4652567 0.9813656 0.4652567 0.9215243 0.4652567 0.07847565 0.4652568 0.07847565 0.5347433 0.09711009 0.5347433 0.09711009 0.4652568 0.9028899 0.4652567 0.9028899 0.4652566 0.09711009 0.4652567 0.09711009 0.5347433 0.07847565 0.5347433 0.07847565 0.4652567 0.9215243 0.4652566 1 0.08151358 1 0.9184864 -0.2055299 0.9184865 -0.2055299 0.9184865 1 0.9184864 1 0.08151358</float_array>
          <technique_common>
            <accessor source="#Glass_06-mesh-map-0-array" count="108" stride="2">
              <param name="S" type="float"/>
              <param name="T" type="float"/>
            </accessor>
          </technique_common>
        </source>
        <vertices id="Glass_06-mesh-vertices">
          <input semantic="POSITION" source="#Glass_06-mesh-positions"/>
        </vertices>
        <triangles material="Metal_01-material" count="32">
          <input semantic="VERTEX" source="#Glass_06-mesh-vertices" offset="0"/>
          <input semantic="NORMAL" source="#Glass_06-mesh-normals" offset="1"/>
          <input semantic="TEXCOORD" source="#Glass_06-mesh-map-0" offset="2" set="0"/>
          <p>2 0 0 1 0 1 0 0 2 6 1 3 0 1 4 1 1 5 7 2 6 5 2 7 4 2 8 4 3 9 3 3 10 2 3 11 10 4 12 9 4 13 8 4 14 14 5 15 8 5 16 9 5 17 15 6 18 13 6 19 12 6 20 12 7 21 11 7 22 10 7 23 14 8 24 4 8 25 13 8 26 15 9 27 5 9 28 6 9 29 2 9 30 9 9 31 11 9 32 8 8 33 3 8 34 10 8 35 4 10 36 11 10 37 13 10 38 10 11 39 5 11 40 12 11 41 6 10 42 8 10 43 15 10 44 9 11 45 7 11 46 14 11 47 2 14 54 3 14 55 1 14 56 6 15 57 7 15 58 0 15 59 7 16 60 6 16 61 5 16 62 4 15 63 5 15 64 3 15 65 10 17 66 11 17 67 9 17 68 14 18 69 15 18 70 8 18 71 15 19 72 14 19 73 13 19 74 12 18 75 13 18 76 11 18 77 14 8 78 7 8 79 4 8 80 15 9 81 12 9 82 5 9 83 2 9 84 0 9 85 9 9 86 8 8 87 1 8 88 3 8 89 4 10 90 2 10 91 11 10 92 10 11 93 3 11 94 5 11 95 6 10 96 1 10 97 8 10 98 9 11 99 0 11 100 7 11 101</p>
        </triangles>
        <triangles material="Glass-material" count="4">
          <input semantic="VERTEX" source="#Glass_06-mesh-vertices" offset="0"/>
          <input semantic="NORMAL" source="#Glass_06-mesh-normals" offset="1"/>
          <input semantic="TEXCOORD" source="#Glass_06-mesh-map-0" offset="2" set="0"/>
          <p>21 12 48 23 12 49 20 12 50 19 13 51 17 13 52 16 13 53 21 20 102 22 20 103 23 20 104 19 13 105 18 13 106 17 13 107</p>
        </triangles>
      </mesh>
    </geometry>
    <geometry id="Glass_05-mesh" name="Glass_05">
      <mesh>
        <source id="Glass_05-mesh-positions">
          <float_array id="Glass_05-mesh-positions-array" count="72">0.0592755 -1.08316 -0.6788486 0.0592755 -1.05315 -0.6488386 0.05927544 0.8459633 -0.6788486 0.05927544 0.8159533 -0.6488386 0.05927544 0.8459633 0.6788486 0.05927544 0.8159533 0.6488386 0.0592755 -1.05315 0.6488386 0.0592755 -1.08316 0.6788486 -0.05262982 -1.05315 -0.6488386 -0.05262982 -1.08316 -0.6788486 -0.05262994 0.8159533 -0.6488386 -0.05262994 0.8459633 -0.6788486 -0.05262994 0.8159533 0.6488386 -0.05262994 0.8459633 0.6788486 -0.05262982 -1.08316 0.6788486 -0.05262982 -1.05315 0.6488386 -0.02077895 -1.05315 -0.6488386 -0.02077907 0.8159533 -0.6488386 -0.02077907 0.8159533 0.6488386 -0.02077895 -1.05315 0.6488386 0.01811623 -1.05315 -0.6488386 0.01811611 0.8159533 -0.6488386 0.01811611 0.8159533 0.6488386 0.01811623 -1.05315 0.6488386</float_array>
          <technique_common>
            <accessor source="#Glass_05-mesh-positions-array" count="24" stride="3">
              <param name="X" type="float"/>
              <param name="Y" type="float"/>
              <param name="Z" type="float"/>
            </accessor>
          </technique_common>
        </source>
        <source id="Glass_05-mesh-normals">
          <float_array id="Glass_05-mesh-normals-array" count="63">1 0 0 1 -1.19574e-7 0 1 0 0 1 0 0 -1 0 0 -1 2.11433e-7 0 -1 0 0 -1 3.10893e-7 0 0 0 1 0 0 -1 0 1 0 0 -1 0 1 0 0 -1 0 0 1 0 0 1 0 0 1 0 0 -1 0 0 -1 0 0 -1 0 0 1 0 0</float_array>
          <technique_common>
            <accessor source="#Glass_05-mesh-normals-array" count="21" stride="3">
              <param name="X" type="float"/>
              <param name="Y" type="float"/>
              <param name="Z" type="float"/>
            </accessor>
          </technique_common>
        </source>
        <source id="Glass_05-mesh-map-0">
          <float_array id="Glass_05-mesh-map-0-array" count="216">0.07847565 0 0.09711015 1.179236 0.07847571 1.19787 0.9028884 1.179236 0.07847523 1.19787 0.09710985 1.179235 0.9215243 1.19787 0.9028899 0.01863437 0.9215243 0 0.9215243 0 0.09711003 0.01863443 0.07847565 0 0.09711003 0.01863443 0.07847571 1.19787 0.09711015 1.179236 0.9215227 1.19787 0.09711003 1.179235 0.07847565 1.197869 0.90289 1.179235 0.9215243 0 0.9028899 0.01863437 0.9028899 0.01863437 0.07847565 0 0.09711003 0.01863443 -0.19787 0.5347432 1 0.4652567 1 0.5347433 -0.1792356 0.5347434 0.9813656 0.4652567 -0.1792356 0.4652567 1 0.4652567 -0.19787 0.5347432 1 0.5347433 -0.1792356 0.5347434 0.9813656 0.4652567 0.9813656 0.5347433 0.9215243 0.4652567 0.07847565 0.5347433 0.9215243 0.5347433 0.09711009 0.5347433 0.9028899 0.4652567 0.9028899 0.5347433 0.9028899 0.4652566 0.09711009 0.5347433 0.9028899 0.5347433 0.07847565 0.5347433 0.9215243 0.4652566 0.9215243 0.5347433 1 0.08151358 -0.2055299 0.9184865 -0.2055299 0.08151358 -0.2055299 0.9184865 1 0.08151358 -0.2055299 0.08151358 0.07847565 0 0.09711003 0.01863443 0.09711015 1.179236 0.9028884 1.179236 0.921522 1.19787 0.07847523 1.19787 0.9215243 1.19787 0.90289 1.179236 0.9028899 0.01863437 0.9215243 0 0.9028899 0.01863437 0.09711003 0.01863443 0.09711003 0.01863443 0.07847565 0 0.07847571 1.19787 0.9215227 1.19787 0.9028881 1.179236 0.09711003 1.179235 0.90289 1.179235 0.9215244 1.19787 0.9215243 0 0.9028899 0.01863437 0.9215243 0 0.07847565 0 -0.19787 0.5347432 -0.19787 0.4652567 1 0.4652567 -0.1792356 0.5347434 0.9813656 0.5347433 0.9813656 0.4652567 1 0.4652567 -0.19787 0.4652567 -0.19787 0.5347432 -0.1792356 0.5347434 -0.1792356 0.4652567 0.9813656 0.4652567 0.9215243 0.4652567 0.07847565 0.4652568 0.07847565 0.5347433 0.09711009 0.5347433 0.09711009 0.4652568 0.9028899 0.4652567 0.9028899 0.4652566 0.09711009 0.4652567 0.09711009 0.5347433 0.07847565 0.5347433 0.07847565 0.4652567 0.9215243 0.4652566 1 0.08151358 1 0.9184864 -0.2055299 0.9184865 -0.2055299 0.9184865 1 0.9184864 1 0.08151358</float_array>
          <technique_common>
            <accessor source="#Glass_05-mesh-map-0-array" count="108" stride="2">
              <param name="S" type="float"/>
              <param name="T" type="float"/>
            </accessor>
          </technique_common>
        </source>
        <vertices id="Glass_05-mesh-vertices">
          <input semantic="POSITION" source="#Glass_05-mesh-positions"/>
        </vertices>
        <triangles material="Metal_01-material" count="32">
          <input semantic="VERTEX" source="#Glass_05-mesh-vertices" offset="0"/>
          <input semantic="NORMAL" source="#Glass_05-mesh-normals" offset="1"/>
          <input semantic="TEXCOORD" source="#Glass_05-mesh-map-0" offset="2" set="0"/>
          <p>2 0 0 1 0 1 0 0 2 6 1 3 0 1 4 1 1 5 7 2 6 5 2 7 4 2 8 4 3 9 3 3 10 2 3 11 10 4 12 9 4 13 8 4 14 14 5 15 8 5 16 9 5 17 15 6 18 13 6 19 12 6 20 12 7 21 11 7 22 10 7 23 14 8 24 4 8 25 13 8 26 15 9 27 5 9 28 6 9 29 2 9 30 9 9 31 11 9 32 8 8 33 3 8 34 10 8 35 4 10 36 11 10 37 13 10 38 10 11 39 5 11 40 12 11 41 6 10 42 8 10 43 15 10 44 9 11 45 7 11 46 14 11 47 2 14 54 3 14 55 1 14 56 6 15 57 7 15 58 0 15 59 7 16 60 6 16 61 5 16 62 4 15 63 5 15 64 3 15 65 10 17 66 11 17 67 9 17 68 14 18 69 15 18 70 8 18 71 15 19 72 14 19 73 13 19 74 12 18 75 13 18 76 11 18 77 14 8 78 7 8 79 4 8 80 15 9 81 12 9 82 5 9 83 2 9 84 0 9 85 9 9 86 8 8 87 1 8 88 3 8 89 4 10 90 2 10 91 11 10 92 10 11 93 3 11 94 5 11 95 6 10 96 1 10 97 8 10 98 9 11 99 0 11 100 7 11 101</p>
        </triangles>
        <triangles material="Glass-material" count="4">
          <input semantic="VERTEX" source="#Glass_05-mesh-vertices" offset="0"/>
          <input semantic="NORMAL" source="#Glass_05-mesh-normals" offset="1"/>
          <input semantic="TEXCOORD" source="#Glass_05-mesh-map-0" offset="2" set="0"/>
          <p>21 12 48 23 12 49 20 12 50 19 13 51 17 13 52 16 13 53 21 20 102 22 20 103 23 20 104 19 13 105 18 13 106 17 13 107</p>
        </triangles>
      </mesh>
    </geometry>
    <geometry id="Glass_04-mesh" name="Glass_04">
      <mesh>
        <source id="Glass_04-mesh-positions">
          <float_array id="Glass_04-mesh-positions-array" count="72">0.0592755 -1.08316 -0.6788486 0.0592755 -1.05315 -0.6488386 0.05927544 0.8459633 -0.6788486 0.05927544 0.8159533 -0.6488386 0.05927544 0.8459633 0.6788486 0.05927544 0.8159533 0.6488386 0.0592755 -1.05315 0.6488386 0.0592755 -1.08316 0.6788486 -0.05262982 -1.05315 -0.6488386 -0.05262982 -1.08316 -0.6788486 -0.05262994 0.8159533 -0.6488386 -0.05262994 0.8459633 -0.6788486 -0.05262994 0.8159533 0.6488386 -0.05262994 0.8459633 0.6788486 -0.05262982 -1.08316 0.6788486 -0.05262982 -1.05315 0.6488386 -0.02077895 -1.05315 -0.6488386 -0.02077907 0.8159533 -0.6488386 -0.02077907 0.8159533 0.6488386 -0.02077895 -1.05315 0.6488386 0.01811623 -1.05315 -0.6488386 0.01811611 0.8159533 -0.6488386 0.01811611 0.8159533 0.6488386 0.01811623 -1.05315 0.6488386</float_array>
          <technique_common>
            <accessor source="#Glass_04-mesh-positions-array" count="24" stride="3">
              <param name="X" type="float"/>
              <param name="Y" type="float"/>
              <param name="Z" type="float"/>
            </accessor>
          </technique_common>
        </source>
        <source id="Glass_04-mesh-normals">
          <float_array id="Glass_04-mesh-normals-array" count="63">1 0 0 1 -1.19574e-7 0 1 0 0 1 0 0 -1 0 0 -1 2.11433e-7 0 -1 0 0 -1 3.10893e-7 0 0 0 1 0 0 -1 0 1 0 0 -1 0 1 0 0 -1 0 0 1 0 0 1 0 0 1 0 0 -1 0 0 -1 0 0 -1 0 0 1 0 0</float_array>
          <technique_common>
            <accessor source="#Glass_04-mesh-normals-array" count="21" stride="3">
              <param name="X" type="float"/>
              <param name="Y" type="float"/>
              <param name="Z" type="float"/>
            </accessor>
          </technique_common>
        </source>
        <source id="Glass_04-mesh-map-0">
          <float_array id="Glass_04-mesh-map-0-array" count="216">0.07847565 0 0.09711015 1.179236 0.07847571 1.19787 0.9028884 1.179236 0.07847523 1.19787 0.09710985 1.179235 0.9215243 1.19787 0.9028899 0.01863437 0.9215243 0 0.9215243 0 0.09711003 0.01863443 0.07847565 0 0.09711003 0.01863443 0.07847571 1.19787 0.09711015 1.179236 0.9215227 1.19787 0.09711003 1.179235 0.07847565 1.197869 0.90289 1.179235 0.9215243 0 0.9028899 0.01863437 0.9028899 0.01863437 0.07847565 0 0.09711003 0.01863443 -0.19787 0.5347432 1 0.4652567 1 0.5347433 -0.1792356 0.5347434 0.9813656 0.4652567 -0.1792356 0.4652567 1 0.4652567 -0.19787 0.5347432 1 0.5347433 -0.1792356 0.5347434 0.9813656 0.4652567 0.9813656 0.5347433 0.9215243 0.4652567 0.07847565 0.5347433 0.9215243 0.5347433 0.09711009 0.5347433 0.9028899 0.4652567 0.9028899 0.5347433 0.9028899 0.4652566 0.09711009 0.5347433 0.9028899 0.5347433 0.07847565 0.5347433 0.9215243 0.4652566 0.9215243 0.5347433 1 0.08151358 -0.2055299 0.9184865 -0.2055299 0.08151358 -0.2055299 0.9184865 1 0.08151358 -0.2055299 0.08151358 0.07847565 0 0.09711003 0.01863443 0.09711015 1.179236 0.9028884 1.179236 0.921522 1.19787 0.07847523 1.19787 0.9215243 1.19787 0.90289 1.179236 0.9028899 0.01863437 0.9215243 0 0.9028899 0.01863437 0.09711003 0.01863443 0.09711003 0.01863443 0.07847565 0 0.07847571 1.19787 0.9215227 1.19787 0.9028881 1.179236 0.09711003 1.179235 0.90289 1.179235 0.9215244 1.19787 0.9215243 0 0.9028899 0.01863437 0.9215243 0 0.07847565 0 -0.19787 0.5347432 -0.19787 0.4652567 1 0.4652567 -0.1792356 0.5347434 0.9813656 0.5347433 0.9813656 0.4652567 1 0.4652567 -0.19787 0.4652567 -0.19787 0.5347432 -0.1792356 0.5347434 -0.1792356 0.4652567 0.9813656 0.4652567 0.9215243 0.4652567 0.07847565 0.4652568 0.07847565 0.5347433 0.09711009 0.5347433 0.09711009 0.4652568 0.9028899 0.4652567 0.9028899 0.4652566 0.09711009 0.4652567 0.09711009 0.5347433 0.07847565 0.5347433 0.07847565 0.4652567 0.9215243 0.4652566 1 0.08151358 1 0.9184864 -0.2055299 0.9184865 -0.2055299 0.9184865 1 0.9184864 1 0.08151358</float_array>
          <technique_common>
            <accessor source="#Glass_04-mesh-map-0-array" count="108" stride="2">
              <param name="S" type="float"/>
              <param name="T" type="float"/>
            </accessor>
          </technique_common>
        </source>
        <vertices id="Glass_04-mesh-vertices">
          <input semantic="POSITION" source="#Glass_04-mesh-positions"/>
        </vertices>
        <triangles material="Metal_01-material" count="32">
          <input semantic="VERTEX" source="#Glass_04-mesh-vertices" offset="0"/>
          <input semantic="NORMAL" source="#Glass_04-mesh-normals" offset="1"/>
          <input semantic="TEXCOORD" source="#Glass_04-mesh-map-0" offset="2" set="0"/>
          <p>2 0 0 1 0 1 0 0 2 6 1 3 0 1 4 1 1 5 7 2 6 5 2 7 4 2 8 4 3 9 3 3 10 2 3 11 10 4 12 9 4 13 8 4 14 14 5 15 8 5 16 9 5 17 15 6 18 13 6 19 12 6 20 12 7 21 11 7 22 10 7 23 14 8 24 4 8 25 13 8 26 15 9 27 5 9 28 6 9 29 2 9 30 9 9 31 11 9 32 8 8 33 3 8 34 10 8 35 4 10 36 11 10 37 13 10 38 10 11 39 5 11 40 12 11 41 6 10 42 8 10 43 15 10 44 9 11 45 7 11 46 14 11 47 2 14 54 3 14 55 1 14 56 6 15 57 7 15 58 0 15 59 7 16 60 6 16 61 5 16 62 4 15 63 5 15 64 3 15 65 10 17 66 11 17 67 9 17 68 14 18 69 15 18 70 8 18 71 15 19 72 14 19 73 13 19 74 12 18 75 13 18 76 11 18 77 14 8 78 7 8 79 4 8 80 15 9 81 12 9 82 5 9 83 2 9 84 0 9 85 9 9 86 8 8 87 1 8 88 3 8 89 4 10 90 2 10 91 11 10 92 10 11 93 3 11 94 5 11 95 6 10 96 1 10 97 8 10 98 9 11 99 0 11 100 7 11 101</p>
        </triangles>
        <triangles material="Glass-material" count="4">
          <input semantic="VERTEX" source="#Glass_04-mesh-vertices" offset="0"/>
          <input semantic="NORMAL" source="#Glass_04-mesh-normals" offset="1"/>
          <input semantic="TEXCOORD" source="#Glass_04-mesh-map-0" offset="2" set="0"/>
          <p>21 12 48 23 12 49 20 12 50 19 13 51 17 13 52 16 13 53 21 20 102 22 20 103 23 20 104 19 13 105 18 13 106 17 13 107</p>
        </triangles>
      </mesh>
    </geometry>
    <geometry id="Glass_03-mesh" name="Glass_03">
      <mesh>
        <source id="Glass_03-mesh-positions">
          <float_array id="Glass_03-mesh-positions-array" count="72">0.0592755 -0.8459633 -0.6788486 0.0592755 -0.8159533 -0.6488386 0.05927544 0.8459633 -0.6788486 0.05927544 0.8159533 -0.6488386 0.05927544 0.8459633 0.6788486 0.05927544 0.8159533 0.6488386 0.0592755 -0.8159533 0.6488386 0.0592755 -0.8459633 0.6788486 -0.05262982 -0.8159533 -0.6488386 -0.05262982 -0.8459633 -0.6788486 -0.05262994 0.8159533 -0.6488386 -0.05262994 0.8459633 -0.6788486 -0.05262994 0.8159533 0.6488386 -0.05262994 0.8459633 0.6788486 -0.05262982 -0.8459633 0.6788486 -0.05262982 -0.8159533 0.6488386 -0.02077895 -0.8159533 -0.6488386 -0.02077907 0.8159533 -0.6488386 -0.02077907 0.8159533 0.6488386 -0.02077895 -0.8159533 0.6488386 0.01811623 -0.8159533 -0.6488386 0.01811611 0.8159533 -0.6488386 0.01811611 0.8159533 0.6488386 0.01811623 -0.8159533 0.6488386</float_array>
          <technique_common>
            <accessor source="#Glass_03-mesh-positions-array" count="24" stride="3">
              <param name="X" type="float"/>
              <param name="Y" type="float"/>
              <param name="Z" type="float"/>
            </accessor>
          </technique_common>
        </source>
        <source id="Glass_03-mesh-normals">
          <float_array id="Glass_03-mesh-normals-array" count="66">1 0 0 1 -1.3751e-7 0 1 0 0 1 0 0 -1 0 0 -1 -1.37146e-7 0 -1 0 0 -1 3.10893e-7 0 0 0 1 0 0 -1 0 1 0 0 -1 0 1 0 0 -1 0 0 1 0 0 1 0 0 1 0 0 -1 0 0 -1 0 0 -1 0 0 1 0 0 -1 0 0</float_array>
          <technique_common>
            <accessor source="#Glass_03-mesh-normals-array" count="22" stride="3">
              <param name="X" type="float"/>
              <param name="Y" type="float"/>
              <param name="Z" type="float"/>
            </accessor>
          </technique_common>
        </source>
        <source id="Glass_03-mesh-map-0">
          <float_array id="Glass_03-mesh-map-0-array" count="216">0.07847565 0 0.09711009 1.031951 0.07847571 1.050585 0.90289 1.031951 0.07847565 1.050585 0.09711009 1.031951 0.9215244 1.050585 0.9028899 0.01863437 0.9215243 0 0.9215243 0 0.09711003 0.01863443 0.07847565 0 0.09711003 0.01863443 0.07847571 1.050585 0.09711009 1.031951 0.9215241 1.050585 0.09711009 1.031951 0.07847571 1.050585 0.9028899 1.031951 0.9215243 0 0.9028899 0.01863437 0.9028899 0.01863437 0.07847565 0 0.09711003 0.01863443 -0.05058515 0.5347432 1 0.4652567 1 0.5347433 -0.03195071 0.5347434 0.9813656 0.4652567 -0.03195071 0.4652567 1 0.4652567 -0.05058515 0.5347432 1 0.5347433 -0.03195071 0.5347434 0.9813656 0.4652567 0.9813656 0.5347433 0.9215243 0.4652567 0.07847565 0.5347433 0.9215243 0.5347433 0.09711009 0.5347433 0.9028899 0.4652567 0.9028899 0.5347433 0.9028899 0.4652566 0.09711009 0.5347433 0.9028899 0.5347433 0.07847565 0.5347433 0.9215243 0.4652566 0.9215243 0.5347433 1 0.08151358 -0.05254334 0.9184864 -0.05254334 0.08151358 -0.05254334 0.9184864 1 0.08151358 -0.05254334 0.08151358 0.07847565 0 0.09711003 0.01863443 0.09711009 1.031951 0.90289 1.031951 0.9215241 1.050585 0.07847565 1.050585 0.9215244 1.050585 0.90289 1.031951 0.9028899 0.01863437 0.9215243 0 0.9028899 0.01863437 0.09711003 0.01863443 0.09711003 0.01863443 0.07847565 0 0.07847571 1.050585 0.9215241 1.050585 0.9028899 1.031951 0.09711009 1.031951 0.9028899 1.031951 0.9215244 1.050585 0.9215243 0 0.9028899 0.01863437 0.9215243 0 0.07847565 0 -0.05058515 0.5347432 -0.05058515 0.4652567 1 0.4652567 -0.03195071 0.5347434 0.9813656 0.5347433 0.9813656 0.4652567 1 0.4652567 -0.05058515 0.4652567 -0.05058515 0.5347432 -0.03195071 0.5347434 -0.03195071 0.4652567 0.9813656 0.4652567 0.9215243 0.4652567 0.07847565 0.4652568 0.07847565 0.5347433 0.09711009 0.5347433 0.09711009 0.4652568 0.9028899 0.4652567 0.9028899 0.4652566 0.09711009 0.4652567 0.09711009 0.5347433 0.07847565 0.5347433 0.07847565 0.4652567 0.9215243 0.4652566 1 0.08151358 1 0.9184864 -0.05254334 0.9184864 -0.05254334 0.9184864 1 0.9184864 1 0.08151358</float_array>
          <technique_common>
            <accessor source="#Glass_03-mesh-map-0-array" count="108" stride="2">
              <param name="S" type="float"/>
              <param name="T" type="float"/>
            </accessor>
          </technique_common>
        </source>
        <vertices id="Glass_03-mesh-vertices">
          <input semantic="POSITION" source="#Glass_03-mesh-positions"/>
        </vertices>
        <triangles material="Metal_01-material" count="32">
          <input semantic="VERTEX" source="#Glass_03-mesh-vertices" offset="0"/>
          <input semantic="NORMAL" source="#Glass_03-mesh-normals" offset="1"/>
          <input semantic="TEXCOORD" source="#Glass_03-mesh-map-0" offset="2" set="0"/>
          <p>2 0 0 1 0 1 0 0 2 6 1 3 0 1 4 1 1 5 7 2 6 5 2 7 4 2 8 4 3 9 3 3 10 2 3 11 10 4 12 9 4 13 8 4 14 14 5 15 8 5 16 9 5 17 15 6 18 13 6 19 12 6 20 12 7 21 11 7 22 10 7 23 14 8 24 4 8 25 13 8 26 15 9 27 5 9 28 6 9 29 2 9 30 9 9 31 11 9 32 8 8 33 3 8 34 10 8 35 4 10 36 11 10 37 13 10 38 10 11 39 5 11 40 12 11 41 6 10 42 8 10 43 15 10 44 9 11 45 7 11 46 14 11 47 2 14 54 3 14 55 1 14 56 6 15 57 7 15 58 0 15 59 7 16 60 6 16 61 5 16 62 4 15 63 5 15 64 3 15 65 10 17 66 11 17 67 9 17 68 14 18 69 15 18 70 8 18 71 15 19 72 14 19 73 13 19 74 12 18 75 13 18 76 11 18 77 14 8 78 7 8 79 4 8 80 15 9 81 12 9 82 5 9 83 2 9 84 0 9 85 9 9 86 8 8 87 1 8 88 3 8 89 4 10 90 2 10 91 11 10 92 10 11 93 3 11 94 5 11 95 6 10 96 1 10 97 8 10 98 9 11 99 0 11 100 7 11 101</p>
        </triangles>
        <triangles material="Glass-material" count="4">
          <input semantic="VERTEX" source="#Glass_03-mesh-vertices" offset="0"/>
          <input semantic="NORMAL" source="#Glass_03-mesh-normals" offset="1"/>
          <input semantic="TEXCOORD" source="#Glass_03-mesh-map-0" offset="2" set="0"/>
          <p>21 12 48 23 12 49 20 12 50 19 13 51 17 13 52 16 13 53 21 20 102 22 20 103 23 20 104 19 21 105 18 21 106 17 21 107</p>
        </triangles>
      </mesh>
    </geometry>
    <geometry id="Glass_02-mesh" name="Glass_02">
      <mesh>
        <source id="Glass_02-mesh-positions">
          <float_array id="Glass_02-mesh-positions-array" count="72">0.05595272 -0.8046498 -0.6788486 0.05595272 -0.7746399 -0.6488386 0.0559526 0.8058114 -0.6788486 0.0559526 0.7758014 -0.6488386 0.0559526 0.8058114 0.6788486 0.0559526 0.7758014 0.6488386 0.05595272 -0.7746399 0.6488386 0.05595272 -0.8046498 0.6788486 -0.0559526 -0.7746399 -0.6488386 -0.0559526 -0.8046498 -0.6788486 -0.05595272 0.7758014 -0.6488386 -0.05595272 0.8058114 -0.6788486 -0.05595272 0.7758014 0.6488386 -0.05595272 0.8058114 0.6788486 -0.0559526 -0.8046498 0.6788486 -0.0559526 -0.7746399 0.6488386 -0.02410173 -0.7746399 -0.6488386 -0.02410185 0.7758014 -0.6488386 -0.02410185 0.7758014 0.6488386 -0.02410173 -0.7746399 0.6488386 0.01479345 -0.7746399 -0.6488386 0.01479333 0.7758014 -0.6488386 0.01479333 0.7758014 0.6488386 0.01479345 -0.7746399 0.6488386</float_array>
          <technique_common>
            <accessor source="#Glass_02-mesh-positions-array" count="24" stride="3">
              <param name="X" type="float"/>
              <param name="Y" type="float"/>
              <param name="Z" type="float"/>
            </accessor>
          </technique_common>
        </source>
        <source id="Glass_02-mesh-normals">
          <float_array id="Glass_02-mesh-normals-array" count="63">1 0 0 1 1.55447e-7 0 1 0 0 1 0 0 -1 0 0 -1 0 0 -1 0 0 -1 -1.55447e-7 0 0 0 1 0 0 -1 0 1 0 0 -1 0 1 0 0 -1 0 0 1 0 0 1 0 0 1 0 0 -1 0 0 -1 0 0 -1 0 0 -1 0 0</float_array>
          <technique_common>
            <accessor source="#Glass_02-mesh-normals-array" count="21" stride="3">
              <param name="X" type="float"/>
              <param name="Y" type="float"/>
              <param name="Z" type="float"/>
            </accessor>
          </technique_common>
        </source>
        <source id="Glass_02-mesh-map-0">
          <float_array id="Glass_02-mesh-map-0-array" count="216">0.07847565 0 0.09711009 0.9813656 0.07847571 1 0.90289 0.9813656 0.07847571 1 0.09711009 0.9813656 0.9215243 1 0.9028899 0.01863437 0.9215243 0 0.9215243 0 0.09711003 0.01863443 0.07847565 0 0.09711003 0.01863443 0.07847571 1 0.09711009 0.9813656 0.9215243 1 0.09711009 0.9813656 0.07847571 1 0.90289 0.9813656 0.9215243 0 0.9028899 0.01863437 0.9028899 0.01863437 0.07847565 0 0.09711003 0.01863443 0 0.5347433 1 0.4652567 1 0.5347433 0.01863437 0.5347433 0.9813656 0.4652567 0.01863443 0.4652567 1 0.4652567 0 0.5347433 1 0.5347433 0.01863437 0.5347433 0.9813656 0.4652567 0.9813656 0.5347433 0.9215243 0.4652567 0.07847565 0.5347433 0.9215243 0.5347433 0.09711009 0.5347433 0.9028899 0.4652567 0.9028899 0.5347433 0.9028899 0.4652566 0.09711009 0.5347433 0.9028899 0.5347433 0.07847565 0.5347433 0.9215243 0.4652566 0.9215243 0.5347433 1 0.08151358 0 0.9184864 0 0.08151358 0 0.9184864 1 0.08151358 0 0.08151358 0.07847565 0 0.09711003 0.01863443 0.09711009 0.9813656 0.90289 0.9813656 0.9215243 1 0.07847571 1 0.9215243 1 0.90289 0.9813656 0.9028899 0.01863437 0.9215243 0 0.9028899 0.01863437 0.09711003 0.01863443 0.09711003 0.01863443 0.07847565 0 0.07847571 1 0.9215243 1 0.90289 0.9813656 0.09711009 0.9813656 0.90289 0.9813656 0.9215243 1 0.9215243 0 0.9028899 0.01863437 0.9215243 0 0.07847565 0 0 0.5347433 0 0.4652567 1 0.4652567 0.01863437 0.5347433 0.9813656 0.5347433 0.9813656 0.4652567 1 0.4652567 0 0.4652567 0 0.5347433 0.01863437 0.5347433 0.01863443 0.4652567 0.9813656 0.4652567 0.9215243 0.4652567 0.07847565 0.4652568 0.07847565 0.5347433 0.09711009 0.5347433 0.09711009 0.4652568 0.9028899 0.4652567 0.9028899 0.4652566 0.09711009 0.4652567 0.09711009 0.5347433 0.07847565 0.5347433 0.07847565 0.4652567 0.9215243 0.4652566 1 0.08151358 1 0.9184864 0 0.9184864 0 0.9184864 1 0.9184864 1 0.08151358</float_array>
          <technique_common>
            <accessor source="#Glass_02-mesh-map-0-array" count="108" stride="2">
              <param name="S" type="float"/>
              <param name="T" type="float"/>
            </accessor>
          </technique_common>
        </source>
        <vertices id="Glass_02-mesh-vertices">
          <input semantic="POSITION" source="#Glass_02-mesh-positions"/>
        </vertices>
        <triangles material="Metal_01-material" count="32">
          <input semantic="VERTEX" source="#Glass_02-mesh-vertices" offset="0"/>
          <input semantic="NORMAL" source="#Glass_02-mesh-normals" offset="1"/>
          <input semantic="TEXCOORD" source="#Glass_02-mesh-map-0" offset="2" set="0"/>
          <p>2 0 0 1 0 1 0 0 2 6 1 3 0 1 4 1 1 5 7 2 6 5 2 7 4 2 8 4 3 9 3 3 10 2 3 11 10 4 12 9 4 13 8 4 14 14 5 15 8 5 16 9 5 17 15 6 18 13 6 19 12 6 20 12 7 21 11 7 22 10 7 23 14 8 24 4 8 25 13 8 26 15 9 27 5 9 28 6 9 29 2 9 30 9 9 31 11 9 32 8 8 33 3 8 34 10 8 35 4 10 36 11 10 37 13 10 38 10 11 39 5 11 40 12 11 41 6 10 42 8 10 43 15 10 44 9 11 45 7 11 46 14 11 47 2 14 54 3 14 55 1 14 56 6 15 57 7 15 58 0 15 59 7 16 60 6 16 61 5 16 62 4 15 63 5 15 64 3 15 65 10 17 66 11 17 67 9 17 68 14 18 69 15 18 70 8 18 71 15 19 72 14 19 73 13 19 74 12 18 75 13 18 76 11 18 77 14 8 78 7 8 79 4 8 80 15 9 81 12 9 82 5 9 83 2 9 84 0 9 85 9 9 86 8 8 87 1 8 88 3 8 89 4 10 90 2 10 91 11 10 92 10 11 93 3 11 94 5 11 95 6 10 96 1 10 97 8 10 98 9 11 99 0 11 100 7 11 101</p>
        </triangles>
        <triangles material="Glass-material" count="4">
          <input semantic="VERTEX" source="#Glass_02-mesh-vertices" offset="0"/>
          <input semantic="NORMAL" source="#Glass_02-mesh-normals" offset="1"/>
          <input semantic="TEXCOORD" source="#Glass_02-mesh-map-0" offset="2" set="0"/>
          <p>21 12 48 23 12 49 20 12 50 19 13 51 17 13 52 16 13 53 21 12 102 22 12 103 23 12 104 19 20 105 18 20 106 17 20 107</p>
        </triangles>
      </mesh>
    </geometry>
    <geometry id="Glass_01-mesh" name="Glass_01">
      <mesh>
        <source id="Glass_01-mesh-positions">
          <float_array id="Glass_01-mesh-positions-array" count="72">0.05595272 -0.8046498 -0.6788486 0.05595272 -0.7746399 -0.6488386 0.0559526 0.8535851 -0.6788486 0.0559526 0.8235751 -0.6488386 0.0559526 0.8535851 0.6788486 0.0559526 0.8235751 0.6488386 0.05595272 -0.7746399 0.6488386 0.05595272 -0.8046498 0.6788486 -0.0559526 -0.7746399 -0.6488386 -0.0559526 -0.8046498 -0.6788486 -0.05595272 0.8235751 -0.6488386 -0.05595272 0.8535851 -0.6788486 -0.05595272 0.8235751 0.6488386 -0.05595272 0.8535851 0.6788486 -0.0559526 -0.8046498 0.6788486 -0.0559526 -0.7746399 0.6488386 -0.02410173 -0.7746399 -0.6488386 -0.02410185 0.8235751 -0.6488386 -0.02410185 0.8235751 0.6488386 -0.02410173 -0.7746399 0.6488386 0.01479345 -0.7746399 -0.6488386 0.01479333 0.8235751 -0.6488386 0.01479333 0.8235751 0.6488386 0.01479345 -0.7746399 0.6488386</float_array>
          <technique_common>
            <accessor source="#Glass_01-mesh-positions-array" count="24" stride="3">
              <param name="X" type="float"/>
              <param name="Y" type="float"/>
              <param name="Z" type="float"/>
            </accessor>
          </technique_common>
        </source>
        <source id="Glass_01-mesh-normals">
          <float_array id="Glass_01-mesh-normals-array" count="63">1 0 0 1 1.55447e-7 0 1 0 0 1 0 0 -1 0 0 -1 0 0 -1 0 0 -1 -1.55447e-7 0 0 0 1 0 0 -1 0 1 0 0 -1 0 1 0 0 -1 0 0 1 0 0 1 0 0 1 0 0 -1 0 0 -1 0 0 -1 0 0 -1 0 0</float_array>
          <technique_common>
            <accessor source="#Glass_01-mesh-normals-array" count="21" stride="3">
              <param name="X" type="float"/>
              <param name="Y" type="float"/>
              <param name="Z" type="float"/>
            </accessor>
          </technique_common>
        </source>
        <source id="Glass_01-mesh-map-0">
          <float_array id="Glass_01-mesh-map-0-array" count="216">0.07847565 -0.02966457 0.09711009 0.9813656 0.07847571 1 0.90289 0.9813656 0.07847571 1 0.09711009 0.9813656 0.9215243 1 0.9028899 -0.01103019 0.9215242 -0.02966457 0.9215243 -0.02966457 0.09711003 -0.01103019 0.07847571 -0.02966463 0.09711003 -0.01103013 0.07847571 1 0.09711009 0.9813656 0.9215243 1 0.09711009 0.9813656 0.07847571 1 0.90289 0.9813656 0.9215242 -0.02966457 0.9028899 -0.01103019 0.9028899 -0.01103019 0.07847571 -0.02966463 0.09711003 -0.01103019 0 0.5347433 1.029664 0.4652566 1.029665 0.5347433 0.01863437 0.5347433 1.01103 0.4652567 0.01863443 0.4652567 1.029664 0.4652566 0 0.5347433 1.029665 0.5347433 0.01863437 0.5347433 1.01103 0.4652567 1.01103 0.5347433 0.9215243 0.4652567 0.07847565 0.5347433 0.9215243 0.5347433 0.09711009 0.5347433 0.9028899 0.4652567 0.9028899 0.5347433 0.9028899 0.4652566 0.09711009 0.5347433 0.9028899 0.5347433 0.07847565 0.5347433 0.9215243 0.4652566 0.9215243 0.5347433 1.030813 0.08151358 0 0.9184864 0 0.08151358 0 0.9184864 1.030813 0.08151358 0 0.08151358 0.07847565 -0.02966457 0.09711003 -0.01103013 0.09711009 0.9813656 0.90289 0.9813656 0.9215243 1 0.07847571 1 0.9215243 1 0.90289 0.9813656 0.9028899 -0.01103019 0.9215243 -0.02966457 0.9028899 -0.01103019 0.09711003 -0.01103019 0.09711003 -0.01103013 0.07847565 -0.02966457 0.07847571 1 0.9215243 1 0.90289 0.9813656 0.09711009 0.9813656 0.90289 0.9813656 0.9215243 1 0.9215242 -0.02966457 0.9028899 -0.01103019 0.9215242 -0.02966457 0.07847571 -0.02966463 0 0.5347433 0 0.4652567 1.029664 0.4652566 0.01863437 0.5347433 1.01103 0.5347433 1.01103 0.4652567 1.029664 0.4652566 0 0.4652567 0 0.5347433 0.01863437 0.5347433 0.01863443 0.4652567 1.01103 0.4652567 0.9215243 0.4652567 0.07847565 0.4652568 0.07847565 0.5347433 0.09711009 0.5347433 0.09711009 0.4652568 0.9028899 0.4652567 0.9028899 0.4652566 0.09711009 0.4652567 0.09711009 0.5347433 0.07847565 0.5347433 0.07847565 0.4652567 0.9215243 0.4652566 1.030813 0.08151358 1.030813 0.9184864 0 0.9184864 0 0.9184864 1.030813 0.9184863 1.030813 0.08151358</float_array>
          <technique_common>
            <accessor source="#Glass_01-mesh-map-0-array" count="108" stride="2">
              <param name="S" type="float"/>
              <param name="T" type="float"/>
            </accessor>
          </technique_common>
        </source>
        <vertices id="Glass_01-mesh-vertices">
          <input semantic="POSITION" source="#Glass_01-mesh-positions"/>
        </vertices>
        <triangles material="Metal_01-material" count="32">
          <input semantic="VERTEX" source="#Glass_01-mesh-vertices" offset="0"/>
          <input semantic="NORMAL" source="#Glass_01-mesh-normals" offset="1"/>
          <input semantic="TEXCOORD" source="#Glass_01-mesh-map-0" offset="2" set="0"/>
          <p>2 0 0 1 0 1 0 0 2 6 1 3 0 1 4 1 1 5 7 2 6 5 2 7 4 2 8 4 3 9 3 3 10 2 3 11 10 4 12 9 4 13 8 4 14 14 5 15 8 5 16 9 5 17 15 6 18 13 6 19 12 6 20 12 7 21 11 7 22 10 7 23 14 8 24 4 8 25 13 8 26 15 9 27 5 9 28 6 9 29 2 9 30 9 9 31 11 9 32 8 8 33 3 8 34 10 8 35 4 10 36 11 10 37 13 10 38 10 11 39 5 11 40 12 11 41 6 10 42 8 10 43 15 10 44 9 11 45 7 11 46 14 11 47 2 14 54 3 14 55 1 14 56 6 15 57 7 15 58 0 15 59 7 16 60 6 16 61 5 16 62 4 15 63 5 15 64 3 15 65 10 17 66 11 17 67 9 17 68 14 18 69 15 18 70 8 18 71 15 19 72 14 19 73 13 19 74 12 18 75 13 18 76 11 18 77 14 8 78 7 8 79 4 8 80 15 9 81 12 9 82 5 9 83 2 9 84 0 9 85 9 9 86 8 8 87 1 8 88 3 8 89 4 10 90 2 10 91 11 10 92 10 11 93 3 11 94 5 11 95 6 10 96 1 10 97 8 10 98 9 11 99 0 11 100 7 11 101</p>
        </triangles>
        <triangles material="Glass-material" count="4">
          <input semantic="VERTEX" source="#Glass_01-mesh-vertices" offset="0"/>
          <input semantic="NORMAL" source="#Glass_01-mesh-normals" offset="1"/>
          <input semantic="TEXCOORD" source="#Glass_01-mesh-map-0" offset="2" set="0"/>
          <p>21 12 48 23 12 49 20 12 50 19 13 51 17 13 52 16 13 53 21 12 102 22 12 103 23 12 104 19 20 105 18 20 106 17 20 107</p>
        </triangles>
      </mesh>
    </geometry>
    <geometry id="Glass-mesh" name="Glass">
      <mesh>
        <source id="Glass-mesh-positions">
          <float_array id="Glass-mesh-positions-array" count="72">0.05595272 -0.8046498 -0.6788486 0.05595272 -0.7746399 -0.6488386 0.0559526 0.8058114 -0.6788486 0.0559526 0.7758014 -0.6488386 0.0559526 0.8058114 0.6788486 0.0559526 0.7758014 0.6488386 0.05595272 -0.7746399 0.6488386 0.05595272 -0.8046498 0.6788486 -0.0559526 -0.7746399 -0.6488386 -0.0559526 -0.8046498 -0.6788486 -0.05595272 0.7758014 -0.6488386 -0.05595272 0.8058114 -0.6788486 -0.05595272 0.7758014 0.6488386 -0.05595272 0.8058114 0.6788486 -0.0559526 -0.8046498 0.6788486 -0.0559526 -0.7746399 0.6488386 -0.02410173 -0.7746399 -0.6488386 -0.02410185 0.7758014 -0.6488386 -0.02410185 0.7758014 0.6488386 -0.02410173 -0.7746399 0.6488386 0.01479345 -0.7746399 -0.6488386 0.01479333 0.7758014 -0.6488386 0.01479333 0.7758014 0.6488386 0.01479345 -0.7746399 0.6488386</float_array>
          <technique_common>
            <accessor source="#Glass-mesh-positions-array" count="24" stride="3">
              <param name="X" type="float"/>
              <param name="Y" type="float"/>
              <param name="Z" type="float"/>
            </accessor>
          </technique_common>
        </source>
        <source id="Glass-mesh-normals">
          <float_array id="Glass-mesh-normals-array" count="63">1 0 0 1 1.55447e-7 0 1 0 0 1 0 0 -1 0 0 -1 0 0 -1 0 0 -1 -1.55447e-7 0 0 0 1 0 0 -1 0 1 0 0 -1 0 1 0 0 -1 0 0 1 0 0 1 0 0 1 0 0 -1 0 0 -1 0 0 -1 0 0 -1 0 0</float_array>
          <technique_common>
            <accessor source="#Glass-mesh-normals-array" count="21" stride="3">
              <param name="X" type="float"/>
              <param name="Y" type="float"/>
              <param name="Z" type="float"/>
            </accessor>
          </technique_common>
        </source>
        <source id="Glass-mesh-map-0">
          <float_array id="Glass-mesh-map-0-array" count="216">0.07847565 0 0.09711009 0.9813656 0.07847571 1 0.90289 0.9813656 0.07847571 1 0.09711009 0.9813656 0.9215243 1 0.9028899 0.01863437 0.9215243 0 0.9215243 0 0.09711003 0.01863443 0.07847565 0 0.09711003 0.01863443 0.07847571 1 0.09711009 0.9813656 0.9215243 1 0.09711009 0.9813656 0.07847571 1 0.90289 0.9813656 0.9215243 0 0.9028899 0.01863437 0.9028899 0.01863437 0.07847565 0 0.09711003 0.01863443 0 0.5347433 1 0.4652567 1 0.5347433 0.01863437 0.5347433 0.9813656 0.4652567 0.01863443 0.4652567 1 0.4652567 0 0.5347433 1 0.5347433 0.01863437 0.5347433 0.9813656 0.4652567 0.9813656 0.5347433 0.9215243 0.4652567 0.07847565 0.5347433 0.9215243 0.5347433 0.09711009 0.5347433 0.9028899 0.4652567 0.9028899 0.5347433 0.9028899 0.4652566 0.09711009 0.5347433 0.9028899 0.5347433 0.07847565 0.5347433 0.9215243 0.4652566 0.9215243 0.5347433 1 0.08151358 0 0.9184864 0 0.08151358 0 0.9184864 1 0.08151358 0 0.08151358 0.07847565 0 0.09711003 0.01863443 0.09711009 0.9813656 0.90289 0.9813656 0.9215243 1 0.07847571 1 0.9215243 1 0.90289 0.9813656 0.9028899 0.01863437 0.9215243 0 0.9028899 0.01863437 0.09711003 0.01863443 0.09711003 0.01863443 0.07847565 0 0.07847571 1 0.9215243 1 0.90289 0.9813656 0.09711009 0.9813656 0.90289 0.9813656 0.9215243 1 0.9215243 0 0.9028899 0.01863437 0.9215243 0 0.07847565 0 0 0.5347433 0 0.4652567 1 0.4652567 0.01863437 0.5347433 0.9813656 0.5347433 0.9813656 0.4652567 1 0.4652567 0 0.4652567 0 0.5347433 0.01863437 0.5347433 0.01863443 0.4652567 0.9813656 0.4652567 0.9215243 0.4652567 0.07847565 0.4652568 0.07847565 0.5347433 0.09711009 0.5347433 0.09711009 0.4652568 0.9028899 0.4652567 0.9028899 0.4652566 0.09711009 0.4652567 0.09711009 0.5347433 0.07847565 0.5347433 0.07847565 0.4652567 0.9215243 0.4652566 1 0.08151358 1 0.9184864 0 0.9184864 0 0.9184864 1 0.9184864 1 0.08151358</float_array>
          <technique_common>
            <accessor source="#Glass-mesh-map-0-array" count="108" stride="2">
              <param name="S" type="float"/>
              <param name="T" type="float"/>
            </accessor>
          </technique_common>
        </source>
        <vertices id="Glass-mesh-vertices">
          <input semantic="POSITION" source="#Glass-mesh-positions"/>
        </vertices>
        <triangles material="Metal_01-material" count="32">
          <input semantic="VERTEX" source="#Glass-mesh-vertices" offset="0"/>
          <input semantic="NORMAL" source="#Glass-mesh-normals" offset="1"/>
          <input semantic="TEXCOORD" source="#Glass-mesh-map-0" offset="2" set="0"/>
          <p>2 0 0 1 0 1 0 0 2 6 1 3 0 1 4 1 1 5 7 2 6 5 2 7 4 2 8 4 3 9 3 3 10 2 3 11 10 4 12 9 4 13 8 4 14 14 5 15 8 5 16 9 5 17 15 6 18 13 6 19 12 6 20 12 7 21 11 7 22 10 7 23 14 8 24 4 8 25 13 8 26 15 9 27 5 9 28 6 9 29 2 9 30 9 9 31 11 9 32 8 8 33 3 8 34 10 8 35 4 10 36 11 10 37 13 10 38 10 11 39 5 11 40 12 11 41 6 10 42 8 10 43 15 10 44 9 11 45 7 11 46 14 11 47 2 14 54 3 14 55 1 14 56 6 15 57 7 15 58 0 15 59 7 16 60 6 16 61 5 16 62 4 15 63 5 15 64 3 15 65 10 17 66 11 17 67 9 17 68 14 18 69 15 18 70 8 18 71 15 19 72 14 19 73 13 19 74 12 18 75 13 18 76 11 18 77 14 8 78 7 8 79 4 8 80 15 9 81 12 9 82 5 9 83 2 9 84 0 9 85 9 9 86 8 8 87 1 8 88 3 8 89 4 10 90 2 10 91 11 10 92 10 11 93 3 11 94 5 11 95 6 10 96 1 10 97 8 10 98 9 11 99 0 11 100 7 11 101</p>
        </triangles>
        <triangles material="Glass-material" count="4">
          <input semantic="VERTEX" source="#Glass-mesh-vertices" offset="0"/>
          <input semantic="NORMAL" source="#Glass-mesh-normals" offset="1"/>
          <input semantic="TEXCOORD" source="#Glass-mesh-map-0" offset="2" set="0"/>
          <p>21 12 48 23 12 49 20 12 50 19 13 51 17 13 52 16 13 53 21 12 102 22 12 103 23 12 104 19 20 105 18 20 106 17 20 107</p>
        </triangles>
      </mesh>
    </geometry>
    <geometry id="DoorsMetal_001-mesh" name="DoorsMetal.001">
      <mesh>
        <source id="DoorsMetal_001-mesh-positions">
          <float_array id="DoorsMetal_001-mesh-positions-array" count="168">-0.0453906 -1.148935 -1.490654 -0.0453906 -1.148935 1.14853 -0.0453906 -1.2517e-5 -1.490654 -0.0453906 -1.2517e-5 1.14853 0.06018745 -1.148935 -1.490654 0.06018745 -1.148935 1.14853 0.06018745 -1.2517e-5 -1.490654 0.06018745 -1.2517e-5 1.14853 -0.0453906 -1.075718 -0.02190309 -0.0453906 -1.075718 1.021651 -0.0453906 -0.08182442 1.021651 -0.0453906 -0.08182442 -0.02190309 0.06018745 -1.075718 1.021651 0.06018745 -0.08182442 -0.02190309 0.06018745 -0.08182442 1.021651 0.06018745 -1.075718 -0.02190309 -0.01110637 -1.075718 1.021651 -0.01110637 -0.08182442 -0.02190309 -0.01110637 -0.08182442 1.021651 -0.01110637 -1.075718 -0.02190309 0.02889209 -1.075718 1.021651 0.02889209 -0.08182442 -0.02190309 0.02889209 -0.08182442 1.021651 0.02889209 -1.075718 -0.02190309 0.05162167 -1.131581 -0.2495763 0.05162167 -1.131581 0.06876891 0.05162167 -1.106864 -0.2495763 0.05162167 -1.106864 0.06876891 0.1129972 -1.131581 -0.2495763 0.1129972 -1.131581 0.06876891 0.1129972 -1.106864 -0.2495763 0.1129972 -1.106864 0.06876891 0.1352596 -1.106864 0.06876891 0.1352596 -1.106864 -0.2495763 0.1352596 -1.131581 -0.2495763 0.1352596 -1.131581 0.06876891 0.1129972 -1.002626 0.06876891 0.1129972 -1.002626 -0.2495763 0.1352596 -1.002626 0.06876891 0.1352596 -1.002626 -0.2495763 -0.03975391 -1.131581 -0.2495762 -0.03975391 -1.131581 0.06876891 -0.03975391 -1.106864 -0.2495762 -0.03975391 -1.106864 0.06876891 -0.1011295 -1.131581 -0.2495762 -0.1011295 -1.131581 0.06876891 -0.1011295 -1.106864 -0.2495762 -0.1011295 -1.106864 0.06876891 -0.1233919 -1.106864 0.06876891 -0.1233919 -1.106864 -0.2495762 -0.1233919 -1.131581 -0.2495762 -0.1233919 -1.131581 0.06876891 -0.1011295 -1.002626 0.06876891 -0.1011295 -1.002626 -0.2495762 -0.1233919 -1.002626 0.06876891 -0.1233919 -1.002626 -0.2495762</float_array>
          <technique_common>
            <accessor source="#DoorsMetal_001-mesh-positions-array" count="56" stride="3">
              <param name="X" type="float"/>
              <param name="Y" type="float"/>
              <param name="Z" type="float"/>
            </accessor>
          </technique_common>
        </source>
        <source id="DoorsMetal_001-mesh-normals">
          <float_array id="DoorsMetal_001-mesh-normals-array" count="33">-1 0 0 0 1 0 1 0 0 0 -1 0 0 0 -1 0 0 1 -1 0 0 -1 0 0 -1 0 0 1 0 0 1 0 0</float_array>
          <technique_common>
            <accessor source="#DoorsMetal_001-mesh-normals-array" count="11" stride="3">
              <param name="X" type="float"/>
              <param name="Y" type="float"/>
              <param name="Z" type="float"/>
            </accessor>
          </technique_common>
        </source>
        <source id="DoorsMetal_001-mesh-map-0">
          <float_array id="DoorsMetal_001-mesh-map-0-array" count="528">1 0.002206087 0.007424771 0.002206146 0.9293213 0.5573413 0.007424712 0.999723 0.9293212 0.9517675 0.07067877 0.9517676 0.9447835 0.999723 1 0.002206087 0.9447836 0.002206087 0.9293213 0.5573413 0.07067877 0.5573413 0.007424712 0.002206087 0.9293212 0.9517676 0.007424771 0.9997231 0.07067877 0.9517675 0.9836208 0.999723 0.9284044 0.002206146 0.983621 0.002206146 1 0.71875 0.9447834 0.2844983 0.9447835 0.71875 0.9447835 0.71875 1 0.2844983 1 0.71875 0.3330128 0.5025931 0.3904149 0.09255504 0.3904149 0.5025931 0.3330128 0.09255504 0.3904149 0.5025931 0.3904149 0.09255504 0.3330128 0.1023116 0.3904149 0.4928367 0.3330128 0.4928367 0.3904149 0.4928367 0.3330128 0.1023116 0.3330128 0.4928367 0.02379423 1 0.9762057 0 0.9762057 1 0.9762057 0 0.02379423 1 0.9762057 1 0.04178833 0.5899068 0.08900791 0.4827541 0.04178833 0.4827541 0.08900791 0.4827541 0.1061356 0.5899068 0.08900791 0.5899068 0.08900791 0.5899068 0.04178833 0.4827541 0.08900791 0.4827541 0.08900791 0.5229475 0.04178833 0.5146279 0.04178833 0.5229475 0.04178833 0.5229475 0.08900791 0.5146279 0.08900791 0.5229475 0.04337251 0.5899068 0.02435606 0.4827541 0.04337251 0.4827541 0.08900791 0.5229475 0.1061356 0.5146279 0.08900791 0.5146279 0.08900791 0.5146279 0.1061356 0.5229475 0.08900791 0.5229475 0.08900791 0.5229475 0.1061356 0.558033 0.1061356 0.5229475 0.08900791 0.5899068 0.1061356 0.4827541 0.08900791 0.4827541 0.04337251 0.4827541 0.1235678 0.5899068 0.04337251 0.5899068 0.1061356 0.5229475 0.08900791 0.558033 0.08900791 0.5229475 0.04337251 0.5899068 0.1235678 0.4827541 0.04337251 0.4827541 0.08900791 0.4827541 0.04178833 0.5899068 0.04178833 0.4827541 0.1061356 0.5899068 0.08900791 0.4827541 0.08900791 0.5899068 0.04178833 0.4827541 0.08900791 0.5899068 0.08900791 0.4827541 0.04178833 0.5146279 0.08900791 0.5229475 0.04178833 0.5229475 0.08900791 0.5146279 0.04178833 0.5229475 0.08900791 0.5229475 0.02435606 0.4827541 0.04337251 0.5899068 0.04337251 0.4827541 0.1061356 0.5146279 0.08900791 0.5229475 0.08900791 0.5146279 0.1061356 0.5229475 0.08900791 0.5146279 0.08900791 0.5229475 0.1061356 0.558033 0.08900791 0.5229475 0.1061356 0.5229475 0.1061356 0.4827541 0.08900791 0.5899068 0.08900791 0.4827541 0.1235678 0.5899068 0.04337251 0.4827541 0.04337251 0.5899068 0.08900791 0.558033 0.1061356 0.5229475 0.08900791 0.5229475 0.1235678 0.4827541 0.04337251 0.5899068 0.04337251 0.4827541 0.9293213 0.5573413 0.9293212 0.9517675 1 0.999723 0.007424771 0.002206146 0.007424712 0.9997232 0.07067877 0.5573413 0.007424712 0.9997232 0.07067877 0.9517676 0.07067877 0.5573413 0.9293213 0.5573413 1 0.999723 1 0.002206087 0.007424771 0.002206146 0.07067877 0.5573413 0.9293213 0.5573413 0.007424712 0.999723 1 0.999723 0.9293212 0.9517675 0.9447835 0.999723 1 0.999723 1 0.002206087 0.07067877 0.9517675 0.007424712 0.9997231 0.07067877 0.5573413 0.007424712 0.9997231 0.007424712 0.002206087 0.07067877 0.5573413 1 0.002206146 1 0.999723 0.9293213 0.5573413 1 0.999723 0.9293212 0.9517676 0.9293213 0.5573413 1 0.002206146 0.9293213 0.5573413 0.007424712 0.002206087 0.9293212 0.9517676 1 0.999723 0.007424771 0.9997231 0.9836208 0.999723 0.9284043 0.9997231 0.9284044 0.002206146 1 0.71875 1 0.2844983 0.9447834 0.2844983 0.9447835 0.71875 0.9447835 0.2844983 1 0.2844983 0.3330128 0.5025931 0.3330128 0.09255504 0.3904149 0.09255504 0.3330128 0.09255504 0.3330128 0.5025931 0.3904149 0.5025931 0.3330128 0.1023116 0.3904149 0.1023116 0.3904149 0.4928367 0.3904149 0.4928367 0.3904149 0.1023116 0.3330128 0.1023116 0.02379423 1 0.02379423 0 0.9762057 0 0.9762057 0 0.02379423 0 0.02379423 1 0.04178833 0.5899068 0.08900791 0.5899068 0.08900791 0.4827541 0.08900791 0.4827541 0.1061356 0.4827541 0.1061356 0.5899068 0.08900791 0.5899068 0.04178833 0.5899068 0.04178833 0.4827541 0.08900791 0.5229475 0.08900791 0.5146279 0.04178833 0.5146279 0.04178833 0.5229475 0.04178833 0.5146279 0.08900791 0.5146279 0.04337251 0.5899068 0.02435606 0.5899068 0.02435606 0.4827541 0.08900791 0.5229475 0.1061356 0.5229475 0.1061356 0.5146279 0.08900791 0.5146279 0.1061356 0.5146279 0.1061356 0.5229475 0.08900791 0.5229475 0.08900791 0.558033 0.1061356 0.558033 0.08900791 0.5899068 0.1061356 0.5899068 0.1061356 0.4827541 0.04337251 0.4827541 0.1235678 0.4827541 0.1235678 0.5899068 0.1061356 0.5229475 0.1061356 0.558033 0.08900791 0.558033 0.04337251 0.5899068 0.1235678 0.5899068 0.1235678 0.4827541 0.08900791 0.4827541 0.08900791 0.5899068 0.04178833 0.5899068 0.1061356 0.5899068 0.1061356 0.4827541 0.08900791 0.4827541 0.04178833 0.4827541 0.04178833 0.5899068 0.08900791 0.5899068 0.04178833 0.5146279 0.08900791 0.5146279 0.08900791 0.5229475 0.08900791 0.5146279 0.04178833 0.5146279 0.04178833 0.5229475 0.02435606 0.4827541 0.02435606 0.5899068 0.04337251 0.5899068 0.1061356 0.5146279 0.1061356 0.5229475 0.08900791 0.5229475 0.1061356 0.5229475 0.1061356 0.5146279 0.08900791 0.5146279 0.1061356 0.558033 0.08900791 0.558033 0.08900791 0.5229475 0.1061356 0.4827541 0.1061356 0.5899068 0.08900791 0.5899068 0.1235678 0.5899068 0.1235678 0.4827541 0.04337251 0.4827541 0.08900791 0.558033 0.1061356 0.558033 0.1061356 0.5229475 0.1235678 0.4827541 0.1235678 0.5899068 0.04337251 0.5899068</float_array>
          <technique_common>
            <accessor source="#DoorsMetal_001-mesh-map-0-array" count="264" stride="2">
              <param name="S" type="float"/>
              <param name="T" type="float"/>
            </accessor>
          </technique_common>
        </source>
        <vertices id="DoorsMetal_001-mesh-vertices">
          <input semantic="POSITION" source="#DoorsMetal_001-mesh-positions"/>
        </vertices>
        <triangles material="DoorsMetal-material" count="84">
          <input semantic="VERTEX" source="#DoorsMetal_001-mesh-vertices" offset="0"/>
          <input semantic="NORMAL" source="#DoorsMetal_001-mesh-normals" offset="1"/>
          <input semantic="TEXCOORD" source="#DoorsMetal_001-mesh-map-0" offset="2" set="0"/>
          <p>2 0 0 0 0 1 11 0 2 1 0 3 10 0 4 9 0 5 3 1 6 6 1 7 2 1 8 13 2 9 15 2 10 4 2 11 14 2 12 5 2 13 12 2 14 5 3 15 0 3 16 4 3 17 6 4 18 0 4 19 2 4 20 3 5 21 5 5 22 7 5 23 10 3 24 13 3 25 14 3 26 8 1 27 12 1 28 15 1 29 8 5 30 13 5 31 11 5 32 14 4 33 9 4 34 10 4 35 27 1 42 30 1 43 26 1 44 28 3 45 35 3 46 29 3 47 29 3 48 24 3 49 28 3 50 30 4 51 24 4 52 26 4 53 27 5 54 29 5 55 31 5 56 32 2 57 34 2 58 33 2 59 30 4 60 34 4 61 28 4 62 29 5 63 32 5 64 31 5 65 30 4 66 39 4 67 33 4 68 36 1 69 39 1 70 37 1 71 33 2 72 38 2 73 32 2 74 32 5 75 36 5 76 31 5 77 31 0 78 37 0 79 30 0 80 46 1 81 43 1 82 42 1 83 51 3 84 44 3 85 45 3 86 40 3 87 45 3 88 44 3 89 40 4 90 46 4 91 42 4 92 45 5 93 43 5 94 47 5 95 50 0 96 48 0 97 49 0 98 50 4 99 46 4 100 44 4 101 48 5 102 45 5 103 47 5 104 55 4 105 46 4 106 49 4 107 55 1 108 52 1 109 53 1 110 54 0 111 49 0 112 48 0 113 52 5 114 48 5 115 47 5 116 53 2 117 47 2 118 46 2 119 11 6 120 10 6 121 3 6 122 0 7 123 1 7 124 8 7 125 1 0 126 9 0 127 8 0 128 11 8 129 3 8 130 2 8 131 0 0 132 8 0 133 11 0 134 1 0 135 3 0 136 10 0 137 3 1 138 7 1 139 6 1 140 12 2 141 5 2 142 15 2 143 5 9 144 4 9 145 15 9 146 6 10 147 7 10 148 13 10 149 7 2 150 14 2 151 13 2 152 6 2 153 13 2 154 4 2 155 14 2 156 7 2 157 5 2 158 5 3 159 1 3 160 0 3 161 6 4 162 4 4 163 0 4 164 3 5 165 1 5 166 5 5 167 10 3 168 11 3 169 13 3 170 8 1 171 9 1 172 12 1 173 8 5 174 15 5 175 13 5 176 14 4 177 12 4 178 9 4 179 27 1 186 31 1 187 30 1 188 28 3 189 34 3 190 35 3 191 29 3 192 25 3 193 24 3 194 30 4 195 28 4 196 24 4 197 27 5 198 25 5 199 29 5 200 32 2 201 35 2 202 34 2 203 30 4 204 33 4 205 34 4 206 29 5 207 35 5 208 32 5 209 30 4 210 37 4 211 39 4 212 36 1 213 38 1 214 39 1 215 33 2 216 39 2 217 38 2 218 32 5 219 38 5 220 36 5 221 31 0 222 36 0 223 37 0 224 46 1 225 47 1 226 43 1 227 51 3 228 50 3 229 44 3 230 40 3 231 41 3 232 45 3 233 40 4 234 44 4 235 46 4 236 45 5 237 41 5 238 43 5 239 50 0 240 51 0 241 48 0 242 50 4 243 49 4 244 46 4 245 48 5 246 51 5 247 45 5 248 55 4 249 53 4 250 46 4 251 55 1 252 54 1 253 52 1 254 54 0 255 55 0 256 49 0 257 52 5 258 54 5 259 48 5 260 53 2 261 52 2 262 47 2 263</p>
        </triangles>
        <triangles material="Glass-material" count="4">
          <input semantic="VERTEX" source="#DoorsMetal_001-mesh-vertices" offset="0"/>
          <input semantic="NORMAL" source="#DoorsMetal_001-mesh-normals" offset="1"/>
          <input semantic="TEXCOORD" source="#DoorsMetal_001-mesh-map-0" offset="2" set="0"/>
          <p>20 2 36 21 2 37 22 2 38 17 0 39 16 0 40 18 0 41 20 2 180 23 2 181 21 2 182 17 0 183 19 0 184 16 0 185</p>
        </triangles>
      </mesh>
    </geometry>
    <geometry id="Door_Frame_02-mesh" name="Door_Frame_02">
      <mesh>
        <source id="Door_Frame_02-mesh-positions">
          <float_array id="Door_Frame_02-mesh-positions-array" count="72">-0.1270281 -0.5278668 -1.549637 -0.1270281 -0.6078768 -1.549637 -0.1270281 0.6026788 -1.549637 -0.1270281 0.5226688 -1.549637 0.1270307 -0.5278668 -1.549637 0.1270307 -0.6078768 -1.549637 0.1270307 0.6026788 -1.549637 0.1270307 0.5226688 -1.549637 -0.1270281 0.5226688 -0.3601626 -0.1270281 0.6026788 -0.3601626 -0.1270281 -0.6078768 -0.3601626 -0.1270281 -0.5278668 -0.3601626 0.1270307 0.6026788 -0.3601626 0.1270307 0.5226688 -0.3601626 0.1270307 -0.5278668 -0.3601626 0.1270307 -0.6078768 -0.3601626 0.1270307 -0.5278668 0.8627748 0.1270307 -0.6078768 0.9427849 0.1270307 0.5226688 0.8627748 0.1270307 0.6026788 0.9427849 -0.1270281 -0.6078768 0.9427849 -0.1270281 -0.5278668 0.8627748 -0.1270281 0.5226688 0.8627748 -0.1270281 0.6026788 0.9427849</float_array>
          <technique_common>
            <accessor source="#Door_Frame_02-mesh-positions-array" count="24" stride="3">
              <param name="X" type="float"/>
              <param name="Y" type="float"/>
              <param name="Z" type="float"/>
            </accessor>
          </technique_common>
        </source>
        <source id="Door_Frame_02-mesh-normals">
          <float_array id="Door_Frame_02-mesh-normals-array" count="36">1 0 0 1 0 0 0 0 -1 -1 0 0 -1 0 0 -1 0 0 1 0 0 -1 0 0 0 -1 0 0 1 0 0 0 1 1 0 0</float_array>
          <technique_common>
            <accessor source="#Door_Frame_02-mesh-normals-array" count="12" stride="3">
              <param name="X" type="float"/>
              <param name="Y" type="float"/>
              <param name="Z" type="float"/>
            </accessor>
          </technique_common>
        </source>
        <source id="Door_Frame_02-mesh-map-0">
          <float_array id="Door_Frame_02-mesh-map-0-array" count="264">0.9724625 0.8838946 0.9150784 0.03079026 0.9724625 0.03079026 0.121408 1.760999 0.06402397 0.8838946 0.121408 0.8838947 0.5911068 0.6222521 0.4088931 0.5648682 0.4088931 0.6222521 0.06402397 0.8838946 0.121408 0.03079026 0.06402397 0.03079026 0.9150784 1.760999 0.9724625 0.8838946 0.9150784 0.8838946 0.5911069 1.473307 0.4088931 1.415922 0.4088931 1.473307 0.9150784 0.8838946 0.9724625 0.03079026 0.9150784 0.03079026 0.06402397 0.8838946 0.121408 1.760999 0.121408 0.8838946 0.121408 0.8838946 0.06402397 0.03079026 0.121408 0.03079026 0.9724625 0.8838946 0.9150784 1.760999 0.9150784 0.8838946 0.9782645 1.818383 0.1196311 1.760999 0.06046992 1.818383 0.919339 1.760999 0.0604698 1.818383 0.119631 1.760999 0.4088931 0.8838946 0.5911069 0.03079026 0.5911069 0.8838946 0.5911069 0.8838946 0.4088931 0.03079026 0.4088931 0.8838946 0.4088931 0.8838946 0.5911069 1.760999 0.5911069 0.8838946 0.5911069 0.8838946 0.4088931 1.818383 0.4088931 0.8838946 0.4088931 1.415922 0.5911069 0.6241097 0.4088931 0.6241097 0.5911069 0.56649 0.4088931 1.473307 0.4088931 0.56649 0.9724625 0.8838946 0.9150784 0.8838946 0.9150784 0.03079026 0.121408 1.760999 0.06402397 1.818383 0.06402397 0.8838946 0.5911068 0.6222521 0.5911069 0.5648682 0.4088931 0.5648682 0.06402397 0.8838946 0.121408 0.8838946 0.121408 0.03079026 0.9150784 1.760999 0.9724625 1.818383 0.9724625 0.8838946 0.5911069 1.473307 0.5911069 1.415922 0.4088931 1.415922 0.9150784 0.8838946 0.9724625 0.8838946 0.9724625 0.03079026 0.06402397 0.8838946 0.06402397 1.818383 0.121408 1.760999 0.121408 0.8838946 0.06402397 0.8838946 0.06402397 0.03079026 0.9724625 0.8838946 0.9724625 1.818383 0.9150784 1.760999 0.9782645 1.818383 0.9193388 1.760999 0.1196311 1.760999 0.919339 1.760999 0.9782646 1.818384 0.0604698 1.818383 0.5911069 1.760999 0.4088932 1.760999 0.4088931 0.8838946 0.4088931 0.8838946 0.4088931 0.03079026 0.5911069 0.03079026 0.5911069 0.8838946 0.5911069 1.760999 0.4088931 0.8838946 0.4088931 0.8838946 0.4088931 1.818383 0.5911069 1.818383 0.5911069 0.8838946 0.5911069 0.03079026 0.4088931 0.03079026 0.4088931 0.8838946 0.5911069 1.818383 0.5911069 0.8838946 0.5911069 0.8838946 0.5911069 0.03079026 0.4088931 0.03079026 0.4088931 0.8838946 0.4088931 1.760999 0.5911069 1.760999 0.5911069 0.8838946 0.4088931 0.03079026 0.4088931 0.8838946 0.4088931 0.03079026 0.5911069 0.03079026 0.5911069 0.8838946 0.5911069 0.8838946 0.5911069 1.818383 0.4088931 1.818383 0.4088931 0.8838946 0.4088931 0.03079026 0.5911069 0.8838946 0.4088931 1.415922 0.5911069 1.415922 0.5911069 0.6241097 0.5911069 0.56649 0.5911069 1.473307 0.4088931 1.473307</float_array>
          <technique_common>
            <accessor source="#Door_Frame_02-mesh-map-0-array" count="132" stride="2">
              <param name="S" type="float"/>
              <param name="T" type="float"/>
            </accessor>
          </technique_common>
        </source>
        <vertices id="Door_Frame_02-mesh-vertices">
          <input semantic="POSITION" source="#Door_Frame_02-mesh-positions"/>
        </vertices>
        <triangles material="Metal_01-material" count="44">
          <input semantic="VERTEX" source="#Door_Frame_02-mesh-vertices" offset="0"/>
          <input semantic="NORMAL" source="#Door_Frame_02-mesh-normals" offset="1"/>
          <input semantic="TEXCOORD" source="#Door_Frame_02-mesh-map-0" offset="2" set="0"/>
          <p>12 0 0 7 1 1 6 1 2 16 1 3 15 1 4 14 1 5 4 2 6 1 2 7 0 2 8 10 3 9 0 4 10 1 4 11 22 4 12 9 4 13 8 4 14 6 2 15 3 2 16 2 2 17 8 4 18 2 4 19 3 4 20 10 3 21 21 5 22 11 4 23 14 1 24 5 1 25 4 1 26 12 0 27 18 6 28 13 1 29 23 4 30 21 5 31 20 7 32 18 6 33 17 1 34 16 1 35 8 8 36 7 8 37 13 8 38 12 9 39 2 9 40 9 9 41 11 9 42 16 9 43 14 9 44 15 8 45 20 8 46 10 8 47 22 2 48 16 2 49 21 2 50 17 10 51 23 10 52 20 10 53 12 0 54 13 1 55 7 1 56 16 1 57 17 1 58 15 1 59 4 2 60 5 2 61 1 2 62 10 3 63 11 4 64 0 4 65 22 4 66 23 4 67 9 4 68 6 2 69 7 2 70 3 2 71 8 4 72 9 4 73 2 4 74 10 3 75 20 7 76 21 5 77 14 1 78 15 1 79 5 1 80 12 0 81 19 11 82 18 6 83 23 4 84 22 4 85 21 5 86 18 6 87 19 11 88 17 1 89 18 8 90 22 8 91 8 8 92 8 8 93 3 8 94 7 8 95 13 8 96 18 8 97 8 8 98 9 9 99 23 9 100 19 9 101 12 9 102 6 9 103 2 9 104 9 9 105 19 9 106 12 9 107 14 9 108 4 9 109 0 9 110 11 9 111 21 9 112 16 9 113 14 9 114 0 9 115 11 9 116 1 8 117 5 8 118 15 8 119 15 8 120 17 8 121 20 8 122 10 8 123 1 8 124 15 8 125 22 2 126 18 2 127 16 2 128 17 10 129 19 10 130 23 10 131</p>
        </triangles>
      </mesh>
    </geometry>
    <geometry id="Wood-mesh" name="Wood">
      <mesh>
        <source id="Wood-mesh-positions">
          <float_array id="Wood-mesh-positions-array" count="24">-1 -1.190903 -1 -1 -1.190903 1.136898 -1 1 -1 -1 1 1.136898 1.228325 1 -1 1.228325 1 1.136898 0.5625897 -1.190903 1.136898 1.228325 -0.5251674 1.136898</float_array>
          <technique_common>
            <accessor source="#Wood-mesh-positions-array" count="8" stride="3">
              <param name="X" type="float"/>
              <param name="Y" type="float"/>
              <param name="Z" type="float"/>
            </accessor>
          </technique_common>
        </source>
        <source id="Wood-mesh-normals">
          <float_array id="Wood-mesh-normals-array" count="12">-1 0 0 0 1 0 0 0 1 0 0 1</float_array>
          <technique_common>
            <accessor source="#Wood-mesh-normals-array" count="4" stride="3">
              <param name="X" type="float"/>
              <param name="Y" type="float"/>
              <param name="Z" type="float"/>
            </accessor>
          </technique_common>
        </source>
        <source id="Wood-mesh-map-0">
          <float_array id="Wood-mesh-map-0-array" count="42">0.1672461 0.4016045 0.5775924 0.001373112 0.1672461 0.001373112 0.2030014 0.4016045 0.6203567 0.001373112 0.2030014 0.001373112 0.114091 0.9133778 0.4067571 0.5030316 0.5314464 0.6277208 0.1672461 0.4016045 0.5775924 0.4016045 0.5775924 0.001373112 0.2030014 0.4016045 0.6203567 0.4016045 0.6203567 0.001373112 0.5314464 0.6277208 0.5314464 0.9133778 0.114091 0.9133778 0.114091 0.9133778 0.114091 0.5030316 0.4067571 0.5030316</float_array>
          <technique_common>
            <accessor source="#Wood-mesh-map-0-array" count="21" stride="2">
              <param name="S" type="float"/>
              <param name="T" type="float"/>
            </accessor>
          </technique_common>
        </source>
        <vertices id="Wood-mesh-vertices">
          <input semantic="POSITION" source="#Wood-mesh-positions"/>
        </vertices>
        <triangles material="Plaster-material" count="4">
          <input semantic="VERTEX" source="#Wood-mesh-vertices" offset="0"/>
          <input semantic="NORMAL" source="#Wood-mesh-normals" offset="1"/>
          <input semantic="TEXCOORD" source="#Wood-mesh-map-0" offset="2" set="0"/>
          <p>1 0 0 2 0 1 0 0 2 3 1 3 4 1 4 2 1 5 1 0 9 3 0 10 2 0 11 3 1 12 5 1 13 4 1 14</p>
        </triangles>
        <triangles material="Wood-material" count="3">
          <input semantic="VERTEX" source="#Wood-mesh-vertices" offset="0"/>
          <input semantic="NORMAL" source="#Wood-mesh-normals" offset="1"/>
          <input semantic="TEXCOORD" source="#Wood-mesh-map-0" offset="2" set="0"/>
          <p>3 2 6 6 2 7 7 2 8 7 3 15 5 3 16 3 3 17 3 3 18 1 3 19 6 3 20</p>
        </triangles>
      </mesh>
    </geometry>
    <geometry id="Door_Frame_03-mesh" name="Door_Frame_03">
      <mesh>
        <source id="Door_Frame_03-mesh-positions">
          <float_array id="Door_Frame_03-mesh-positions-array" count="72">-0.1270281 -0.5278668 -1.549637 -0.1270281 -0.6078768 -1.549637 -0.1270281 0.6026788 -1.549637 -0.1270281 0.5226688 -1.549637 0.1270307 -0.5278668 -1.549637 0.1270307 -0.6078768 -1.549637 0.1270307 0.6026788 -1.549637 0.1270307 0.5226688 -1.549637 -0.1270281 0.5226688 -0.3601626 -0.1270281 0.6026788 -0.3601626 -0.1270281 -0.6078768 -0.3601626 -0.1270281 -0.5278668 -0.3601626 0.1270307 0.6026788 -0.3601626 0.1270307 0.5226688 -0.3601626 0.1270307 -0.5278668 -0.3601626 0.1270307 -0.6078768 -0.3601626 0.1270307 -0.5278668 0.8627748 0.1270307 -0.6078768 0.9427849 0.1270307 0.5226688 0.8627748 0.1270307 0.6026788 0.9427849 -0.1270281 -0.6078768 0.9427849 -0.1270281 -0.5278668 0.8627748 -0.1270281 0.5226688 0.8627748 -0.1270281 0.6026788 0.9427849</float_array>
          <technique_common>
            <accessor source="#Door_Frame_03-mesh-positions-array" count="24" stride="3">
              <param name="X" type="float"/>
              <param name="Y" type="float"/>
              <param name="Z" type="float"/>
            </accessor>
          </technique_common>
        </source>
        <source id="Door_Frame_03-mesh-normals">
          <float_array id="Door_Frame_03-mesh-normals-array" count="36">1 0 0 1 0 0 0 0 -1 -1 0 0 -1 0 0 -1 0 0 1 0 0 -1 0 0 0 -1 0 0 1 0 0 0 1 1 0 0</float_array>
          <technique_common>
            <accessor source="#Door_Frame_03-mesh-normals-array" count="12" stride="3">
              <param name="X" type="float"/>
              <param name="Y" type="float"/>
              <param name="Z" type="float"/>
            </accessor>
          </technique_common>
        </source>
        <source id="Door_Frame_03-mesh-map-0">
          <float_array id="Door_Frame_03-mesh-map-0-array" count="264">0.9724625 0.8838946 0.9150784 0.03079026 0.9724625 0.03079026 0.121408 1.760999 0.06402397 0.8838946 0.121408 0.8838947 0.5911068 0.6222521 0.4088931 0.5648682 0.4088931 0.6222521 0.06402397 0.8838946 0.121408 0.03079026 0.06402397 0.03079026 0.9150784 1.760999 0.9724625 0.8838946 0.9150784 0.8838946 0.5911069 1.473307 0.4088931 1.415922 0.4088931 1.473307 0.9150784 0.8838946 0.9724625 0.03079026 0.9150784 0.03079026 0.06402397 0.8838946 0.121408 1.760999 0.121408 0.8838946 0.121408 0.8838946 0.06402397 0.03079026 0.121408 0.03079026 0.9724625 0.8838946 0.9150784 1.760999 0.9150784 0.8838946 0.9782645 1.818383 0.1196311 1.760999 0.06046992 1.818383 0.919339 1.760999 0.0604698 1.818383 0.119631 1.760999 0.4088931 0.8838946 0.5911069 0.03079026 0.5911069 0.8838946 0.5911069 0.8838946 0.4088931 0.03079026 0.4088931 0.8838946 0.4088931 0.8838946 0.5911069 1.760999 0.5911069 0.8838946 0.5911069 0.8838946 0.4088931 1.818383 0.4088931 0.8838946 0.4088931 1.415922 0.5911069 0.6241097 0.4088931 0.6241097 0.5911069 0.56649 0.4088931 1.473307 0.4088931 0.56649 0.9724625 0.8838946 0.9150784 0.8838946 0.9150784 0.03079026 0.121408 1.760999 0.06402397 1.818383 0.06402397 0.8838946 0.5911068 0.6222521 0.5911069 0.5648682 0.4088931 0.5648682 0.06402397 0.8838946 0.121408 0.8838946 0.121408 0.03079026 0.9150784 1.760999 0.9724625 1.818383 0.9724625 0.8838946 0.5911069 1.473307 0.5911069 1.415922 0.4088931 1.415922 0.9150784 0.8838946 0.9724625 0.8838946 0.9724625 0.03079026 0.06402397 0.8838946 0.06402397 1.818383 0.121408 1.760999 0.121408 0.8838946 0.06402397 0.8838946 0.06402397 0.03079026 0.9724625 0.8838946 0.9724625 1.818383 0.9150784 1.760999 0.9782645 1.818383 0.9193388 1.760999 0.1196311 1.760999 0.919339 1.760999 0.9782646 1.818384 0.0604698 1.818383 0.5911069 1.760999 0.4088932 1.760999 0.4088931 0.8838946 0.4088931 0.8838946 0.4088931 0.03079026 0.5911069 0.03079026 0.5911069 0.8838946 0.5911069 1.760999 0.4088931 0.8838946 0.4088931 0.8838946 0.4088931 1.818383 0.5911069 1.818383 0.5911069 0.8838946 0.5911069 0.03079026 0.4088931 0.03079026 0.4088931 0.8838946 0.5911069 1.818383 0.5911069 0.8838946 0.5911069 0.8838946 0.5911069 0.03079026 0.4088931 0.03079026 0.4088931 0.8838946 0.4088931 1.760999 0.5911069 1.760999 0.5911069 0.8838946 0.4088931 0.03079026 0.4088931 0.8838946 0.4088931 0.03079026 0.5911069 0.03079026 0.5911069 0.8838946 0.5911069 0.8838946 0.5911069 1.818383 0.4088931 1.818383 0.4088931 0.8838946 0.4088931 0.03079026 0.5911069 0.8838946 0.4088931 1.415922 0.5911069 1.415922 0.5911069 0.6241097 0.5911069 0.56649 0.5911069 1.473307 0.4088931 1.473307</float_array>
          <technique_common>
            <accessor source="#Door_Frame_03-mesh-map-0-array" count="132" stride="2">
              <param name="S" type="float"/>
              <param name="T" type="float"/>
            </accessor>
          </technique_common>
        </source>
        <vertices id="Door_Frame_03-mesh-vertices">
          <input semantic="POSITION" source="#Door_Frame_03-mesh-positions"/>
        </vertices>
        <triangles material="Metal_01-material" count="44">
          <input semantic="VERTEX" source="#Door_Frame_03-mesh-vertices" offset="0"/>
          <input semantic="NORMAL" source="#Door_Frame_03-mesh-normals" offset="1"/>
          <input semantic="TEXCOORD" source="#Door_Frame_03-mesh-map-0" offset="2" set="0"/>
          <p>12 0 0 7 1 1 6 1 2 16 1 3 15 1 4 14 1 5 4 2 6 1 2 7 0 2 8 10 3 9 0 4 10 1 4 11 22 4 12 9 4 13 8 4 14 6 2 15 3 2 16 2 2 17 8 4 18 2 4 19 3 4 20 10 3 21 21 5 22 11 4 23 14 1 24 5 1 25 4 1 26 12 0 27 18 6 28 13 1 29 23 4 30 21 5 31 20 7 32 18 6 33 17 1 34 16 1 35 8 8 36 7 8 37 13 8 38 12 9 39 2 9 40 9 9 41 11 9 42 16 9 43 14 9 44 15 8 45 20 8 46 10 8 47 22 2 48 16 2 49 21 2 50 17 10 51 23 10 52 20 10 53 12 0 54 13 1 55 7 1 56 16 1 57 17 1 58 15 1 59 4 2 60 5 2 61 1 2 62 10 3 63 11 4 64 0 4 65 22 4 66 23 4 67 9 4 68 6 2 69 7 2 70 3 2 71 8 4 72 9 4 73 2 4 74 10 3 75 20 7 76 21 5 77 14 1 78 15 1 79 5 1 80 12 0 81 19 11 82 18 6 83 23 4 84 22 4 85 21 5 86 18 6 87 19 11 88 17 1 89 18 8 90 22 8 91 8 8 92 8 8 93 3 8 94 7 8 95 13 8 96 18 8 97 8 8 98 9 9 99 23 9 100 19 9 101 12 9 102 6 9 103 2 9 104 9 9 105 19 9 106 12 9 107 14 9 108 4 9 109 0 9 110 11 9 111 21 9 112 16 9 113 14 9 114 0 9 115 11 9 116 1 8 117 5 8 118 15 8 119 15 8 120 17 8 121 20 8 122 10 8 123 1 8 124 15 8 125 22 2 126 18 2 127 16 2 128 17 10 129 19 10 130 23 10 131</p>
        </triangles>
      </mesh>
    </geometry>
    <geometry id="Barra_01-mesh" name="Barra_01">
      <mesh>
        <source id="Barra_01-mesh-positions">
          <float_array id="Barra_01-mesh-positions-array" count="54">-0.2592394 -1.609801 -0.1915576 -0.3242986 -1.609801 0.8593156 -0.2592395 3.950781 -0.1915576 -0.3242987 3.950782 0.8593156 0.5558261 -1.609801 -0.1915576 0.5346051 -1.609801 0.8593156 0.555826 3.950781 -0.1915576 0.534605 3.950782 0.8593156 -0.2592394 -1.609801 -0.07672065 -0.2592395 3.950781 -0.07672065 -0.3242986 -1.609801 0.8112416 -0.3242987 3.950782 0.8112416 -0.2102769 3.950781 0.8112413 -0.2102769 3.950781 -0.07672047 0.5379363 -1.6098 0.8112413 0.5379363 -1.6098 -0.07672047 -0.2102767 -1.6098 -0.07672047 -0.2102767 -1.6098 0.8112413</float_array>
          <technique_common>
            <accessor source="#Barra_01-mesh-positions-array" count="18" stride="3">
              <param name="X" type="float"/>
              <param name="Y" type="float"/>
              <param name="Z" type="float"/>
            </accessor>
          </technique_common>
        </source>
        <source id="Barra_01-mesh-normals">
          <float_array id="Barra_01-mesh-normals-array" count="57">-1 0 0 0 0 -1 0 0 1 -1 0 0 -1 0 0 -2.072e-6 0 -1 -2.40817e-6 0 1 0 -1 0 0 -1 -1.73222e-5 0 -1 2.7748e-6 -1 0 0 -1 0 0 -1 0 0 -3.00831e-6 0 -1 -3.45298e-6 0 1 8.36396e-6 -1 0 0 -1 -1.50172e-5 9.73878e-6 -1 0 0 -1 5.09442e-6</float_array>
          <technique_common>
            <accessor source="#Barra_01-mesh-normals-array" count="19" stride="3">
              <param name="X" type="float"/>
              <param name="Y" type="float"/>
              <param name="Z" type="float"/>
            </accessor>
          </technique_common>
        </source>
        <source id="Barra_01-mesh-map-0">
          <float_array id="Barra_01-mesh-map-0-array" count="132">-0.2378619 0.5106149 2.217695 0.4893853 -0.2378617 0.4893853 0.3735315 2.790418 -0.1039806 -0.4672896 -0.1039806 2.790418 -6.375128 0.08532476 1.414352 1.288509 -6.375128 1.288509 -0.4672896 0.533639 2.790418 0.4663609 -0.4672893 0.4663609 -0.1834868 0.3888019 2.016066 0.03755819 -0.1834869 0.03755819 7.759673 0.9204773 -0.0298047 0.7607514 -0.02980506 0.9204778 -0.1039806 2.790418 -0.07529538 -0.4672893 -0.07529538 2.790418 0.4481287 0.3891236 0.7403082 0.04237204 0.7403083 0.3891237 0.01632261 0.6854448 0.05871963 0.02852845 0.05871969 0.7860013 7.134e-4 -0.2625653 0.1582643 -0.238022 0.1582646 0.7884894 -0.2378619 0.5106149 2.217695 0.5106148 2.217695 0.4893853 0.3735315 2.790418 0.3735315 -0.4672892 -0.1039806 -0.4672896 -6.375128 0.08532476 1.414352 0.0853247 1.414352 1.288509 -0.4672896 0.533639 2.790418 0.533639 2.790418 0.4663609 -0.1834868 0.3888019 2.016066 0.3888019 2.016066 0.03755819 7.759673 0.9204773 7.759673 0.7607508 -0.0298047 0.7607514 -0.1039806 2.790418 -0.1039806 -0.4672894 -0.07529538 -0.4672893 0.4481287 0.3891236 0.4481287 0.04237204 0.7403082 0.04237204 0.05871969 0.7860013 0.01632291 0.7860011 0.01632261 0.6854448 0.01632261 0.6854448 0.01632255 0.02559095 0.05871963 0.02852845 0.1582646 0.8556637 7.13772e-4 0.8556638 0.1582646 0.7884894 7.13772e-4 0.8556638 7.134e-4 -0.2625653 0.1582646 0.7884894</float_array>
          <technique_common>
            <accessor source="#Barra_01-mesh-map-0-array" count="66" stride="2">
              <param name="S" type="float"/>
              <param name="T" type="float"/>
            </accessor>
          </technique_common>
        </source>
        <vertices id="Barra_01-mesh-vertices">
          <input semantic="POSITION" source="#Barra_01-mesh-positions"/>
        </vertices>
        <triangles material="Wood-material" count="9">
          <input semantic="VERTEX" source="#Barra_01-mesh-vertices" offset="0"/>
          <input semantic="NORMAL" source="#Barra_01-mesh-normals" offset="1"/>
          <input semantic="TEXCOORD" source="#Barra_01-mesh-map-0" offset="2" set="0"/>
          <p>1 0 0 11 0 1 10 0 2 3 2 6 5 2 7 7 2 8 11 5 15 17 5 16 10 5 17 17 8 24 5 8 25 1 8 26 1 10 30 3 10 31 11 10 32 3 2 36 1 2 37 5 2 38 11 13 45 12 13 46 17 13 47 1 15 54 10 15 55 17 15 56 17 16 57 14 16 58 5 16 59</p>
        </triangles>
        <triangles material="Metal_01-material" count="9">
          <input semantic="VERTEX" source="#Barra_01-mesh-vertices" offset="0"/>
          <input semantic="NORMAL" source="#Barra_01-mesh-normals" offset="1"/>
          <input semantic="TEXCOORD" source="#Barra_01-mesh-map-0" offset="2" set="0"/>
          <p>6 1 3 0 1 4 2 1 5 8 3 9 2 3 10 0 3 11 9 6 18 16 6 19 13 6 20 4 9 27 15 9 28 16 9 29 6 1 33 4 1 34 0 1 35 8 11 39 9 11 40 2 11 41 9 14 48 8 14 49 16 14 50 8 17 60 0 17 61 16 17 62 0 18 63 4 18 64 16 18 65</p>
        </triangles>
        <triangles material="Plaster-material" count="4">
          <input semantic="VERTEX" source="#Barra_01-mesh-vertices" offset="0"/>
          <input semantic="NORMAL" source="#Barra_01-mesh-normals" offset="1"/>
          <input semantic="TEXCOORD" source="#Barra_01-mesh-map-0" offset="2" set="0"/>
          <p>17 4 12 13 4 13 16 4 14 17 7 21 15 7 22 14 7 23 17 12 42 12 12 43 13 12 44 17 7 51 16 7 52 15 7 53</p>
        </triangles>
      </mesh>
    </geometry>
    <geometry id="Stairs-mesh" name="Stairs">
      <mesh>
        <source id="Stairs-mesh-positions">
          <float_array id="Stairs-mesh-positions-array" count="96">-0.7684503 -0.1916539 0.2304694 -0.7684503 0.9658449 0.2304694 -0.7684503 1.1617 0.2304694 -0.7684503 -0.395704 0.2304694 0.5492921 -0.395704 0.2304694 0.5492921 -0.1916539 0.2304694 0.5492921 1.1617 0.2304694 0.5492921 0.9658449 0.2304694 0.5492921 -1.289523 -0.3262963 0.5492921 -1.289523 -0.1871049 -0.7684503 -1.289523 -0.3262963 -0.7684503 -1.289523 -0.1871049 0.5492921 -1.003111 -0.04791331 -0.7684503 -1.003111 -0.04791331 0.5492921 -1.003111 -0.1871049 -0.7684503 -1.003111 -0.1871049 0.5492921 -0.8538737 -0.3262963 -0.7684503 -0.8538737 -0.3262963 0.5492921 -0.6272025 -0.3262963 -0.7684503 1.1617 -0.3262963 0.5492921 -0.7061321 -0.04791331 -0.7684503 -0.395704 0.09127807 -0.7684503 -0.395704 -0.3262963 0.5492921 -0.7061321 0.09127807 -0.7684503 -0.6272025 -0.3262963 0.5492921 -0.1916539 -0.3262966 0.5492921 0.9658449 -0.3262963 0.5492921 1.1617 -0.3262963 -0.7684503 -0.7061321 -0.04791331 0.5492921 -0.395704 0.09127807 0.5492921 -0.395704 -0.3262963 -0.7684503 -0.7061321 0.09127807</float_array>
          <technique_common>
            <accessor source="#Stairs-mesh-positions-array" count="32" stride="3">
              <param name="X" type="float"/>
              <param name="Y" type="float"/>
              <param name="Z" type="float"/>
            </accessor>
          </technique_common>
        </source>
        <source id="Stairs-mesh-normals">
          <float_array id="Stairs-mesh-normals-array" count="30">0 0 1 1 0 0 1 0 0 1 0 0 1 0 0 0 0 -1 0 -1 0 0 1 0 1 0 0 1 0 0</float_array>
          <technique_common>
            <accessor source="#Stairs-mesh-normals-array" count="10" stride="3">
              <param name="X" type="float"/>
              <param name="Y" type="float"/>
              <param name="Z" type="float"/>
            </accessor>
          </technique_common>
        </source>
        <source id="Stairs-mesh-map-0">
          <float_array id="Stairs-mesh-map-0-array" count="258">0.946324 0.2389242 0.3560652 0.1511945 0.946324 0.1511945 0.946324 0.8488054 0.3560652 0.7574049 0.946324 0.7574049 0.946324 0.7574049 0.3560652 0.2389242 0.946324 0.2389242 0.6246966 0.08772969 0.3753035 0 0.6246966 0 0.6246966 0.6062103 0.3753035 0.08772969 0.6246966 0.08772969 0.6246966 0.6062103 0.6246966 0.6976109 0.5623484 0.6976109 0.09716033 0.2048706 -0.09798073 0.7951295 0.09716027 0.7951294 0.5623484 0.7951294 0.6246966 0.2048705 0.6246966 0.7951294 0.3023892 0.2048705 0.1986936 0.7951294 0.3023892 0.7951294 0.6826619 0.7951294 0.5543686 0.2048705 0.6826618 0.2048706 0.3753035 0.7951294 0.4376517 0.2048705 0.4376517 0.7951294 0.6246966 0.2048705 0.3753035 0.7951294 0.6246966 0.7951294 0.5000001 0.8366614 0.3753035 0.8013064 0.3753035 0.6976109 0.1986936 0.2048705 0.09716027 0.7951294 0.1986936 0.7951294 0.4376517 0.7951294 0.5000001 0.2048705 0.5000001 0.7951294 0.4376518 0.9696877 0.3753035 1.097981 0.3753035 0.9028397 0.9547386 0.7951294 0.8156881 0.2048706 0.9547386 0.2048705 0.815688 0.7951294 0.6826619 0.2048706 0.815688 0.2048706 0.5000001 0.8366615 0.4376518 0.9696876 0.3753035 0.9028397 0.5000001 0.7951294 0.5623484 0.2048705 0.5623484 0.7951294 0.946324 0.2389242 0.3560652 0.2389242 0.3560652 0.1511945 0.946324 0.8488054 0.3560652 0.8488054 0.3560652 0.7574049 0.946324 0.7574049 0.3560652 0.7574049 0.3560652 0.2389242 0.6246966 0.08772969 0.3753035 0.08772969 0.3753035 0 0.6246966 0.6062103 0.3753033 0.6062104 0.3753035 0.08772969 0.5623484 0.6976109 0.3753035 0.6976109 0.3753033 0.6062104 0.3753033 0.6062104 0.6246966 0.6062103 0.5623484 0.6976109 0.09716033 0.2048706 -0.09798079 0.2048706 -0.09798073 0.7951295 0.5623484 0.7951294 0.5623484 0.2048705 0.6246966 0.2048705 0.3023892 0.2048705 0.1986936 0.2048705 0.1986936 0.7951294 0.6826619 0.7951294 0.5543686 0.7951296 0.5543686 0.2048705 0.3753035 0.7951294 0.3753035 0.2048705 0.4376517 0.2048705 0.6246966 0.2048705 0.3753035 0.2048705 0.3753035 0.7951294 0.3753035 0.6976109 0.5623484 0.6976109 0.5000001 0.8366614 0.5623484 0.6976109 0.5623484 0.8366615 0.5000001 0.8366614 0.1986936 0.2048705 0.09716033 0.2048706 0.09716027 0.7951294 0.4376517 0.7951294 0.4376517 0.2048705 0.5000001 0.2048705 0.4376518 0.9696877 0.4376517 1.097981 0.3753035 1.097981 0.9547386 0.7951294 0.8156881 0.7951295 0.8156881 0.2048706 0.815688 0.7951294 0.6826619 0.7951295 0.6826619 0.2048706 0.3753035 0.9028397 0.3753035 0.8013064 0.5000001 0.8366615 0.5000001 0.8366615 0.5000002 0.9696875 0.4376518 0.9696876 0.5000001 0.7951294 0.5000001 0.2048705 0.5623484 0.2048705</float_array>
          <technique_common>
            <accessor source="#Stairs-mesh-map-0-array" count="129" stride="2">
              <param name="S" type="float"/>
              <param name="T" type="float"/>
            </accessor>
          </technique_common>
        </source>
        <vertices id="Stairs-mesh-vertices">
          <input semantic="POSITION" source="#Stairs-mesh-positions"/>
        </vertices>
        <triangles material="ConcreteBare-material" count="43">
          <input semantic="VERTEX" source="#Stairs-mesh-vertices" offset="0"/>
          <input semantic="NORMAL" source="#Stairs-mesh-normals" offset="1"/>
          <input semantic="TEXCOORD" source="#Stairs-mesh-map-0" offset="2" set="0"/>
          <p>1 0 0 6 0 1 2 0 2 3 0 3 5 0 4 0 0 5 0 0 6 7 0 7 1 0 8 7 1 9 27 1 10 6 1 11 5 2 12 26 3 13 7 1 14 5 2 15 4 1 16 29 4 17 16 5 18 10 5 19 17 5 20 21 6 21 4 6 22 3 6 23 30 5 24 24 5 25 22 5 26 15 0 27 9 0 28 14 0 29 10 6 30 9 6 31 11 6 32 6 7 33 19 7 34 2 7 35 20 1 36 18 1 37 30 8 38 18 5 39 17 5 40 24 5 41 15 6 42 12 6 43 13 6 44 14 1 45 8 1 46 16 1 47 21 0 48 23 0 49 29 0 50 28 0 51 12 0 52 20 0 53 20 1 54 14 1 55 16 1 56 28 6 57 23 6 58 31 6 59 1 0 60 7 0 61 6 0 62 3 0 63 4 0 64 5 0 65 0 0 66 5 0 67 7 0 68 7 1 69 26 3 70 27 1 71 5 2 72 25 9 73 26 3 74 29 4 75 30 8 76 25 9 77 25 9 78 5 2 79 29 4 80 16 5 81 8 5 82 10 5 83 21 6 84 29 6 85 4 6 86 30 5 87 18 5 88 24 5 89 15 0 90 11 0 91 9 0 92 10 6 93 8 6 94 9 6 95 6 7 96 27 7 97 19 7 98 30 8 99 29 4 100 20 1 101 29 4 102 23 1 103 20 1 104 18 5 105 16 5 106 17 5 107 15 6 108 14 6 109 12 6 110 14 1 111 9 1 112 8 1 113 21 0 114 31 0 115 23 0 116 28 0 117 13 0 118 12 0 119 16 1 120 18 1 121 20 1 122 20 1 123 12 1 124 14 1 125 28 6 126 20 6 127 23 6 128</p>
        </triangles>
      </mesh>
    </geometry>
    <geometry id="Windows_Frame_06-mesh" name="Windows_Frame_06">
      <mesh>
        <source id="Windows_Frame_06-mesh-positions">
          <float_array id="Windows_Frame_06-mesh-positions-array" count="54">0.122106 -0.8473663 -0.6734735 0.122106 -0.8973563 -0.7234635 -0.1221056 -0.8473663 -0.6734735 -0.1221056 -0.8973563 -0.7234635 0.122106 0.7994327 -0.6734735 0.122106 0.8494227 -0.7234635 -0.1221056 0.8494227 -0.7234635 -0.1221057 0.7994327 -0.6734735 0.122106 0.8494227 0.7234634 0.122106 0.7994327 0.6734734 -0.1221056 0.8494227 0.7234634 -0.1221057 0.7994327 0.6734734 0.122106 -0.8973563 0.7234634 0.122106 -0.8473663 0.6734734 -0.1221056 -0.8973563 0.7234634 -0.1221056 -0.8473663 0.6734734 -0.1221057 0.7994329 0.518426 -0.1221056 0.8494229 0.518426</float_array>
          <technique_common>
            <accessor source="#Windows_Frame_06-mesh-positions-array" count="18" stride="3">
              <param name="X" type="float"/>
              <param name="Y" type="float"/>
              <param name="Z" type="float"/>
            </accessor>
          </technique_common>
        </source>
        <source id="Windows_Frame_06-mesh-normals">
          <float_array id="Windows_Frame_06-mesh-normals-array" count="96">1 -1.78789e-7 0 1 -8.84857e-7 8.0917e-7 1 -1.71031e-7 0 1 2.15043e-7 0 -1 0 0 -1 1.1729e-6 -8.86841e-7 -1 0 0 -1 9.15237e-7 8.82731e-7 -1 -1.49541e-7 0 -1 9.08623e-7 8.94248e-7 -1 1.71309e-6 0 -1 1.71154e-6 0 1 -6.35876e-7 -8.12936e-7 1 2.35488e-7 0 1 -6.38187e-7 -8.44611e-7 1 -8.75094e-7 8.19728e-7 -1 -1.48744e-7 0 -1 1.16383e-6 -9.21394e-7 1.20679e-7 1 -1.72237e-7 0 1 -1.96531e-7 6.4484e-7 1 3.18402e-7 -6.01126e-7 -1 -4.90462e-7 -1.25606e-7 -1 1.78428e-7 -6.24698e-7 -1 -5.66891e-7 0 0 1 0 0 -1 0 -1 0 0 1 0 0 1 1.19037e-6 5.42199e-7 1 5.29269e-7 0 -1 -1.57416e-6 0 -1 2.04774e-7</float_array>
          <technique_common>
            <accessor source="#Windows_Frame_06-mesh-normals-array" count="32" stride="3">
              <param name="X" type="float"/>
              <param name="Y" type="float"/>
              <param name="Z" type="float"/>
            </accessor>
          </technique_common>
        </source>
        <source id="Windows_Frame_06-mesh-map-0">
          <float_array id="Windows_Frame_06-mesh-map-0-array" count="216">0.005453467 0.07878887 0.9654415 0.1078938 0.03455835 0.1078938 0.03455835 0.1078938 0.005453467 0.9212111 0.005453467 0.07878887 0.03455835 0.1078938 0.9945465 0.07878887 0.005453467 0.07878887 0.9654415 0.8921062 0.005453467 0.9212111 0.9945465 0.9212111 0.9654415 0.8921062 0.9945467 0.8018353 0.9654416 0.8018353 0.9945465 0.9212111 0.03455835 0.8921062 0.9654415 0.8921062 0.9945465 0.07878887 0.9654415 0.8921062 0.9654415 0.1078938 0.005453467 0.07878887 0.03455835 0.8921062 0.03455835 0.1078938 0.9654415 0.1078938 0.9945467 0.8018353 0.9945465 0.07878887 0.5710919 0.07878887 0.4289082 0.07878887 0.4289082 0.8018353 0.4289081 0.8018353 0.5710918 0.1078938 0.5710918 0.8921062 0.5710919 0.005453348 0.4289082 0.9945464 0.4289082 0.005453348 0.4289082 0.03455829 0.5710918 0.9654415 0.5710919 0.03455829 0.5710919 0.9945464 0.4289082 0.005453348 0.4289082 0.9945464 0.4289082 0.03455829 0.5710918 0.9654415 0.4289081 0.9654415 0.4289082 0.9212111 0.5710919 0.07878887 0.5710919 0.9212111 0.5710919 0.1078938 0.4289082 0.8921062 0.5710919 0.8921062 0.005453467 0.07878887 0.9945465 0.07878887 0.9654415 0.1078938 0.03455835 0.1078938 0.03455835 0.8921062 0.005453467 0.9212111 0.03455835 0.1078938 0.9654415 0.1078938 0.9945465 0.07878887 0.9654415 0.8921062 0.03455835 0.8921062 0.005453467 0.9212111 0.9654415 0.8921062 0.9945465 0.9212111 0.9945467 0.8018353 0.9945465 0.9212111 0.005453467 0.9212111 0.03455835 0.8921062 0.9945465 0.07878887 0.9945465 0.9212111 0.9654415 0.8921062 0.005453467 0.07878887 0.005453467 0.9212111 0.03455835 0.8921062 0.9654415 0.1078938 0.9654416 0.8018353 0.9945467 0.8018353 0.4289082 0.8018353 0.4289082 0.9212111 0.5710919 0.9212111 0.5710919 0.9212111 0.5710919 0.07878887 0.4289082 0.8018353 0.5710918 0.8921062 0.4289081 0.8921062 0.4289081 0.8018353 0.4289081 0.8018353 0.4289081 0.1078938 0.5710918 0.1078938 0.5710919 0.005453348 0.5710919 0.9945464 0.4289082 0.9945464 0.4289082 0.03455829 0.4289081 0.9654415 0.5710918 0.9654415 0.5710919 0.9945464 0.5710919 0.005453348 0.4289082 0.005453348 0.4289082 0.03455829 0.5710919 0.03455829 0.5710918 0.9654415 0.4289082 0.9212111 0.4289082 0.07878887 0.5710919 0.07878887 0.5710919 0.1078938 0.4289082 0.1078938 0.4289082 0.8921062</float_array>
          <technique_common>
            <accessor source="#Windows_Frame_06-mesh-map-0-array" count="108" stride="2">
              <param name="S" type="float"/>
              <param name="T" type="float"/>
            </accessor>
          </technique_common>
        </source>
        <vertices id="Windows_Frame_06-mesh-vertices">
          <input semantic="POSITION" source="#Windows_Frame_06-mesh-positions"/>
        </vertices>
        <triangles material="Metal_01-material" count="36">
          <input semantic="VERTEX" source="#Windows_Frame_06-mesh-vertices" offset="0"/>
          <input semantic="NORMAL" source="#Windows_Frame_06-mesh-normals" offset="1"/>
          <input semantic="TEXCOORD" source="#Windows_Frame_06-mesh-map-0" offset="2" set="0"/>
          <p>1 0 0 4 1 1 0 2 2 0 2 3 12 3 4 1 0 5 2 4 6 6 5 7 3 6 8 11 7 9 14 8 10 10 9 11 11 7 12 17 10 13 16 11 14 8 12 15 13 13 16 9 14 17 5 15 18 9 14 19 4 1 20 3 6 21 15 16 22 2 4 23 7 17 24 17 10 25 6 5 26 5 18 27 6 19 28 17 20 29 16 21 30 4 22 31 9 23 32 12 24 33 10 24 34 14 24 35 15 25 36 9 25 37 13 25 38 5 25 39 3 25 40 6 25 41 2 24 42 4 24 43 7 24 44 14 26 45 1 26 46 12 26 47 0 27 48 15 27 49 13 27 50 1 0 51 5 15 52 4 1 53 0 2 54 13 13 55 12 3 56 2 4 57 7 17 58 6 5 59 11 7 60 15 16 61 14 8 62 11 7 63 10 9 64 17 10 65 8 12 66 12 3 67 13 13 68 5 15 69 8 12 70 9 14 71 3 6 72 14 8 73 15 16 74 7 17 75 16 11 76 17 10 77 17 20 78 10 28 79 8 29 80 8 29 81 5 18 82 17 20 83 9 23 84 11 30 85 16 21 86 16 21 87 7 31 88 4 22 89 12 24 90 8 24 91 10 24 92 15 25 93 11 25 94 9 25 95 5 25 96 1 25 97 3 25 98 2 24 99 0 24 100 4 24 101 14 26 102 3 26 103 1 26 104 0 27 105 2 27 106 15 27 107</p>
        </triangles>
      </mesh>
    </geometry>
    <geometry id="Floor-mesh" name="Floor">
      <mesh>
        <source id="Floor-mesh-positions">
          <float_array id="Floor-mesh-positions-array" count="60">-5.762692 1.241123 0 5.741006 1.241123 0 -5.762692 1.429037 0 5.741006 1.429037 0 -5.762692 -4.442687 0 -5.145679 -5.062059 0 -5.581973 -4.880649 0 5.741006 -4.445141 0 5.12154 -5.062059 0 5.559569 -4.881368 0 -5.762692 4.527183 0 -5.140952 5.141806 0 -5.580589 4.961785 0 5.116852 5.141806 0 5.741006 4.529644 0 5.558195 4.962507 0 5.741006 -2.058185 0 5.741006 -0.9006858 0 5.92526 -2.058185 0 5.92526 -0.9006858 0</float_array>
          <technique_common>
            <accessor source="#Floor-mesh-positions-array" count="20" stride="3">
              <param name="X" type="float"/>
              <param name="Y" type="float"/>
              <param name="Z" type="float"/>
            </accessor>
          </technique_common>
        </source>
        <source id="Floor-mesh-normals">
          <float_array id="Floor-mesh-normals-array" count="3">0 0 1</float_array>
          <technique_common>
            <accessor source="#Floor-mesh-normals-array" count="1" stride="3">
              <param name="X" type="float"/>
              <param name="Y" type="float"/>
              <param name="Z" type="float"/>
            </accessor>
          </technique_common>
        </source>
        <source id="Floor-mesh-map-0">
          <float_array id="Floor-mesh-map-0-array" count="108">3.242472 -0.5166338 3.242472 0.04424315 -2.032775 -1.97219 3.242472 2.675561 3.153889 2.885309 2.940032 2.97219 3.242472 -0.5166338 3.331754 0.04424315 3.242472 0.04424315 4.985294 0.5732678 -3.985294 0.4267324 4.985294 0.4267324 3.242472 1.082077 -2.331753 1.082077 3.242472 0.04424315 -2.331753 1.082077 -2.331754 -1.672067 -2.032775 -1.97219 3.242472 0.04424315 -2.331753 1.082077 -2.032775 -1.97219 -2.331754 -1.672067 -2.244185 -1.884286 -2.032775 -1.97219 -2.032775 -1.97219 2.942303 -1.97219 3.242472 -0.5166338 2.942303 -1.97219 3.154555 -1.884634 3.242472 -1.673256 3.242472 -0.5166338 2.942303 -1.97219 3.242472 -1.673256 2.940032 2.97219 -2.030484 2.97219 -2.331753 1.173132 -2.030484 2.97219 -2.243514 2.884959 -2.331754 2.674368 -2.331753 1.173132 -2.030484 2.97219 -2.331754 2.674368 -2.331753 1.173132 3.242471 1.173132 2.940032 2.97219 3.242471 1.173132 3.242472 2.675561 2.940032 2.97219 3.242472 -0.5166338 3.331754 -0.5166338 3.331754 0.04424315 4.985294 0.5732678 -3.985294 0.5732678 -3.985294 0.4267324</float_array>
          <technique_common>
            <accessor source="#Floor-mesh-map-0-array" count="54" stride="2">
              <param name="S" type="float"/>
              <param name="T" type="float"/>
            </accessor>
          </technique_common>
        </source>
        <vertices id="Floor-mesh-vertices">
          <input semantic="POSITION" source="#Floor-mesh-positions"/>
        </vertices>
        <triangles material="Carpet-material" count="10">
          <input semantic="VERTEX" source="#Floor-mesh-vertices" offset="0"/>
          <input semantic="NORMAL" source="#Floor-mesh-normals" offset="1"/>
          <input semantic="TEXCOORD" source="#Floor-mesh-map-0" offset="2" set="0"/>
          <p>16 0 0 17 0 1 5 0 2 16 0 6 19 0 7 17 0 8 1 0 12 0 0 13 17 0 14 0 0 15 4 0 16 5 0 17 17 0 18 0 0 19 5 0 20 4 0 21 6 0 22 5 0 23 5 0 24 8 0 25 16 0 26 8 0 27 9 0 28 7 0 29 16 0 30 8 0 31 7 0 32 16 0 48 18 0 49 19 0 50</p>
        </triangles>
        <triangles material="Tiles-material" count="6">
          <input semantic="VERTEX" source="#Floor-mesh-vertices" offset="0"/>
          <input semantic="NORMAL" source="#Floor-mesh-normals" offset="1"/>
          <input semantic="TEXCOORD" source="#Floor-mesh-map-0" offset="2" set="0"/>
          <p>14 0 3 15 0 4 13 0 5 13 0 33 11 0 34 2 0 35 11 0 36 12 0 37 10 0 38 2 0 39 11 0 40 10 0 41 2 0 42 3 0 43 13 0 44 3 0 45 14 0 46 13 0 47</p>
        </triangles>
        <triangles material="Metal_01-material" count="2">
          <input semantic="VERTEX" source="#Floor-mesh-vertices" offset="0"/>
          <input semantic="NORMAL" source="#Floor-mesh-normals" offset="1"/>
          <input semantic="TEXCOORD" source="#Floor-mesh-map-0" offset="2" set="0"/>
          <p>3 0 9 0 0 10 1 0 11 3 0 51 2 0 52 0 0 53</p>
        </triangles>
      </mesh>
    </geometry>
    <geometry id="Ceiling-mesh" name="Ceiling">
      <mesh>
        <source id="Ceiling-mesh-positions">
          <float_array id="Ceiling-mesh-positions-array" count="36">-5.134838 -5.064806 1.19209e-7 -5.751851 -4.445434 1.19209e-7 -5.571132 -4.883397 1.19209e-7 5.13238 -5.064806 1.19209e-7 5.751847 -4.447888 1.19209e-7 5.57041 -4.884115 1.19209e-7 -5.130111 5.139058 1.19209e-7 -5.751851 4.524435 1.19209e-7 -5.569748 4.959038 1.19209e-7 5.751847 4.526896 1.19209e-7 5.127693 5.139058 1.19209e-7 5.569036 4.95976 1.19209e-7</float_array>
          <technique_common>
            <accessor source="#Ceiling-mesh-positions-array" count="12" stride="3">
              <param name="X" type="float"/>
              <param name="Y" type="float"/>
              <param name="Z" type="float"/>
            </accessor>
          </technique_common>
        </source>
        <source id="Ceiling-mesh-normals">
          <float_array id="Ceiling-mesh-normals-array" count="12">0 0 -1 0 0 -1 0 0 -1 0 0 -1</float_array>
          <technique_common>
            <accessor source="#Ceiling-mesh-normals-array" count="4" stride="3">
              <param name="X" type="float"/>
              <param name="Y" type="float"/>
              <param name="Z" type="float"/>
            </accessor>
          </technique_common>
        </source>
        <source id="Ceiling-mesh-map-0">
          <float_array id="Ceiling-mesh-map-0-array" count="60">3.617889 3.605452 3.997406 -2.223881 3.62074 -2.598998 -2.88752 -2.488691 -2.997406 -2.222389 -2.622232 -2.598998 -2.997406 -2.222389 -2.997406 3.231731 -2.619358 3.605452 -2.997406 3.231731 -2.886678 3.495991 -2.619358 3.605452 -2.619358 3.605452 3.617889 3.605452 3.62074 -2.598998 3.617889 3.605452 3.886247 3.49643 3.997406 3.233228 3.997406 -2.223881 3.617889 3.605452 3.997406 3.233228 3.997406 -2.223881 3.887083 -2.489128 3.62074 -2.598998 3.62074 -2.598998 -2.622232 -2.598998 -2.619358 3.605452 -2.619358 3.605452 -2.622232 -2.598998 -2.997406 -2.222389</float_array>
          <technique_common>
            <accessor source="#Ceiling-mesh-map-0-array" count="30" stride="2">
              <param name="S" type="float"/>
              <param name="T" type="float"/>
            </accessor>
          </technique_common>
        </source>
        <vertices id="Ceiling-mesh-vertices">
          <input semantic="POSITION" source="#Ceiling-mesh-positions"/>
        </vertices>
        <triangles material="Office_Ceiling-material" count="10">
          <input semantic="VERTEX" source="#Ceiling-mesh-vertices" offset="0"/>
          <input semantic="NORMAL" source="#Ceiling-mesh-normals" offset="1"/>
          <input semantic="TEXCOORD" source="#Ceiling-mesh-map-0" offset="2" set="0"/>
          <p>10 0 0 4 0 1 3 0 2 2 1 3 1 1 4 0 1 5 1 2 6 7 2 7 6 2 8 7 1 9 8 1 10 6 1 11 6 1 12 10 1 13 3 1 14 10 1 15 11 1 16 9 1 17 4 1 18 10 1 19 9 1 20 4 1 21 5 1 22 3 1 23 3 1 24 0 1 25 6 1 26 6 3 27 0 3 28 1 3 29</p>
        </triangles>
      </mesh>
    </geometry>
    <geometry id="Door_Frame-mesh" name="Door_Frame">
      <mesh>
        <source id="Door_Frame-mesh-positions">
          <float_array id="Door_Frame-mesh-positions-array" count="72">-0.1270281 -0.5787394 -1.549637 -0.1270281 -0.6587494 -1.549637 -0.1270281 0.6587494 -1.549637 -0.1270281 0.5787394 -1.549637 0.1270307 -0.5787394 -1.549637 0.1270307 -0.6587494 -1.549637 0.1270307 0.6587494 -1.549637 0.1270307 0.5787394 -1.549637 -0.1270281 0.5787394 -0.3601626 -0.1270281 0.6587494 -0.3601626 -0.1270281 -0.6587494 -0.3601626 -0.1270281 -0.5787394 -0.3601626 0.1270307 0.6587494 -0.3601626 0.1270307 0.5787394 -0.3601626 0.1270307 -0.5787394 -0.3601626 0.1270307 -0.6587494 -0.3601626 0.1270307 -0.5787394 1.075425 0.1270307 -0.6587494 1.155435 0.1270307 0.5787394 1.075425 0.1270307 0.6587494 1.155435 -0.1270281 -0.6587494 1.155435 -0.1270281 -0.5787394 1.075425 -0.1270281 0.5787394 1.075425 -0.1270281 0.6587494 1.155435</float_array>
          <technique_common>
            <accessor source="#Door_Frame-mesh-positions-array" count="24" stride="3">
              <param name="X" type="float"/>
              <param name="Y" type="float"/>
              <param name="Z" type="float"/>
            </accessor>
          </technique_common>
        </source>
        <source id="Door_Frame-mesh-normals">
          <float_array id="Door_Frame-mesh-normals-array" count="36">1 0 0 1 0 0 0 0 -1 -1 0 0 -1 0 0 -1 0 0 1 0 0 -1 0 0 0 -1 0 0 1 0 0 0 1 1 0 0</float_array>
          <technique_common>
            <accessor source="#Door_Frame-mesh-normals-array" count="12" stride="3">
              <param name="X" type="float"/>
              <param name="Y" type="float"/>
              <param name="Z" type="float"/>
            </accessor>
          </technique_common>
        </source>
        <source id="Door_Frame-mesh-map-0">
          <float_array id="Door_Frame-mesh-map-0-array" count="264">0.9724625 0.8838946 0.9150784 0.03079026 0.9724625 0.03079026 0.08492159 1.913514 0.02753758 0.8838946 0.08492159 0.8838946 0.5911069 0.5857658 0.4088931 0.5283818 0.4088931 0.5857658 0.02753758 0.8838946 0.08492159 0.03079026 0.02753758 0.03079026 0.9150784 1.913514 0.9724625 0.8838946 0.9150784 0.8838946 0.5911069 1.473307 0.4088931 1.415922 0.4088931 1.473307 0.9150784 0.8838946 0.9724625 0.03079026 0.9150784 0.03079026 0.02753758 0.8838946 0.08492159 1.913514 0.08492159 0.8838946 0.08492159 0.8838946 0.02753758 0.03079026 0.08492159 0.03079026 0.9724625 0.8838946 0.9150784 1.913514 0.9150784 0.8838946 0.9724625 1.970898 0.08492159 1.913514 0.02753758 1.970898 0.9150784 1.913514 0.02753758 1.970898 0.08492159 1.913514 0.4088931 0.8838946 0.5911069 0.03079026 0.5911069 0.8838946 0.5911069 0.8838946 0.4088931 0.03079026 0.4088931 0.8838946 0.4088931 0.8838946 0.5911069 1.913514 0.5911069 0.8838946 0.5911069 0.8838946 0.4088931 1.970898 0.4088931 0.8838946 0.4088931 1.415922 0.5911069 0.5857658 0.4088931 0.5857658 0.5911069 0.5283818 0.4088931 1.473307 0.4088931 0.5283818 0.9724625 0.8838946 0.9150784 0.8838946 0.9150784 0.03079026 0.08492159 1.913514 0.02753758 1.970898 0.02753758 0.8838946 0.5911069 0.5857658 0.5911069 0.5283818 0.4088931 0.5283818 0.02753758 0.8838946 0.08492159 0.8838946 0.08492159 0.03079026 0.9150784 1.913514 0.9724625 1.970898 0.9724625 0.8838946 0.5911069 1.473307 0.5911069 1.415922 0.4088931 1.415922 0.9150784 0.8838946 0.9724625 0.8838946 0.9724625 0.03079026 0.02753758 0.8838946 0.02753758 1.970898 0.08492159 1.913514 0.08492159 0.8838946 0.02753758 0.8838946 0.02753758 0.03079026 0.9724625 0.8838946 0.9724625 1.970898 0.9150784 1.913514 0.9724625 1.970898 0.9150784 1.913514 0.08492159 1.913514 0.9150784 1.913514 0.9724625 1.970898 0.02753758 1.970898 0.5911069 1.913514 0.4088931 1.913514 0.4088931 0.8838946 0.4088931 0.8838946 0.4088931 0.03079026 0.5911069 0.03079026 0.5911069 0.8838946 0.5911069 1.913514 0.4088931 0.8838946 0.4088931 0.8838946 0.4088931 1.970898 0.5911069 1.970898 0.5911069 0.8838946 0.5911069 0.03079026 0.4088931 0.03079026 0.4088931 0.8838946 0.5911069 1.970898 0.5911069 0.8838946 0.5911069 0.8838946 0.5911069 0.03079026 0.4088931 0.03079026 0.4088931 0.8838946 0.4088931 1.913514 0.5911069 1.913514 0.5911069 0.8838946 0.4088931 0.03079026 0.4088931 0.8838946 0.4088931 0.03079026 0.5911069 0.03079026 0.5911069 0.8838946 0.5911069 0.8838946 0.5911069 1.970898 0.4088931 1.970898 0.4088931 0.8838946 0.4088931 0.03079026 0.5911069 0.8838946 0.4088931 1.415922 0.5911069 1.415922 0.5911069 0.5857658 0.5911069 0.5283818 0.5911069 1.473307 0.4088931 1.473307</float_array>
          <technique_common>
            <accessor source="#Door_Frame-mesh-map-0-array" count="132" stride="2">
              <param name="S" type="float"/>
              <param name="T" type="float"/>
            </accessor>
          </technique_common>
        </source>
        <vertices id="Door_Frame-mesh-vertices">
          <input semantic="POSITION" source="#Door_Frame-mesh-positions"/>
        </vertices>
        <triangles material="Metal_01-material" count="44">
          <input semantic="VERTEX" source="#Door_Frame-mesh-vertices" offset="0"/>
          <input semantic="NORMAL" source="#Door_Frame-mesh-normals" offset="1"/>
          <input semantic="TEXCOORD" source="#Door_Frame-mesh-map-0" offset="2" set="0"/>
          <p>12 0 0 7 1 1 6 1 2 16 1 3 15 1 4 14 1 5 4 2 6 1 2 7 0 2 8 10 3 9 0 4 10 1 4 11 22 4 12 9 4 13 8 4 14 6 2 15 3 2 16 2 2 17 8 4 18 2 4 19 3 4 20 10 3 21 21 5 22 11 4 23 14 1 24 5 1 25 4 1 26 12 0 27 18 6 28 13 1 29 23 4 30 21 5 31 20 7 32 18 6 33 17 1 34 16 1 35 8 8 36 7 8 37 13 8 38 12 9 39 2 9 40 9 9 41 11 9 42 16 9 43 14 9 44 15 8 45 20 8 46 10 8 47 22 2 48 16 2 49 21 2 50 17 10 51 23 10 52 20 10 53 12 0 54 13 1 55 7 1 56 16 1 57 17 1 58 15 1 59 4 2 60 5 2 61 1 2 62 10 3 63 11 4 64 0 4 65 22 4 66 23 4 67 9 4 68 6 2 69 7 2 70 3 2 71 8 4 72 9 4 73 2 4 74 10 3 75 20 7 76 21 5 77 14 1 78 15 1 79 5 1 80 12 0 81 19 11 82 18 6 83 23 4 84 22 4 85 21 5 86 18 6 87 19 11 88 17 1 89 18 8 90 22 8 91 8 8 92 8 8 93 3 8 94 7 8 95 13 8 96 18 8 97 8 8 98 9 9 99 23 9 100 19 9 101 12 9 102 6 9 103 2 9 104 9 9 105 19 9 106 12 9 107 14 9 108 4 9 109 0 9 110 11 9 111 21 9 112 16 9 113 14 9 114 0 9 115 11 9 116 1 8 117 5 8 118 15 8 119 15 8 120 17 8 121 20 8 122 10 8 123 1 8 124 15 8 125 22 2 126 18 2 127 16 2 128 17 10 129 19 10 130 23 10 131</p>
        </triangles>
      </mesh>
    </geometry>
    <geometry id="Windows_Frame_05-mesh" name="Windows_Frame_05">
      <mesh>
        <source id="Windows_Frame_05-mesh-positions">
          <float_array id="Windows_Frame_05-mesh-positions-array" count="54">0.1221058 -0.957453 -0.6734734 0.1221058 -1.007443 -0.7234634 -0.1221058 -0.957453 -0.6734734 -0.1221058 -1.007443 -0.7234634 0.1221058 0.7201213 -0.6734734 0.1221058 0.7701113 -0.7234634 -0.1221058 0.7701113 -0.7234634 -0.1221059 0.7201213 -0.6734734 0.1221058 0.7701113 0.7234634 0.1221058 0.7201213 0.6734734 -0.1221058 0.7701113 0.7234634 -0.1221059 0.7201213 0.6734734 0.1221058 -1.007443 0.7234634 0.1221058 -0.957453 0.6734734 -0.1221058 -1.007443 0.7234634 -0.1221058 -0.957453 0.6734734 -0.1221059 0.7201216 0.5184261 -0.1221058 0.7701116 0.5184261</float_array>
          <technique_common>
            <accessor source="#Windows_Frame_05-mesh-positions-array" count="18" stride="3">
              <param name="X" type="float"/>
              <param name="Y" type="float"/>
              <param name="Z" type="float"/>
            </accessor>
          </technique_common>
        </source>
        <source id="Windows_Frame_05-mesh-normals">
          <float_array id="Windows_Frame_05-mesh-normals-array" count="96">1 0 0 1 -8.90113e-7 8.07322e-7 1 0 0 1 1.38616e-7 0 -1 2.2103e-7 0 -1 9.38701e-7 -8.84914e-7 -1 2.09465e-7 0 -1 1.04628e-6 8.80901e-7 -1 0 0 -1 1.09559e-6 8.92154e-7 -1 1.79358e-6 0 -1 1.72131e-6 0 1 -7.56496e-7 -8.10999e-7 1 1.45435e-7 0 1 -7.57594e-7 -8.41933e-7 1 -8.85319e-7 8.17634e-7 -1 0 0 -1 9.386e-7 -9.18675e-7 1.20679e-7 1 -1.72237e-7 0 1 -1.96531e-7 6.4484e-7 1 3.18402e-7 -6.01126e-7 -1 -4.90462e-7 -1.25606e-7 -1 1.78428e-7 -6.24699e-7 -1 -5.66891e-7 0 0 1 0 0 -1 0 -1 0 0 1 0 0 1 1.19037e-6 5.42198e-7 1 5.29269e-7 0 -1 -1.57416e-6 0 -1 2.04774e-7</float_array>
          <technique_common>
            <accessor source="#Windows_Frame_05-mesh-normals-array" count="32" stride="3">
              <param name="X" type="float"/>
              <param name="Y" type="float"/>
              <param name="Z" type="float"/>
            </accessor>
          </technique_common>
        </source>
        <source id="Windows_Frame_05-mesh-map-0">
          <float_array id="Windows_Frame_05-mesh-map-0-array" count="216">0.005453467 0.07878887 0.9654415 0.1078938 0.03455835 0.1078938 0.03455835 0.1078938 0.005453467 0.9212111 0.005453467 0.07878887 0.03455835 0.1078938 0.9945465 0.07878887 0.005453467 0.07878887 0.9654415 0.8921062 0.005453467 0.9212111 0.9945465 0.9212111 0.9654415 0.8921062 0.9945467 0.8018353 0.9654416 0.8018353 0.9945465 0.9212111 0.03455835 0.8921062 0.9654415 0.8921062 0.9945465 0.07878887 0.9654415 0.8921062 0.9654415 0.1078938 0.005453467 0.07878887 0.03455835 0.8921062 0.03455835 0.1078938 0.9654415 0.1078938 0.9945467 0.8018353 0.9945465 0.07878887 0.5710919 0.07878887 0.4289082 0.07878887 0.4289082 0.8018353 0.4289081 0.8018353 0.5710918 0.1078938 0.5710918 0.8921062 0.5710919 0.005453348 0.4289082 0.9945464 0.4289082 0.005453348 0.4289082 0.03455829 0.5710918 0.9654415 0.5710919 0.03455829 0.5710919 0.9945464 0.4289082 0.005453348 0.4289082 0.9945464 0.4289082 0.03455829 0.5710918 0.9654415 0.4289081 0.9654415 0.4289082 0.9212111 0.5710919 0.07878887 0.5710919 0.9212111 0.5710919 0.1078938 0.4289082 0.8921062 0.5710919 0.8921062 0.005453467 0.07878887 0.9945465 0.07878887 0.9654415 0.1078938 0.03455835 0.1078938 0.03455835 0.8921062 0.005453467 0.9212111 0.03455835 0.1078938 0.9654415 0.1078938 0.9945465 0.07878887 0.9654415 0.8921062 0.03455835 0.8921062 0.005453467 0.9212111 0.9654415 0.8921062 0.9945465 0.9212111 0.9945467 0.8018353 0.9945465 0.9212111 0.005453467 0.9212111 0.03455835 0.8921062 0.9945465 0.07878887 0.9945465 0.9212111 0.9654415 0.8921062 0.005453467 0.07878887 0.005453467 0.9212111 0.03455835 0.8921062 0.9654415 0.1078938 0.9654416 0.8018353 0.9945467 0.8018353 0.4289082 0.8018353 0.4289082 0.9212111 0.5710919 0.9212111 0.5710919 0.9212111 0.5710919 0.07878887 0.4289082 0.8018353 0.5710918 0.8921062 0.4289081 0.8921062 0.4289081 0.8018353 0.4289081 0.8018353 0.4289081 0.1078938 0.5710918 0.1078938 0.5710919 0.005453348 0.5710919 0.9945464 0.4289082 0.9945464 0.4289082 0.03455829 0.4289081 0.9654415 0.5710918 0.9654415 0.5710919 0.9945464 0.5710919 0.005453348 0.4289082 0.005453348 0.4289082 0.03455829 0.5710919 0.03455829 0.5710918 0.9654415 0.4289082 0.9212111 0.4289082 0.07878887 0.5710919 0.07878887 0.5710919 0.1078938 0.4289082 0.1078938 0.4289082 0.8921062</float_array>
          <technique_common>
            <accessor source="#Windows_Frame_05-mesh-map-0-array" count="108" stride="2">
              <param name="S" type="float"/>
              <param name="T" type="float"/>
            </accessor>
          </technique_common>
        </source>
        <vertices id="Windows_Frame_05-mesh-vertices">
          <input semantic="POSITION" source="#Windows_Frame_05-mesh-positions"/>
        </vertices>
        <triangles material="Metal_01-material" count="36">
          <input semantic="VERTEX" source="#Windows_Frame_05-mesh-vertices" offset="0"/>
          <input semantic="NORMAL" source="#Windows_Frame_05-mesh-normals" offset="1"/>
          <input semantic="TEXCOORD" source="#Windows_Frame_05-mesh-map-0" offset="2" set="0"/>
          <p>1 0 0 4 1 1 0 2 2 0 2 3 12 3 4 1 0 5 2 4 6 6 5 7 3 6 8 11 7 9 14 8 10 10 9 11 11 7 12 17 10 13 16 11 14 8 12 15 13 13 16 9 14 17 5 15 18 9 14 19 4 1 20 3 6 21 15 16 22 2 4 23 7 17 24 17 10 25 6 5 26 5 18 27 6 19 28 17 20 29 16 21 30 4 22 31 9 23 32 12 24 33 10 24 34 14 24 35 15 25 36 9 25 37 13 25 38 5 25 39 3 25 40 6 25 41 2 24 42 4 24 43 7 24 44 14 26 45 1 26 46 12 26 47 0 27 48 15 27 49 13 27 50 1 0 51 5 15 52 4 1 53 0 2 54 13 13 55 12 3 56 2 4 57 7 17 58 6 5 59 11 7 60 15 16 61 14 8 62 11 7 63 10 9 64 17 10 65 8 12 66 12 3 67 13 13 68 5 15 69 8 12 70 9 14 71 3 6 72 14 8 73 15 16 74 7 17 75 16 11 76 17 10 77 17 20 78 10 28 79 8 29 80 8 29 81 5 18 82 17 20 83 9 23 84 11 30 85 16 21 86 16 21 87 7 31 88 4 22 89 12 24 90 8 24 91 10 24 92 15 25 93 11 25 94 9 25 95 5 25 96 1 25 97 3 25 98 2 24 99 0 24 100 4 24 101 14 26 102 3 26 103 1 26 104 0 27 105 2 27 106 15 27 107</p>
        </triangles>
      </mesh>
    </geometry>
    <geometry id="Windows_Frame_04-mesh" name="Windows_Frame_04">
      <mesh>
        <source id="Windows_Frame_04-mesh-positions">
          <float_array id="Windows_Frame_04-mesh-positions-array" count="54">0.1221058 -0.957453 -0.6734734 0.1221058 -1.007443 -0.7234634 -0.1221058 -0.957453 -0.6734734 -0.1221058 -1.007443 -0.7234634 0.1221058 0.9574527 -0.6734734 0.1221058 1.007443 -0.7234634 -0.1221058 1.007443 -0.7234634 -0.1221058 0.9574527 -0.6734734 0.1221058 1.007443 0.7234634 0.1221058 0.9574527 0.6734734 -0.1221058 1.007443 0.7234634 -0.1221058 0.9574527 0.6734734 0.1221058 -1.007443 0.7234634 0.1221058 -0.957453 0.6734734 -0.1221058 -1.007443 0.7234634 -0.1221058 -0.957453 0.6734734 -0.1221058 0.957453 0.5184261 -0.1221058 1.007443 0.5184261</float_array>
          <technique_common>
            <accessor source="#Windows_Frame_04-mesh-positions-array" count="18" stride="3">
              <param name="X" type="float"/>
              <param name="Y" type="float"/>
              <param name="Z" type="float"/>
            </accessor>
          </technique_common>
        </source>
        <source id="Windows_Frame_04-mesh-normals">
          <float_array id="Windows_Frame_04-mesh-normals-array" count="96">1 0 0 1 -8.85052e-7 8.07033e-7 1 0 0 1 1.33992e-7 0 -1 2.25666e-7 0 -1 9.41415e-7 -8.8423e-7 -1 2.14088e-7 0 -1 9.19952e-7 8.80728e-7 -1 0 0 -1 9.13246e-7 8.90552e-7 -1 1.70668e-6 0 -1 1.71154e-6 0 1 -7.53862e-7 -8.10239e-7 1 1.40867e-7 0 1 -7.54794e-7 -8.37236e-7 1 -8.80079e-7 8.16032e-7 -1 0 0 -1 9.36903e-7 -9.13702e-7 1.20679e-7 1 -1.72237e-7 0 1 -1.96531e-7 6.4484e-7 1 3.18402e-7 -6.01126e-7 -1 -4.90462e-7 -1.25606e-7 -1 1.78428e-7 -6.24699e-7 -1 -5.66891e-7 0 0 1 0 0 -1 0 -1 0 0 1 0 0 1 1.19037e-6 5.42199e-7 1 5.29269e-7 0 -1 -1.57416e-6 0 -1 2.04774e-7</float_array>
          <technique_common>
            <accessor source="#Windows_Frame_04-mesh-normals-array" count="32" stride="3">
              <param name="X" type="float"/>
              <param name="Y" type="float"/>
              <param name="Z" type="float"/>
            </accessor>
          </technique_common>
        </source>
        <source id="Windows_Frame_04-mesh-map-0">
          <float_array id="Windows_Frame_04-mesh-map-0-array" count="216">0.005453467 0.07878887 0.9654415 0.1078938 0.03455835 0.1078938 0.03455835 0.1078938 0.005453467 0.9212111 0.005453467 0.07878887 0.03455835 0.1078938 0.9945465 0.07878887 0.005453467 0.07878887 0.9654415 0.8921062 0.005453467 0.9212111 0.9945465 0.9212111 0.9654415 0.8921062 0.9945467 0.8018353 0.9654416 0.8018353 0.9945465 0.9212111 0.03455835 0.8921062 0.9654415 0.8921062 0.9945465 0.07878887 0.9654415 0.8921062 0.9654415 0.1078938 0.005453467 0.07878887 0.03455835 0.8921062 0.03455835 0.1078938 0.9654415 0.1078938 0.9945467 0.8018353 0.9945465 0.07878887 0.5710919 0.07878887 0.4289082 0.07878887 0.4289082 0.8018353 0.4289081 0.8018353 0.5710918 0.1078938 0.5710918 0.8921062 0.5710919 0.005453348 0.4289082 0.9945464 0.4289082 0.005453348 0.4289082 0.03455829 0.5710918 0.9654415 0.5710919 0.03455829 0.5710919 0.9945464 0.4289082 0.005453348 0.4289082 0.9945464 0.4289082 0.03455829 0.5710918 0.9654415 0.4289081 0.9654415 0.4289082 0.9212111 0.5710919 0.07878887 0.5710919 0.9212111 0.5710919 0.1078938 0.4289082 0.8921062 0.5710919 0.8921062 0.005453467 0.07878887 0.9945465 0.07878887 0.9654415 0.1078938 0.03455835 0.1078938 0.03455835 0.8921062 0.005453467 0.9212111 0.03455835 0.1078938 0.9654415 0.1078938 0.9945465 0.07878887 0.9654415 0.8921062 0.03455835 0.8921062 0.005453467 0.9212111 0.9654415 0.8921062 0.9945465 0.9212111 0.9945467 0.8018353 0.9945465 0.9212111 0.005453467 0.9212111 0.03455835 0.8921062 0.9945465 0.07878887 0.9945465 0.9212111 0.9654415 0.8921062 0.005453467 0.07878887 0.005453467 0.9212111 0.03455835 0.8921062 0.9654415 0.1078938 0.9654416 0.8018353 0.9945467 0.8018353 0.4289082 0.8018353 0.4289082 0.9212111 0.5710919 0.9212111 0.5710919 0.9212111 0.5710919 0.07878887 0.4289082 0.8018353 0.5710918 0.8921062 0.4289081 0.8921062 0.4289081 0.8018353 0.4289081 0.8018353 0.4289081 0.1078938 0.5710918 0.1078938 0.5710919 0.005453348 0.5710919 0.9945464 0.4289082 0.9945464 0.4289082 0.03455829 0.4289081 0.9654415 0.5710918 0.9654415 0.5710919 0.9945464 0.5710919 0.005453348 0.4289082 0.005453348 0.4289082 0.03455829 0.5710919 0.03455829 0.5710918 0.9654415 0.4289082 0.9212111 0.4289082 0.07878887 0.5710919 0.07878887 0.5710919 0.1078938 0.4289082 0.1078938 0.4289082 0.8921062</float_array>
          <technique_common>
            <accessor source="#Windows_Frame_04-mesh-map-0-array" count="108" stride="2">
              <param name="S" type="float"/>
              <param name="T" type="float"/>
            </accessor>
          </technique_common>
        </source>
        <vertices id="Windows_Frame_04-mesh-vertices">
          <input semantic="POSITION" source="#Windows_Frame_04-mesh-positions"/>
        </vertices>
        <triangles material="Metal_01-material" count="36">
          <input semantic="VERTEX" source="#Windows_Frame_04-mesh-vertices" offset="0"/>
          <input semantic="NORMAL" source="#Windows_Frame_04-mesh-normals" offset="1"/>
          <input semantic="TEXCOORD" source="#Windows_Frame_04-mesh-map-0" offset="2" set="0"/>
          <p>1 0 0 4 1 1 0 2 2 0 2 3 12 3 4 1 0 5 2 4 6 6 5 7 3 6 8 11 7 9 14 8 10 10 9 11 11 7 12 17 10 13 16 11 14 8 12 15 13 13 16 9 14 17 5 15 18 9 14 19 4 1 20 3 6 21 15 16 22 2 4 23 7 17 24 17 10 25 6 5 26 5 18 27 6 19 28 17 20 29 16 21 30 4 22 31 9 23 32 12 24 33 10 24 34 14 24 35 15 25 36 9 25 37 13 25 38 5 25 39 3 25 40 6 25 41 2 24 42 4 24 43 7 24 44 14 26 45 1 26 46 12 26 47 0 27 48 15 27 49 13 27 50 1 0 51 5 15 52 4 1 53 0 2 54 13 13 55 12 3 56 2 4 57 7 17 58 6 5 59 11 7 60 15 16 61 14 8 62 11 7 63 10 9 64 17 10 65 8 12 66 12 3 67 13 13 68 5 15 69 8 12 70 9 14 71 3 6 72 14 8 73 15 16 74 7 17 75 16 11 76 17 10 77 17 20 78 10 28 79 8 29 80 8 29 81 5 18 82 17 20 83 9 23 84 11 30 85 16 21 86 16 21 87 7 31 88 4 22 89 12 24 90 8 24 91 10 24 92 15 25 93 11 25 94 9 25 95 5 25 96 1 25 97 3 25 98 2 24 99 0 24 100 4 24 101 14 26 102 3 26 103 1 26 104 0 27 105 2 27 106 15 27 107</p>
        </triangles>
      </mesh>
    </geometry>
    <geometry id="Windows_Frame_03-mesh" name="Windows_Frame_03">
      <mesh>
        <source id="Windows_Frame_03-mesh-positions">
          <float_array id="Windows_Frame_03-mesh-positions-array" count="54">0.1221058 -0.957453 -0.6734734 0.1221058 -1.007443 -0.7234634 -0.1221058 -0.957453 -0.6734734 -0.1221058 -1.007443 -0.7234634 0.1221058 0.9574527 -0.6734734 0.1221058 1.007443 -0.7234634 -0.1221058 1.007443 -0.7234634 -0.1221058 0.9574527 -0.6734734 0.1221058 1.007443 0.7234634 0.1221058 0.9574527 0.6734734 -0.1221058 1.007443 0.7234634 -0.1221058 0.9574527 0.6734734 0.1221058 -1.007443 0.7234634 0.1221058 -0.957453 0.6734734 -0.1221058 -1.007443 0.7234634 -0.1221058 -0.957453 0.6734734 -0.1221058 0.957453 0.5184261 -0.1221058 1.007443 0.5184261</float_array>
          <technique_common>
            <accessor source="#Windows_Frame_03-mesh-positions-array" count="18" stride="3">
              <param name="X" type="float"/>
              <param name="Y" type="float"/>
              <param name="Z" type="float"/>
            </accessor>
          </technique_common>
        </source>
        <source id="Windows_Frame_03-mesh-normals">
          <float_array id="Windows_Frame_03-mesh-normals-array" count="96">1 0 0 1 -8.85052e-7 8.07033e-7 1 0 0 1 1.33992e-7 0 -1 2.25666e-7 0 -1 9.41415e-7 -8.8423e-7 -1 2.14088e-7 0 -1 9.19952e-7 8.80728e-7 -1 0 0 -1 9.13246e-7 8.90552e-7 -1 1.70668e-6 0 -1 1.71154e-6 0 1 -7.53862e-7 -8.10239e-7 1 1.40867e-7 0 1 -7.54794e-7 -8.37236e-7 1 -8.80079e-7 8.16032e-7 -1 0 0 -1 9.36903e-7 -9.13702e-7 1.20679e-7 1 -1.72237e-7 0 1 -1.96531e-7 6.4484e-7 1 3.18402e-7 -6.01126e-7 -1 -4.90462e-7 -1.25606e-7 -1 1.78428e-7 -6.24699e-7 -1 -5.66891e-7 0 0 1 0 0 -1 0 -1 0 0 1 0 0 1 1.19037e-6 5.42199e-7 1 5.29269e-7 0 -1 -1.57416e-6 0 -1 2.04774e-7</float_array>
          <technique_common>
            <accessor source="#Windows_Frame_03-mesh-normals-array" count="32" stride="3">
              <param name="X" type="float"/>
              <param name="Y" type="float"/>
              <param name="Z" type="float"/>
            </accessor>
          </technique_common>
        </source>
        <source id="Windows_Frame_03-mesh-map-0">
          <float_array id="Windows_Frame_03-mesh-map-0-array" count="216">0.005453467 0.07878887 0.9654415 0.1078938 0.03455835 0.1078938 0.03455835 0.1078938 0.005453467 0.9212111 0.005453467 0.07878887 0.03455835 0.1078938 0.9945465 0.07878887 0.005453467 0.07878887 0.9654415 0.8921062 0.005453467 0.9212111 0.9945465 0.9212111 0.9654415 0.8921062 0.9945467 0.8018353 0.9654416 0.8018353 0.9945465 0.9212111 0.03455835 0.8921062 0.9654415 0.8921062 0.9945465 0.07878887 0.9654415 0.8921062 0.9654415 0.1078938 0.005453467 0.07878887 0.03455835 0.8921062 0.03455835 0.1078938 0.9654415 0.1078938 0.9945467 0.8018353 0.9945465 0.07878887 0.5710919 0.07878887 0.4289082 0.07878887 0.4289082 0.8018353 0.4289081 0.8018353 0.5710918 0.1078938 0.5710918 0.8921062 0.5710919 0.005453348 0.4289082 0.9945464 0.4289082 0.005453348 0.4289082 0.03455829 0.5710918 0.9654415 0.5710919 0.03455829 0.5710919 0.9945464 0.4289082 0.005453348 0.4289082 0.9945464 0.4289082 0.03455829 0.5710918 0.9654415 0.4289081 0.9654415 0.4289082 0.9212111 0.5710919 0.07878887 0.5710919 0.9212111 0.5710919 0.1078938 0.4289082 0.8921062 0.5710919 0.8921062 0.005453467 0.07878887 0.9945465 0.07878887 0.9654415 0.1078938 0.03455835 0.1078938 0.03455835 0.8921062 0.005453467 0.9212111 0.03455835 0.1078938 0.9654415 0.1078938 0.9945465 0.07878887 0.9654415 0.8921062 0.03455835 0.8921062 0.005453467 0.9212111 0.9654415 0.8921062 0.9945465 0.9212111 0.9945467 0.8018353 0.9945465 0.9212111 0.005453467 0.9212111 0.03455835 0.8921062 0.9945465 0.07878887 0.9945465 0.9212111 0.9654415 0.8921062 0.005453467 0.07878887 0.005453467 0.9212111 0.03455835 0.8921062 0.9654415 0.1078938 0.9654416 0.8018353 0.9945467 0.8018353 0.4289082 0.8018353 0.4289082 0.9212111 0.5710919 0.9212111 0.5710919 0.9212111 0.5710919 0.07878887 0.4289082 0.8018353 0.5710918 0.8921062 0.4289081 0.8921062 0.4289081 0.8018353 0.4289081 0.8018353 0.4289081 0.1078938 0.5710918 0.1078938 0.5710919 0.005453348 0.5710919 0.9945464 0.4289082 0.9945464 0.4289082 0.03455829 0.4289081 0.9654415 0.5710918 0.9654415 0.5710919 0.9945464 0.5710919 0.005453348 0.4289082 0.005453348 0.4289082 0.03455829 0.5710919 0.03455829 0.5710918 0.9654415 0.4289082 0.9212111 0.4289082 0.07878887 0.5710919 0.07878887 0.5710919 0.1078938 0.4289082 0.1078938 0.4289082 0.8921062</float_array>
          <technique_common>
            <accessor source="#Windows_Frame_03-mesh-map-0-array" count="108" stride="2">
              <param name="S" type="float"/>
              <param name="T" type="float"/>
            </accessor>
          </technique_common>
        </source>
        <vertices id="Windows_Frame_03-mesh-vertices">
          <input semantic="POSITION" source="#Windows_Frame_03-mesh-positions"/>
        </vertices>
        <triangles material="Metal_01-material" count="36">
          <input semantic="VERTEX" source="#Windows_Frame_03-mesh-vertices" offset="0"/>
          <input semantic="NORMAL" source="#Windows_Frame_03-mesh-normals" offset="1"/>
          <input semantic="TEXCOORD" source="#Windows_Frame_03-mesh-map-0" offset="2" set="0"/>
          <p>1 0 0 4 1 1 0 2 2 0 2 3 12 3 4 1 0 5 2 4 6 6 5 7 3 6 8 11 7 9 14 8 10 10 9 11 11 7 12 17 10 13 16 11 14 8 12 15 13 13 16 9 14 17 5 15 18 9 14 19 4 1 20 3 6 21 15 16 22 2 4 23 7 17 24 17 10 25 6 5 26 5 18 27 6 19 28 17 20 29 16 21 30 4 22 31 9 23 32 12 24 33 10 24 34 14 24 35 15 25 36 9 25 37 13 25 38 5 25 39 3 25 40 6 25 41 2 24 42 4 24 43 7 24 44 14 26 45 1 26 46 12 26 47 0 27 48 15 27 49 13 27 50 1 0 51 5 15 52 4 1 53 0 2 54 13 13 55 12 3 56 2 4 57 7 17 58 6 5 59 11 7 60 15 16 61 14 8 62 11 7 63 10 9 64 17 10 65 8 12 66 12 3 67 13 13 68 5 15 69 8 12 70 9 14 71 3 6 72 14 8 73 15 16 74 7 17 75 16 11 76 17 10 77 17 20 78 10 28 79 8 29 80 8 29 81 5 18 82 17 20 83 9 23 84 11 30 85 16 21 86 16 21 87 7 31 88 4 22 89 12 24 90 8 24 91 10 24 92 15 25 93 11 25 94 9 25 95 5 25 96 1 25 97 3 25 98 2 24 99 0 24 100 4 24 101 14 26 102 3 26 103 1 26 104 0 27 105 2 27 106 15 27 107</p>
        </triangles>
      </mesh>
    </geometry>
    <geometry id="Windows_Frame_02-mesh" name="Windows_Frame_02">
      <mesh>
        <source id="Windows_Frame_02-mesh-positions">
          <float_array id="Windows_Frame_02-mesh-positions-array" count="54">0.1221058 -0.957453 -0.6734734 0.1221058 -1.007443 -0.7234634 -0.1221058 -0.957453 -0.6734734 -0.1221058 -1.007443 -0.7234634 0.1221058 0.9574527 -0.6734734 0.1221058 1.007443 -0.7234634 -0.1221058 1.007443 -0.7234634 -0.1221058 0.9574527 -0.6734734 0.1221058 1.007443 0.7234634 0.1221058 0.9574527 0.6734734 -0.1221058 1.007443 0.7234634 -0.1221058 0.9574527 0.6734734 0.1221058 -1.007443 0.7234634 0.1221058 -0.957453 0.6734734 -0.1221058 -1.007443 0.7234634 -0.1221058 -0.957453 0.6734734 -0.1221058 0.957453 0.5184261 -0.1221058 1.007443 0.5184261</float_array>
          <technique_common>
            <accessor source="#Windows_Frame_02-mesh-positions-array" count="18" stride="3">
              <param name="X" type="float"/>
              <param name="Y" type="float"/>
              <param name="Z" type="float"/>
            </accessor>
          </technique_common>
        </source>
        <source id="Windows_Frame_02-mesh-normals">
          <float_array id="Windows_Frame_02-mesh-normals-array" count="96">1 0 0 1 -8.85052e-7 8.07033e-7 1 0 0 1 1.33992e-7 0 -1 2.25666e-7 0 -1 9.41415e-7 -8.8423e-7 -1 2.14088e-7 0 -1 9.19952e-7 8.80728e-7 -1 0 0 -1 9.13246e-7 8.90552e-7 -1 1.70668e-6 0 -1 1.71154e-6 0 1 -7.53862e-7 -8.10239e-7 1 1.40867e-7 0 1 -7.54794e-7 -8.37236e-7 1 -8.80079e-7 8.16032e-7 -1 0 0 -1 9.36903e-7 -9.13702e-7 1.20679e-7 1 -1.72237e-7 0 1 -1.96531e-7 6.4484e-7 1 3.18402e-7 -6.01126e-7 -1 -4.90462e-7 -1.25606e-7 -1 1.78428e-7 -6.24699e-7 -1 -5.66891e-7 0 0 1 0 0 -1 0 -1 0 0 1 0 0 1 1.19037e-6 5.42199e-7 1 5.29269e-7 0 -1 -1.57416e-6 0 -1 2.04774e-7</float_array>
          <technique_common>
            <accessor source="#Windows_Frame_02-mesh-normals-array" count="32" stride="3">
              <param name="X" type="float"/>
              <param name="Y" type="float"/>
              <param name="Z" type="float"/>
            </accessor>
          </technique_common>
        </source>
        <source id="Windows_Frame_02-mesh-map-0">
          <float_array id="Windows_Frame_02-mesh-map-0-array" count="216">0.005453467 0.07878887 0.9654415 0.1078938 0.03455835 0.1078938 0.03455835 0.1078938 0.005453467 0.9212111 0.005453467 0.07878887 0.03455835 0.1078938 0.9945465 0.07878887 0.005453467 0.07878887 0.9654415 0.8921062 0.005453467 0.9212111 0.9945465 0.9212111 0.9654415 0.8921062 0.9945467 0.8018353 0.9654416 0.8018353 0.9945465 0.9212111 0.03455835 0.8921062 0.9654415 0.8921062 0.9945465 0.07878887 0.9654415 0.8921062 0.9654415 0.1078938 0.005453467 0.07878887 0.03455835 0.8921062 0.03455835 0.1078938 0.9654415 0.1078938 0.9945467 0.8018353 0.9945465 0.07878887 0.5710919 0.07878887 0.4289082 0.07878887 0.4289082 0.8018353 0.4289081 0.8018353 0.5710918 0.1078938 0.5710918 0.8921062 0.5710919 0.005453348 0.4289082 0.9945464 0.4289082 0.005453348 0.4289082 0.03455829 0.5710918 0.9654415 0.5710919 0.03455829 0.5710919 0.9945464 0.4289082 0.005453348 0.4289082 0.9945464 0.4289082 0.03455829 0.5710918 0.9654415 0.4289081 0.9654415 0.4289082 0.9212111 0.5710919 0.07878887 0.5710919 0.9212111 0.5710919 0.1078938 0.4289082 0.8921062 0.5710919 0.8921062 0.005453467 0.07878887 0.9945465 0.07878887 0.9654415 0.1078938 0.03455835 0.1078938 0.03455835 0.8921062 0.005453467 0.9212111 0.03455835 0.1078938 0.9654415 0.1078938 0.9945465 0.07878887 0.9654415 0.8921062 0.03455835 0.8921062 0.005453467 0.9212111 0.9654415 0.8921062 0.9945465 0.9212111 0.9945467 0.8018353 0.9945465 0.9212111 0.005453467 0.9212111 0.03455835 0.8921062 0.9945465 0.07878887 0.9945465 0.9212111 0.9654415 0.8921062 0.005453467 0.07878887 0.005453467 0.9212111 0.03455835 0.8921062 0.9654415 0.1078938 0.9654416 0.8018353 0.9945467 0.8018353 0.4289082 0.8018353 0.4289082 0.9212111 0.5710919 0.9212111 0.5710919 0.9212111 0.5710919 0.07878887 0.4289082 0.8018353 0.5710918 0.8921062 0.4289081 0.8921062 0.4289081 0.8018353 0.4289081 0.8018353 0.4289081 0.1078938 0.5710918 0.1078938 0.5710919 0.005453348 0.5710919 0.9945464 0.4289082 0.9945464 0.4289082 0.03455829 0.4289081 0.9654415 0.5710918 0.9654415 0.5710919 0.9945464 0.5710919 0.005453348 0.4289082 0.005453348 0.4289082 0.03455829 0.5710919 0.03455829 0.5710918 0.9654415 0.4289082 0.9212111 0.4289082 0.07878887 0.5710919 0.07878887 0.5710919 0.1078938 0.4289082 0.1078938 0.4289082 0.8921062</float_array>
          <technique_common>
            <accessor source="#Windows_Frame_02-mesh-map-0-array" count="108" stride="2">
              <param name="S" type="float"/>
              <param name="T" type="float"/>
            </accessor>
          </technique_common>
        </source>
        <vertices id="Windows_Frame_02-mesh-vertices">
          <input semantic="POSITION" source="#Windows_Frame_02-mesh-positions"/>
        </vertices>
        <triangles material="Metal_01-material" count="36">
          <input semantic="VERTEX" source="#Windows_Frame_02-mesh-vertices" offset="0"/>
          <input semantic="NORMAL" source="#Windows_Frame_02-mesh-normals" offset="1"/>
          <input semantic="TEXCOORD" source="#Windows_Frame_02-mesh-map-0" offset="2" set="0"/>
          <p>1 0 0 4 1 1 0 2 2 0 2 3 12 3 4 1 0 5 2 4 6 6 5 7 3 6 8 11 7 9 14 8 10 10 9 11 11 7 12 17 10 13 16 11 14 8 12 15 13 13 16 9 14 17 5 15 18 9 14 19 4 1 20 3 6 21 15 16 22 2 4 23 7 17 24 17 10 25 6 5 26 5 18 27 6 19 28 17 20 29 16 21 30 4 22 31 9 23 32 12 24 33 10 24 34 14 24 35 15 25 36 9 25 37 13 25 38 5 25 39 3 25 40 6 25 41 2 24 42 4 24 43 7 24 44 14 26 45 1 26 46 12 26 47 0 27 48 15 27 49 13 27 50 1 0 51 5 15 52 4 1 53 0 2 54 13 13 55 12 3 56 2 4 57 7 17 58 6 5 59 11 7 60 15 16 61 14 8 62 11 7 63 10 9 64 17 10 65 8 12 66 12 3 67 13 13 68 5 15 69 8 12 70 9 14 71 3 6 72 14 8 73 15 16 74 7 17 75 16 11 76 17 10 77 17 20 78 10 28 79 8 29 80 8 29 81 5 18 82 17 20 83 9 23 84 11 30 85 16 21 86 16 21 87 7 31 88 4 22 89 12 24 90 8 24 91 10 24 92 15 25 93 11 25 94 9 25 95 5 25 96 1 25 97 3 25 98 2 24 99 0 24 100 4 24 101 14 26 102 3 26 103 1 26 104 0 27 105 2 27 106 15 27 107</p>
        </triangles>
      </mesh>
    </geometry>
    <geometry id="Windows_Frame_01-mesh" name="Windows_Frame_01">
      <mesh>
        <source id="Windows_Frame_01-mesh-positions">
          <float_array id="Windows_Frame_01-mesh-positions-array" count="54">0.122106 -0.7994328 -0.6734735 0.122106 -0.8494228 -0.7234635 -0.1221056 -0.7994328 -0.6734735 -0.1221056 -0.8494228 -0.7234635 0.122106 0.7994327 -0.6734735 0.122106 0.8494227 -0.7234635 -0.1221056 0.8494227 -0.7234635 -0.1221057 0.7994327 -0.6734735 0.122106 0.8494227 0.7234634 0.122106 0.7994327 0.6734734 -0.1221056 0.8494227 0.7234634 -0.1221057 0.7994327 0.6734734 0.122106 -0.8494228 0.7234634 0.122106 -0.7994328 0.6734734 -0.1221056 -0.8494228 0.7234634 -0.1221056 -0.7994328 0.6734734 -0.1221057 0.7994329 0.518426 -0.1221056 0.8494229 0.518426</float_array>
          <technique_common>
            <accessor source="#Windows_Frame_01-mesh-positions-array" count="18" stride="3">
              <param name="X" type="float"/>
              <param name="Y" type="float"/>
              <param name="Z" type="float"/>
            </accessor>
          </technique_common>
        </source>
        <source id="Windows_Frame_01-mesh-normals">
          <float_array id="Windows_Frame_01-mesh-normals-array" count="96">1 -1.78005e-7 0 1 -8.84836e-7 8.08853e-7 1 -1.70184e-7 0 1 2.15043e-7 0 -1 0 0 -1 1.17211e-6 -8.86621e-7 -1 0 0 -1 9.15215e-7 8.82385e-7 -1 -1.50325e-7 0 -1 9.08623e-7 8.94247e-7 -1 1.71309e-6 0 -1 1.71154e-6 0 1 -6.35091e-7 -8.12735e-7 1 2.35509e-7 0 1 -6.3734e-7 -8.45358e-7 1 -8.75095e-7 8.19727e-7 -1 -1.49592e-7 0 -1 1.16298e-6 -9.2221e-7 1.20679e-7 1 -1.72237e-7 0 1 -1.96531e-7 6.4484e-7 1 3.18402e-7 -6.01126e-7 -1 -4.90462e-7 -1.25606e-7 -1 1.78428e-7 -6.24698e-7 -1 -5.66891e-7 0 0 1 0 0 -1 0 -1 0 0 1 0 0 1 1.19037e-6 5.42199e-7 1 5.29269e-7 0 -1 -1.57416e-6 0 -1 2.04774e-7</float_array>
          <technique_common>
            <accessor source="#Windows_Frame_01-mesh-normals-array" count="32" stride="3">
              <param name="X" type="float"/>
              <param name="Y" type="float"/>
              <param name="Z" type="float"/>
            </accessor>
          </technique_common>
        </source>
        <source id="Windows_Frame_01-mesh-map-0">
          <float_array id="Windows_Frame_01-mesh-map-0-array" count="216">0.005453467 0.07878887 0.9654415 0.1078938 0.03455835 0.1078938 0.03455835 0.1078938 0.005453467 0.9212111 0.005453467 0.07878887 0.03455835 0.1078938 0.9945465 0.07878887 0.005453467 0.07878887 0.9654415 0.8921062 0.005453467 0.9212111 0.9945465 0.9212111 0.9654415 0.8921062 0.9945467 0.8018353 0.9654416 0.8018353 0.9945465 0.9212111 0.03455835 0.8921062 0.9654415 0.8921062 0.9945465 0.07878887 0.9654415 0.8921062 0.9654415 0.1078938 0.005453467 0.07878887 0.03455835 0.8921062 0.03455835 0.1078938 0.9654415 0.1078938 0.9945467 0.8018353 0.9945465 0.07878887 0.5710919 0.07878887 0.4289082 0.07878887 0.4289082 0.8018353 0.4289081 0.8018353 0.5710918 0.1078938 0.5710918 0.8921062 0.5710919 0.005453348 0.4289082 0.9945464 0.4289082 0.005453348 0.4289082 0.03455829 0.5710918 0.9654415 0.5710919 0.03455829 0.5710919 0.9945464 0.4289082 0.005453348 0.4289082 0.9945464 0.4289082 0.03455829 0.5710918 0.9654415 0.4289081 0.9654415 0.4289082 0.9212111 0.5710919 0.07878887 0.5710919 0.9212111 0.5710919 0.1078938 0.4289082 0.8921062 0.5710919 0.8921062 0.005453467 0.07878887 0.9945465 0.07878887 0.9654415 0.1078938 0.03455835 0.1078938 0.03455835 0.8921062 0.005453467 0.9212111 0.03455835 0.1078938 0.9654415 0.1078938 0.9945465 0.07878887 0.9654415 0.8921062 0.03455835 0.8921062 0.005453467 0.9212111 0.9654415 0.8921062 0.9945465 0.9212111 0.9945467 0.8018353 0.9945465 0.9212111 0.005453467 0.9212111 0.03455835 0.8921062 0.9945465 0.07878887 0.9945465 0.9212111 0.9654415 0.8921062 0.005453467 0.07878887 0.005453467 0.9212111 0.03455835 0.8921062 0.9654415 0.1078938 0.9654416 0.8018353 0.9945467 0.8018353 0.4289082 0.8018353 0.4289082 0.9212111 0.5710919 0.9212111 0.5710919 0.9212111 0.5710919 0.07878887 0.4289082 0.8018353 0.5710918 0.8921062 0.4289081 0.8921062 0.4289081 0.8018353 0.4289081 0.8018353 0.4289081 0.1078938 0.5710918 0.1078938 0.5710919 0.005453348 0.5710919 0.9945464 0.4289082 0.9945464 0.4289082 0.03455829 0.4289081 0.9654415 0.5710918 0.9654415 0.5710919 0.9945464 0.5710919 0.005453348 0.4289082 0.005453348 0.4289082 0.03455829 0.5710919 0.03455829 0.5710918 0.9654415 0.4289082 0.9212111 0.4289082 0.07878887 0.5710919 0.07878887 0.5710919 0.1078938 0.4289082 0.1078938 0.4289082 0.8921062</float_array>
          <technique_common>
            <accessor source="#Windows_Frame_01-mesh-map-0-array" count="108" stride="2">
              <param name="S" type="float"/>
              <param name="T" type="float"/>
            </accessor>
          </technique_common>
        </source>
        <vertices id="Windows_Frame_01-mesh-vertices">
          <input semantic="POSITION" source="#Windows_Frame_01-mesh-positions"/>
        </vertices>
        <triangles material="Metal_01-material" count="36">
          <input semantic="VERTEX" source="#Windows_Frame_01-mesh-vertices" offset="0"/>
          <input semantic="NORMAL" source="#Windows_Frame_01-mesh-normals" offset="1"/>
          <input semantic="TEXCOORD" source="#Windows_Frame_01-mesh-map-0" offset="2" set="0"/>
          <p>1 0 0 4 1 1 0 2 2 0 2 3 12 3 4 1 0 5 2 4 6 6 5 7 3 6 8 11 7 9 14 8 10 10 9 11 11 7 12 17 10 13 16 11 14 8 12 15 13 13 16 9 14 17 5 15 18 9 14 19 4 1 20 3 6 21 15 16 22 2 4 23 7 17 24 17 10 25 6 5 26 5 18 27 6 19 28 17 20 29 16 21 30 4 22 31 9 23 32 12 24 33 10 24 34 14 24 35 15 25 36 9 25 37 13 25 38 5 25 39 3 25 40 6 25 41 2 24 42 4 24 43 7 24 44 14 26 45 1 26 46 12 26 47 0 27 48 15 27 49 13 27 50 1 0 51 5 15 52 4 1 53 0 2 54 13 13 55 12 3 56 2 4 57 7 17 58 6 5 59 11 7 60 15 16 61 14 8 62 11 7 63 10 9 64 17 10 65 8 12 66 12 3 67 13 13 68 5 15 69 8 12 70 9 14 71 3 6 72 14 8 73 15 16 74 7 17 75 16 11 76 17 10 77 17 20 78 10 28 79 8 29 80 8 29 81 5 18 82 17 20 83 9 23 84 11 30 85 16 21 86 16 21 87 7 31 88 4 22 89 12 24 90 8 24 91 10 24 92 15 25 93 11 25 94 9 25 95 5 25 96 1 25 97 3 25 98 2 24 99 0 24 100 4 24 101 14 26 102 3 26 103 1 26 104 0 27 105 2 27 106 15 27 107</p>
        </triangles>
      </mesh>
    </geometry>
    <geometry id="Windows_Frame-mesh" name="Windows_Frame">
      <mesh>
        <source id="Windows_Frame-mesh-positions">
          <float_array id="Windows_Frame-mesh-positions-array" count="54">0.122106 -0.7994328 -0.6734735 0.122106 -0.8494228 -0.7234635 -0.1221056 -0.7994328 -0.6734735 -0.1221056 -0.8494228 -0.7234635 0.122106 0.7994327 -0.6734735 0.122106 0.8494227 -0.7234635 -0.1221056 0.8494227 -0.7234635 -0.1221057 0.7994327 -0.6734735 0.122106 0.8494227 0.7234634 0.122106 0.7994327 0.6734734 -0.1221056 0.8494227 0.7234634 -0.1221057 0.7994327 0.6734734 0.122106 -0.8494228 0.7234634 0.122106 -0.7994328 0.6734734 -0.1221056 -0.8494228 0.7234634 -0.1221056 -0.7994328 0.6734734 -0.1221057 0.7994329 0.518426 -0.1221056 0.8494229 0.518426</float_array>
          <technique_common>
            <accessor source="#Windows_Frame-mesh-positions-array" count="18" stride="3">
              <param name="X" type="float"/>
              <param name="Y" type="float"/>
              <param name="Z" type="float"/>
            </accessor>
          </technique_common>
        </source>
        <source id="Windows_Frame-mesh-normals">
          <float_array id="Windows_Frame-mesh-normals-array" count="96">1 -1.78005e-7 0 1 -8.84836e-7 8.08853e-7 1 -1.70184e-7 0 1 2.15043e-7 0 -1 0 0 -1 1.17211e-6 -8.86621e-7 -1 0 0 -1 9.15215e-7 8.82385e-7 -1 -1.50325e-7 0 -1 9.08623e-7 8.94247e-7 -1 1.71309e-6 0 -1 1.71154e-6 0 1 -6.35091e-7 -8.12735e-7 1 2.35509e-7 0 1 -6.3734e-7 -8.45358e-7 1 -8.75095e-7 8.19727e-7 -1 -1.49592e-7 0 -1 1.16298e-6 -9.2221e-7 1.20679e-7 1 -1.72237e-7 0 1 -1.96531e-7 6.4484e-7 1 3.18402e-7 -6.01126e-7 -1 -4.90462e-7 -1.25606e-7 -1 1.78428e-7 -6.24698e-7 -1 -5.66891e-7 0 0 1 0 0 -1 0 -1 0 0 1 0 0 1 1.19037e-6 5.42199e-7 1 5.29269e-7 0 -1 -1.57416e-6 0 -1 2.04774e-7</float_array>
          <technique_common>
            <accessor source="#Windows_Frame-mesh-normals-array" count="32" stride="3">
              <param name="X" type="float"/>
              <param name="Y" type="float"/>
              <param name="Z" type="float"/>
            </accessor>
          </technique_common>
        </source>
        <source id="Windows_Frame-mesh-map-0">
          <float_array id="Windows_Frame-mesh-map-0-array" count="216">0.005453467 0.07878887 0.9654415 0.1078938 0.03455835 0.1078938 0.03455835 0.1078938 0.005453467 0.9212111 0.005453467 0.07878887 0.03455835 0.1078938 0.9945465 0.07878887 0.005453467 0.07878887 0.9654415 0.8921062 0.005453467 0.9212111 0.9945465 0.9212111 0.9654415 0.8921062 0.9945467 0.8018353 0.9654416 0.8018353 0.9945465 0.9212111 0.03455835 0.8921062 0.9654415 0.8921062 0.9945465 0.07878887 0.9654415 0.8921062 0.9654415 0.1078938 0.005453467 0.07878887 0.03455835 0.8921062 0.03455835 0.1078938 0.9654415 0.1078938 0.9945467 0.8018353 0.9945465 0.07878887 0.5710919 0.07878887 0.4289082 0.07878887 0.4289082 0.8018353 0.4289081 0.8018353 0.5710918 0.1078938 0.5710918 0.8921062 0.5710919 0.005453348 0.4289082 0.9945464 0.4289082 0.005453348 0.4289082 0.03455829 0.5710918 0.9654415 0.5710919 0.03455829 0.5710919 0.9945464 0.4289082 0.005453348 0.4289082 0.9945464 0.4289082 0.03455829 0.5710918 0.9654415 0.4289081 0.9654415 0.4289082 0.9212111 0.5710919 0.07878887 0.5710919 0.9212111 0.5710919 0.1078938 0.4289082 0.8921062 0.5710919 0.8921062 0.005453467 0.07878887 0.9945465 0.07878887 0.9654415 0.1078938 0.03455835 0.1078938 0.03455835 0.8921062 0.005453467 0.9212111 0.03455835 0.1078938 0.9654415 0.1078938 0.9945465 0.07878887 0.9654415 0.8921062 0.03455835 0.8921062 0.005453467 0.9212111 0.9654415 0.8921062 0.9945465 0.9212111 0.9945467 0.8018353 0.9945465 0.9212111 0.005453467 0.9212111 0.03455835 0.8921062 0.9945465 0.07878887 0.9945465 0.9212111 0.9654415 0.8921062 0.005453467 0.07878887 0.005453467 0.9212111 0.03455835 0.8921062 0.9654415 0.1078938 0.9654416 0.8018353 0.9945467 0.8018353 0.4289082 0.8018353 0.4289082 0.9212111 0.5710919 0.9212111 0.5710919 0.9212111 0.5710919 0.07878887 0.4289082 0.8018353 0.5710918 0.8921062 0.4289081 0.8921062 0.4289081 0.8018353 0.4289081 0.8018353 0.4289081 0.1078938 0.5710918 0.1078938 0.5710919 0.005453348 0.5710919 0.9945464 0.4289082 0.9945464 0.4289082 0.03455829 0.4289081 0.9654415 0.5710918 0.9654415 0.5710919 0.9945464 0.5710919 0.005453348 0.4289082 0.005453348 0.4289082 0.03455829 0.5710919 0.03455829 0.5710918 0.9654415 0.4289082 0.9212111 0.4289082 0.07878887 0.5710919 0.07878887 0.5710919 0.1078938 0.4289082 0.1078938 0.4289082 0.8921062</float_array>
          <technique_common>
            <accessor source="#Windows_Frame-mesh-map-0-array" count="108" stride="2">
              <param name="S" type="float"/>
              <param name="T" type="float"/>
            </accessor>
          </technique_common>
        </source>
        <vertices id="Windows_Frame-mesh-vertices">
          <input semantic="POSITION" source="#Windows_Frame-mesh-positions"/>
        </vertices>
        <triangles material="Metal_01-material" count="36">
          <input semantic="VERTEX" source="#Windows_Frame-mesh-vertices" offset="0"/>
          <input semantic="NORMAL" source="#Windows_Frame-mesh-normals" offset="1"/>
          <input semantic="TEXCOORD" source="#Windows_Frame-mesh-map-0" offset="2" set="0"/>
          <p>1 0 0 4 1 1 0 2 2 0 2 3 12 3 4 1 0 5 2 4 6 6 5 7 3 6 8 11 7 9 14 8 10 10 9 11 11 7 12 17 10 13 16 11 14 8 12 15 13 13 16 9 14 17 5 15 18 9 14 19 4 1 20 3 6 21 15 16 22 2 4 23 7 17 24 17 10 25 6 5 26 5 18 27 6 19 28 17 20 29 16 21 30 4 22 31 9 23 32 12 24 33 10 24 34 14 24 35 15 25 36 9 25 37 13 25 38 5 25 39 3 25 40 6 25 41 2 24 42 4 24 43 7 24 44 14 26 45 1 26 46 12 26 47 0 27 48 15 27 49 13 27 50 1 0 51 5 15 52 4 1 53 0 2 54 13 13 55 12 3 56 2 4 57 7 17 58 6 5 59 11 7 60 15 16 61 14 8 62 11 7 63 10 9 64 17 10 65 8 12 66 12 3 67 13 13 68 5 15 69 8 12 70 9 14 71 3 6 72 14 8 73 15 16 74 7 17 75 16 11 76 17 10 77 17 20 78 10 28 79 8 29 80 8 29 81 5 18 82 17 20 83 9 23 84 11 30 85 16 21 86 16 21 87 7 31 88 4 22 89 12 24 90 8 24 91 10 24 92 15 25 93 11 25 94 9 25 95 5 25 96 1 25 97 3 25 98 2 24 99 0 24 100 4 24 101 14 26 102 3 26 103 1 26 104 0 27 105 2 27 106 15 27 107</p>
        </triangles>
      </mesh>
    </geometry>
    <geometry id="Metal_01-mesh" name="Metal_01">
      <mesh>
        <source id="Metal_01-mesh-positions">
          <float_array id="Metal_01-mesh-positions-array" count="240">5.93324 1.88245 -2.38419e-7 -5.933261 1.88245 -2.38419e-7 5.93324 2.070364 -2.38419e-7 -5.933261 2.070364 -2.38419e-7 -5.316249 -5.277855 -2.38419e-7 -5.933261 -4.658483 -2.38419e-7 -5.752542 -5.096445 -2.38419e-7 5.313774 -5.277855 -2.38419e-7 5.93324 -4.660936 -2.38419e-7 5.751801 -5.097163 -2.38419e-7 5.309086 5.277861 -2.38419e-7 5.93324 4.665699 -2.38419e-7 5.750428 5.098562 -2.38419e-7 -5.933261 4.663238 -2.38419e-7 -5.311522 5.277861 -2.38419e-7 -5.751158 5.097842 -2.38419e-7 6.009723 1.906716 -2.38419e-7 -6.009744 1.906716 -2.38419e-7 6.009723 2.097052 -2.38419e-7 -6.009744 2.097052 -2.38419e-7 -5.384777 -5.345889 -2.38419e-7 -6.009744 -4.718533 -2.38419e-7 -5.826695 -5.162141 -2.38419e-7 5.382272 -5.345889 -2.38419e-7 6.009723 -4.721018 -2.38419e-7 5.825945 -5.162868 -2.38419e-7 5.377522 5.345895 -2.38419e-7 6.009723 4.725842 -2.38419e-7 5.824553 5.164285 -2.38419e-7 -6.009744 4.723349 -2.38419e-7 -5.37999 5.345895 -2.38419e-7 -5.825293 5.163556 -2.38419e-7 5.93324 1.88245 -0.1425394 5.93324 2.070364 -0.1425394 -5.933261 -4.658483 -0.1425394 -5.752542 -5.096445 -0.1425394 5.93324 -4.660936 -0.1425394 5.751801 -5.097163 -0.1425394 5.93324 4.665699 -0.1425394 5.309086 5.277861 -0.1425394 -5.311522 5.277861 -0.1425394 5.750428 5.098562 -0.1425394 -5.933261 1.88245 -0.1425394 -5.933261 2.070364 -0.1425394 -5.933261 4.663238 -0.1425394 -5.751158 5.097842 -0.1425394 -5.316249 -5.277855 -0.1425394 5.313774 -5.277855 -0.1425394 6.009723 1.906716 -0.1425394 6.009723 2.097052 -0.1425394 -6.009744 -4.718533 -0.1425394 -5.826695 -5.162141 -0.1425394 6.009723 -4.721018 -0.1425394 5.825945 -5.162868 -0.1425394 6.009723 4.725842 -0.1425394 5.377522 5.345895 -0.1425394 -5.37999 5.345895 -0.1425394 5.824553 5.164285 -0.1425394 -6.009744 1.906716 -0.1425394 -6.009744 2.097052 -0.1425394 -6.009744 4.723349 -0.1425394 -5.825293 5.163556 -0.1425394 -5.384777 -5.345889 -0.1425394 5.382272 -5.345889 -0.1425394 6.009723 -0.8635476 -2.38419e-7 5.93324 -0.8635477 -2.38419e-7 6.009723 -0.8635476 -0.1425394 5.93324 -0.8635477 -0.1425394 6.009723 -2.164375 -2.38419e-7 5.93324 -2.164375 -2.38419e-7 6.009723 -2.164375 -0.1425394 5.93324 -2.164375 -0.1425394 -4.849411 5.277861 -2.38419e-7 -4.883023 5.345895 -2.38419e-7 -4.849411 5.277861 -0.1425394 -4.883023 5.345895 -0.1425394 -3.634448 5.277861 -2.38419e-7 -3.61121 5.345895 -2.38419e-7 -3.634448 5.277861 -0.1425394 -3.61121 5.345895 -0.1425394</float_array>
          <technique_common>
            <accessor source="#Metal_01-mesh-positions-array" count="80" stride="3">
              <param name="X" type="float"/>
              <param name="Y" type="float"/>
              <param name="Z" type="float"/>
            </accessor>
          </technique_common>
        </source>
        <source id="Metal_01-mesh-normals">
          <float_array id="Metal_01-mesh-normals-array" count="300">0 0 1 0 0 -1 0 0 -1 0 0 -1 0 0 -1 0 0 -1 0 0 -1 0 0 -1 0 0 -1 0 0 -1 0 0 -1 0 0 -1 -1.73966e-7 0 -1 0 0 -1 0 0 -1 1.32331e-7 0 -1 0 0 -1 0 0 -1 0 0 -1 0 0 -1 0 0 -1 0 0 -1 0 0 -1 0 0 -1 0 0 -1 0 0 -1 1.83629e-7 0 -1 0 0 -1 0 0 -1 0 0 -1 0 0 -1 2.18324e-7 0 -1 -1 0 0 -0.9809166 -0.1944293 0 -0.1917495 -0.981444 0 -0.7022395 -0.7119408 0 -0.1917494 -0.981444 0 -0.9803846 0.1970946 0 -0.9803845 0.1970945 0 0.1957531 0.9806533 0 0.7080606 0.7061517 0 0.1957532 0.9806532 0 -0.7042226 0.7099794 0 -0.7042227 0.7099792 0 -0.194378 0.9809268 0 -0.1943779 0.9809268 0 0.702239 0.7119413 0 0.1917501 0.9814438 0 0.702239 0.7119413 0 -0.7060757 0.7081364 0 -0.7060756 0.7081366 0 0.7080606 0.7061518 0 0.9809166 0.1944289 0 -0.7080603 -0.7061521 0 -0.1957526 -0.9806534 0 -0.7080603 -0.706152 0 0.7042228 -0.7099791 0 0.1931017 -0.9811788 0 0.7042228 -0.7099791 0 -0.1957523 -0.9806534 0 0.1943775 -0.9809268 0 1 0 0 -0.9806424 0.195807 0 -0.9806424 0.1958071 0 0.1943778 -0.9809268 0 0.7060756 -0.7081366 0 -0.9809166 -0.1944293 0 -0.9801056 -0.1984773 0 -0.9801056 -0.1984773 0 -0.1931016 0.9811788 0 0.9806424 -0.1958071 0 0 -1 0 0.7060756 -0.7081365 0 0.9801054 0.1984778 0 0 1 0 0.9809166 0.1944289 0 0.9801054 0.1984781 0 0.9803847 -0.1970939 0 0.9803847 -0.1970939 0 -1.55865e-6 1 0 -1.55865e-6 1 0 -1.55864e-6 1 0 0 0 -1 6.23461e-6 -1 0 6.23458e-6 -1 0 6.23463e-6 -1 0 0.1931017 -0.9811788 0 0.1917501 0.9814438 0 0.8965511 0.4429402 0 0.8965495 0.4429436 0 0.8965525 0.4429375 0 -0.9463238 0.3232204 0 -0.9463237 0.3232204 0 0 0 -1 0 0 -1 0 0 -1 -1.55866e-6 1 0 6.23456e-6 -1 0 0.8965482 0.4429463 0 -0.9463237 0.3232204 0</float_array>
          <technique_common>
            <accessor source="#Metal_01-mesh-normals-array" count="100" stride="3">
              <param name="X" type="float"/>
              <param name="Y" type="float"/>
              <param name="Z" type="float"/>
            </accessor>
          </technique_common>
        </source>
        <source id="Metal_01-mesh-map-0">
          <float_array id="Metal_01-mesh-map-0-array" count="912">3.446833 3.112775 3.57971 2.921774 3.484819 3.146455 3.446833 3.112775 3.255736 3.239522 3.220666 3.204657 -2.447906 -2.111693 -2.259443 -2.239522 -2.224326 -2.204657 -2.447196 3.112406 -2.25699 3.239522 -2.485187 3.146081 3.540515 -1.888515 3.57971 -0.5724188 3.540515 -0.5724189 -2.57971 1.477102 -2.540516 -1.887258 -2.540516 1.464667 -2.447906 -2.111693 -2.57971 -1.918031 -2.485906 -2.145359 3.447537 -2.112061 3.57971 -1.919304 3.540515 -1.888515 3.220666 3.204657 -1.213988 3.239521 -1.192175 3.204657 -2.540516 2.889692 -2.57971 1.57464 -2.540516 1.560964 -2.224326 -2.204657 3.25817 -2.239522 3.223068 -2.204657 3.57971 1.477102 3.540515 1.560964 3.540515 1.464667 -2.447196 3.112406 -2.57971 2.920496 -2.540516 2.889692 3.25817 -2.239522 3.447537 -2.112061 3.223068 -2.204657 3.540515 2.890953 3.57971 1.57464 3.57971 2.921774 -2.540516 1.560964 -2.57971 1.477102 -2.540516 1.464667 3.446833 3.112775 3.57971 2.921774 3.540515 2.890953 3.255736 3.239522 3.446833 3.112775 3.220666 3.204657 -2.259443 -2.239522 -2.447906 -2.111693 -2.224326 -2.204657 -2.447196 3.112406 -2.25699 3.239522 -2.221903 3.204657 3.540515 -1.888515 3.57971 -0.5724188 3.57971 -1.919304 -2.540516 -1.887258 -2.57971 1.477102 -2.540516 1.464667 -2.447906 -2.111693 -2.57971 -1.918031 -2.540516 -1.887258 3.447537 -2.112061 3.57971 -1.919304 3.485532 -2.145732 -1.213988 3.239521 3.220666 3.204657 -1.192175 3.204657 -2.57971 1.57464 -2.540516 2.889692 -2.540516 1.560964 -2.224326 -2.204657 3.25817 -2.239522 -2.259443 -2.239522 3.540515 1.560964 3.57971 1.477102 3.540515 1.464667 -2.57971 2.920496 -2.447196 3.112406 -2.540516 2.889692 3.447537 -2.112061 3.25817 -2.239522 3.223068 -2.204657 3.540515 2.890953 3.57971 1.57464 3.540515 1.560964 -2.540516 1.560964 -2.57971 1.477102 -2.57971 1.57464 1.477102 0.4634777 -1.918031 0.5365225 1.477102 0.5365225 3.220666 0.4634777 3.446833 0.5365225 3.220666 0.5365225 2.920496 0.4634777 1.57464 0.5365225 2.920496 0.5365225 -2.224326 0.4634777 -2.447906 0.5365225 -2.224326 0.5365225 3.146081 0.4634777 2.920496 0.5365225 3.146081 0.5365225 3.223068 0.4634777 -2.224326 0.5365225 3.223068 0.5365225 1.560964 0.4634777 1.464667 0.5365225 1.560964 0.5365225 3.484819 0.4634777 3.255736 0.5365225 3.484819 0.5365225 3.447537 0.4634777 3.223068 0.5365225 3.447537 0.5365225 -2.111693 0.4634777 -1.887258 0.5365225 -2.111693 0.5365225 -2.485906 0.4634777 -2.259443 0.5365225 -2.485906 0.5365225 -2.447196 0.4634777 -2.221903 0.5365225 -2.447196 0.5365225 1.464667 0.4634777 0.02074587 0.5365225 1.464667 0.5365225 -2.259443 0.4634777 3.25817 0.5365225 -2.259443 0.5365225 1.477102 0.4634777 1.57464 0.5365225 1.477102 0.5365225 -1.888515 0.4634777 -2.112061 0.5365225 -1.888515 0.5365225 3.25817 0.4634777 3.485532 0.5365225 3.25817 0.5365225 -1.918031 0.4634777 -2.145359 0.5365225 -1.918031 0.5365225 2.890953 0.4634777 1.560964 0.5365225 2.890953 0.5365225 -2.25699 0.4634777 -2.485187 0.5365225 -2.25699 0.5365225 -1.919304 0.4634777 -0.5724188 0.5365225 -1.919304 0.5365225 -1.192175 0.4634777 3.220666 0.5365225 -1.192175 0.5365225 -2.145732 0.4634777 -1.919304 0.5365225 -2.145732 0.5365225 3.112775 0.4634777 2.890953 0.5365225 3.112775 0.5365225 1.57464 0.4634777 2.921774 0.5365225 1.57464 0.5365225 1.464667 0.4634777 1.560964 0.5365225 1.464667 0.5365225 -2.077273 0.4634777 -2.25699 0.5365225 -2.077273 0.5365225 -1.887258 0.4634777 1.464667 0.5365225 -1.887258 0.5365225 2.921774 0.4634777 3.146455 0.5365225 2.921774 0.5365225 1.560964 0.4634777 2.889692 0.5365225 1.560964 0.5365225 1.57464 0.4634777 1.477102 0.5365225 1.57464 0.5365225 2.889692 0.4634777 3.112406 0.5365225 2.889692 0.5365225 0.1321156 0.4183133 0.1321156 0.3848044 0.1321156 0.3848044 3.57971 0.02074563 3.540515 1.464667 3.57971 1.477102 -0.5724189 0.4634777 -1.888515 0.5365225 -0.5724189 0.5365225 0.02074563 0.4634777 1.477102 0.5365225 0.02074563 0.5365225 -0.1399956 0.4183133 -0.1399956 0.3848044 -0.1399956 0.4183133 3.57971 0.02074563 3.540515 1.464667 3.540515 0.02074587 -2.221903 0.4634777 -2.044473 0.5365225 -2.221903 0.5365225 -2.221903 3.204657 -2.077273 3.239522 -2.044473 3.204657 -2.221903 3.204657 -2.077273 3.239522 -2.25699 3.239522 3.255736 0.4634777 -1.213988 0.5365225 3.255736 0.5365225 0.4803048 0.5412637 0.5196952 0.4587363 0.5196952 0.5412637 0.5196952 0.4587363 0.4803048 0.5412637 0.5196952 0.5412637 3.446833 3.112775 3.540515 2.890953 3.57971 2.921774 3.446833 3.112775 3.484819 3.146455 3.255736 3.239522 -2.447906 -2.111693 -2.485906 -2.145359 -2.259443 -2.239522 -2.447196 3.112406 -2.221903 3.204657 -2.25699 3.239522 3.540515 -1.888515 3.57971 -1.919304 3.57971 -0.5724188 -2.57971 1.477102 -2.57971 -1.918031 -2.540516 -1.887258 -2.447906 -2.111693 -2.540516 -1.887258 -2.57971 -1.918031 3.447537 -2.112061 3.485532 -2.145732 3.57971 -1.919304 3.220666 3.204657 3.255736 3.239522 -1.213988 3.239521 -2.540516 2.889692 -2.57971 2.920496 -2.57971 1.57464 -2.224326 -2.204657 -2.259443 -2.239522 3.25817 -2.239522 3.57971 1.477102 3.57971 1.57464 3.540515 1.560964 -2.447196 3.112406 -2.485187 3.146081 -2.57971 2.920496 3.25817 -2.239522 3.485532 -2.145732 3.447537 -2.112061 3.540515 2.890953 3.540515 1.560964 3.57971 1.57464 -2.540516 1.560964 -2.57971 1.57464 -2.57971 1.477102 3.446833 3.112775 3.484819 3.146455 3.57971 2.921774 3.255736 3.239522 3.484819 3.146455 3.446833 3.112775 -2.259443 -2.239522 -2.485906 -2.145359 -2.447906 -2.111693 -2.447196 3.112406 -2.485187 3.146081 -2.25699 3.239522 3.540515 -1.888515 3.540515 -0.5724189 3.57971 -0.5724188 -2.540516 -1.887258 -2.57971 -1.918031 -2.57971 1.477102 -2.447906 -2.111693 -2.485906 -2.145359 -2.57971 -1.918031 3.447537 -2.112061 3.540515 -1.888515 3.57971 -1.919304 -1.213988 3.239521 3.255736 3.239522 3.220666 3.204657 -2.57971 1.57464 -2.57971 2.920496 -2.540516 2.889692 -2.224326 -2.204657 3.223068 -2.204657 3.25817 -2.239522 3.540515 1.560964 3.57971 1.57464 3.57971 1.477102 -2.57971 2.920496 -2.485187 3.146081 -2.447196 3.112406 3.447537 -2.112061 3.485532 -2.145732 3.25817 -2.239522 3.540515 2.890953 3.57971 2.921774 3.57971 1.57464 -2.540516 1.560964 -2.540516 1.464667 -2.57971 1.477102 1.477102 0.4634777 -1.918031 0.4634777 -1.918031 0.5365225 3.220666 0.4634777 3.446833 0.4634777 3.446833 0.5365225 2.920496 0.4634777 1.57464 0.4634777 1.57464 0.5365225 -2.224326 0.4634777 -2.447906 0.4634777 -2.447906 0.5365225 3.146081 0.4634777 2.920496 0.4634777 2.920496 0.5365225 3.223068 0.4634777 -2.224326 0.4634777 -2.224326 0.5365225 1.560964 0.4634777 1.464667 0.4634777 1.464667 0.5365225 3.484819 0.4634777 3.255736 0.4634777 3.255736 0.5365225 3.447537 0.4634777 3.223068 0.4634777 3.223068 0.5365225 -2.111693 0.4634777 -1.887258 0.4634777 -1.887258 0.5365225 -2.485906 0.4634777 -2.259443 0.4634777 -2.259443 0.5365225 -2.447196 0.4634777 -2.221903 0.4634777 -2.221903 0.5365225 1.464667 0.4634777 0.02074587 0.4634777 0.02074587 0.5365225 -2.259443 0.4634777 3.25817 0.4634777 3.25817 0.5365225 1.477102 0.4634777 1.57464 0.4634777 1.57464 0.5365225 -1.888515 0.4634777 -2.112061 0.4634777 -2.112061 0.5365225 3.25817 0.4634777 3.485532 0.4634777 3.485532 0.5365225 -1.918031 0.4634777 -2.145359 0.4634777 -2.145359 0.5365225 2.890953 0.4634777 1.560964 0.4634777 1.560964 0.5365225 -2.25699 0.4634777 -2.485187 0.4634777 -2.485187 0.5365225 -1.919304 0.4634777 -0.5724188 0.4634777 -0.5724188 0.5365225 -1.192175 0.4634777 3.220666 0.4634777 3.220666 0.5365225 -2.145732 0.4634777 -1.919304 0.4634777 -1.919304 0.5365225 3.112775 0.4634777 2.890953 0.4634777 2.890953 0.5365225 1.57464 0.4634777 2.921774 0.4634777 2.921774 0.5365225 1.464667 0.4634777 1.560964 0.4634777 1.560964 0.5365225 -2.077273 0.4634777 -2.25699 0.4634777 -2.25699 0.5365225 -1.887258 0.4634777 1.464667 0.4634777 1.464667 0.5365225 2.921774 0.4634777 3.146455 0.4634777 3.146455 0.5365225 1.560964 0.4634777 2.889692 0.4634777 2.889692 0.5365225 1.57464 0.4634777 1.477102 0.4634777 1.477102 0.5365225 2.889692 0.4634777 3.112406 0.4634777 3.112406 0.5365225 0.1321156 0.4183133 0.1321156 0.4183133 0.1321156 0.3848044 3.57971 0.02074563 3.540515 0.02074587 3.540515 1.464667 -0.5724189 0.4634777 -1.888515 0.4634777 -1.888515 0.5365225 0.02074563 0.4634777 1.477102 0.4634777 1.477102 0.5365225 -0.1399956 0.4183133 -0.1399956 0.3848044 -0.1399956 0.3848044 3.57971 0.02074563 3.57971 1.477102 3.540515 1.464667 -2.221903 0.4634777 -2.044473 0.4634777 -2.044473 0.5365225 -2.221903 3.204657 -2.25699 3.239522 -2.077273 3.239522 -2.221903 3.204657 -2.044473 3.204657 -2.077273 3.239522 3.255736 0.4634777 -1.213989 0.4634777 -1.213988 0.5365225 0.4803048 0.5412637 0.4803048 0.4587363 0.5196952 0.4587363 0.5196952 0.4587363 0.4803048 0.4587363 0.4803048 0.5412637</float_array>
          <technique_common>
            <accessor source="#Metal_01-mesh-map-0-array" count="456" stride="2">
              <param name="S" type="float"/>
              <param name="T" type="float"/>
            </accessor>
          </technique_common>
        </source>
        <vertices id="Metal_01-mesh-vertices">
          <input semantic="POSITION" source="#Metal_01-mesh-positions"/>
        </vertices>
        <triangles material="Metal_01-material" count="148">
          <input semantic="VERTEX" source="#Metal_01-mesh-vertices" offset="0"/>
          <input semantic="NORMAL" source="#Metal_01-mesh-normals" offset="1"/>
          <input semantic="TEXCOORD" source="#Metal_01-mesh-map-0" offset="2" set="0"/>
          <p>12 0 0 27 0 1 28 0 2 12 0 3 26 0 4 10 0 5 6 0 6 20 0 7 4 0 8 15 0 9 30 0 10 31 0 11 8 0 12 68 0 13 69 0 14 17 0 15 5 0 16 1 0 17 6 0 18 21 0 19 22 0 20 9 0 21 24 0 22 8 0 23 10 0 24 77 0 25 76 0 26 13 0 27 19 0 28 3 0 29 4 0 30 23 0 31 7 0 32 16 0 33 2 0 34 0 0 35 15 0 36 29 0 37 13 0 38 23 0 39 9 0 40 7 0 41 11 0 42 18 0 43 27 0 44 3 0 45 17 0 46 1 0 47 41 1 48 54 2 49 38 3 50 55 4 51 41 1 52 39 5 53 62 6 54 35 7 55 46 8 56 45 9 57 56 10 58 40 11 59 36 12 60 70 13 61 52 14 62 34 15 63 58 16 64 42 17 65 35 7 66 50 18 67 34 15 68 37 19 69 52 14 70 53 20 71 79 21 72 39 5 73 78 21 74 59 22 75 44 23 76 43 24 77 46 8 78 63 25 79 62 6 80 33 26 81 48 27 82 32 28 83 60 29 84 45 9 85 44 23 86 37 19 87 63 25 88 47 30 89 38 3 90 49 31 91 33 26 92 43 24 93 58 16 94 59 22 95 58 32 96 21 33 97 17 32 98 39 34 99 12 35 100 10 36 101 60 37 102 19 32 103 29 38 104 46 39 105 6 40 106 4 41 107 61 42 108 29 38 109 31 43 110 47 44 111 4 41 112 7 45 113 33 32 114 0 32 115 2 32 116 57 46 117 26 47 118 28 48 119 37 49 120 7 45 121 9 50 122 35 51 123 5 52 124 6 40 125 51 53 126 20 54 127 22 55 128 45 56 129 14 57 130 15 58 131 32 32 132 65 32 133 0 32 134 62 59 135 23 60 136 20 54 137 48 61 138 18 61 139 16 61 140 36 62 141 9 50 142 8 63 143 63 64 144 25 65 145 23 60 146 50 66 147 22 55 148 21 33 149 38 67 150 2 32 151 11 68 152 56 69 153 31 43 154 30 69 155 52 70 156 68 61 157 24 70 158 78 71 159 10 36 160 76 71 161 53 72 162 24 70 163 25 65 164 41 35 165 11 68 166 12 35 167 49 61 168 27 73 169 18 61 170 42 61 171 3 61 172 1 61 173 75 74 174 30 69 175 73 74 176 34 75 177 1 61 178 5 52 179 54 76 180 28 48 181 27 73 182 43 61 183 13 77 184 3 61 185 59 32 186 17 32 187 19 32 188 44 78 189 15 58 190 13 77 191 66 82 195 32 28 196 48 27 197 71 32 198 8 63 199 69 32 200 66 61 201 16 61 202 64 61 203 64 0 207 0 0 208 65 0 209 40 86 210 72 71 211 14 57 212 40 11 213 75 21 214 74 21 215 14 0 216 73 0 217 30 0 218 55 87 219 77 74 220 26 47 221 72 88 222 75 89 223 73 90 224 79 91 225 76 92 226 77 92 227 12 0 228 11 0 229 27 0 230 12 0 231 28 0 232 26 0 233 6 0 234 22 0 235 20 0 236 15 0 237 14 0 238 30 0 239 8 0 240 24 0 241 68 0 242 17 0 243 21 0 244 5 0 245 6 0 246 5 0 247 21 0 248 9 0 249 25 0 250 24 0 251 10 0 252 26 0 253 77 0 254 13 0 255 29 0 256 19 0 257 4 0 258 20 0 259 23 0 260 16 0 261 18 0 262 2 0 263 15 0 264 31 0 265 29 0 266 23 0 267 25 0 268 9 0 269 11 0 270 2 0 271 18 0 272 3 0 273 19 0 274 17 0 275 41 1 276 57 93 277 54 2 278 55 4 279 57 93 280 41 1 281 62 6 282 51 21 283 35 7 284 45 9 285 61 94 286 56 10 287 36 12 288 71 95 289 70 13 290 34 15 291 50 18 292 58 16 293 35 7 294 51 21 295 50 18 296 37 19 297 36 12 298 52 14 299 79 21 300 55 4 301 39 5 302 59 22 303 60 29 304 44 23 305 46 8 306 47 30 307 63 25 308 33 26 309 49 31 310 48 27 311 60 29 312 61 94 313 45 9 314 37 19 315 53 20 316 63 25 317 38 3 318 54 2 319 49 31 320 43 24 321 42 17 322 58 16 323 58 32 324 50 66 325 21 33 326 39 34 327 41 35 328 12 35 329 60 37 330 59 32 331 19 32 332 46 39 333 35 51 334 6 40 335 61 42 336 60 37 337 29 38 338 47 44 339 46 39 340 4 41 341 33 32 342 32 32 343 0 32 344 57 46 345 55 87 346 26 47 347 37 49 348 47 44 349 7 45 350 35 51 351 34 75 352 5 52 353 51 53 354 62 59 355 20 54 356 45 56 357 40 86 358 14 57 359 32 32 360 67 32 361 65 32 362 62 59 363 63 64 364 23 60 365 48 61 366 49 61 367 18 61 368 36 62 369 37 49 370 9 50 371 63 64 372 53 72 373 25 65 374 50 66 375 51 53 376 22 55 377 38 67 378 33 32 379 2 32 380 56 69 381 61 42 382 31 43 383 52 70 384 70 61 385 68 61 386 78 71 387 39 34 388 10 36 389 53 72 390 52 70 391 24 70 392 41 35 393 38 67 394 11 68 395 49 61 396 54 76 397 27 73 398 42 61 399 43 61 400 3 61 401 75 74 402 56 69 403 30 69 404 34 75 405 42 61 406 1 61 407 54 76 408 57 46 409 28 48 410 43 61 411 44 78 412 13 77 413 59 32 414 58 32 415 17 32 416 44 78 417 45 56 418 15 58 419 66 82 423 67 21 424 32 28 425 71 32 426 36 62 427 8 63 428 66 61 429 48 61 430 16 61 431 64 0 435 16 0 436 0 0 437 40 86 438 74 71 439 72 71 440 40 11 441 56 10 442 75 21 443 14 0 444 72 0 445 73 0 446 55 87 447 79 74 448 77 74 449 72 88 450 74 98 451 75 89 452 79 91 453 78 99 454 76 92 455</p>
        </triangles>
      </mesh>
    </geometry>
    <geometry id="Establishment-mesh" name="Establishment">
      <mesh>
        <source id="Establishment-mesh-positions">
          <float_array id="Establishment-mesh-positions-array" count="789">-5.657382 0.6633731 0.8099302 -5.657382 0.6633731 -2.070327 5.846317 0.6633731 0.8099302 5.846317 0.6633731 -2.070327 6.03057 1.339226 0.8099302 6.03057 1.339226 -2.070327 -5.83593 1.339226 0.8099302 -5.83593 1.339226 -2.070327 -5.657382 0.851287 0.8099302 -5.657382 0.851287 -2.070327 5.846317 0.851287 0.8099302 5.846317 0.851287 -2.070327 6.03057 1.52714 0.8099302 6.03057 1.52714 -2.070327 -5.83593 1.52714 0.8099302 -5.83593 1.52714 -2.070327 -5.218918 -5.821078 -2.070327 -5.83593 -5.201706 -2.070327 -5.655211 -5.639668 -2.070327 -5.218918 -5.821078 0.8099302 -5.83593 -5.201706 0.8099302 -5.655211 -5.639668 0.8099302 -5.657382 -5.020436 -2.070327 -5.040369 -5.639809 -2.070327 -5.476663 -5.458399 -2.070327 -5.040369 -5.639809 0.8099302 -5.657382 -5.020436 0.8099302 -5.476663 -5.458399 0.8099302 6.03057 -5.20416 -2.070327 5.411105 -5.821078 -2.070327 5.849132 -5.640387 -2.070327 5.411105 -5.821078 0.8099302 6.03057 -5.20416 0.8099302 5.849132 -5.640387 0.8099302 5.846317 -5.022891 -2.070327 5.22685 -5.639809 -2.070327 5.664879 -5.459117 -2.070327 5.22685 -5.639809 0.8099302 5.846317 -5.022891 0.8099302 5.664879 -5.459117 0.8099302 -5.035642 4.564056 0.8099302 -5.657382 3.949433 0.8099302 -5.475278 4.384036 0.8099302 -5.657382 3.949433 -2.070327 -5.035642 4.564056 -2.070327 -5.475278 4.384036 -2.070327 5.846317 3.951894 0.8099302 5.222163 4.564056 0.8099302 5.663505 4.384757 0.8099302 5.222163 4.564056 -2.070327 5.846317 3.951894 -2.070327 5.663505 4.384757 -2.070327 5.406416 4.734637 0.8099302 6.03057 4.122475 0.8099302 5.847759 4.555338 0.8099302 6.03057 4.122475 -2.070327 5.406416 4.734637 -2.070327 5.847759 4.555338 -2.070327 -5.83593 4.120014 0.8099302 -5.214191 4.734637 0.8099302 -5.653827 4.554618 0.8099302 -5.214191 4.734637 -2.070327 -5.83593 4.120014 -2.070327 -5.653827 4.554618 -2.070327 6.03057 -1.068605 0.5660939 5.846317 -1.068605 0.5660939 6.03057 -1.068605 -0.8808528 5.846317 -1.068605 -0.8808528 6.03057 -3.144957 0.5660942 5.846317 -3.144957 0.5660942 6.03057 -3.144957 -0.8808527 5.846317 -3.144957 -0.8808527 6.03057 -4.843822 -0.8808527 5.846317 -4.843822 -0.8808527 6.03057 -4.843822 0.5660942 5.846317 -4.843822 0.5660942 6.03057 0.630261 0.5660939 5.846317 0.630261 0.5660939 6.03057 0.630261 -0.8808528 5.846317 0.630261 -0.8808528 4.3538 -5.821078 -0.8808527 4.3538 -5.639809 -0.8808527 4.3538 -5.821078 0.5660942 4.3538 -5.639809 0.5660942 2.37053 -5.821078 0.5660942 2.37053 -5.639809 0.5660942 2.37053 -5.821078 -0.8808527 2.37053 -5.639809 -0.8808527 1.815214 -5.821078 -0.8808527 1.815214 -5.639809 -0.8808527 1.815214 -5.821078 0.5660942 1.815214 -5.639809 0.5660942 -0.1680564 -5.821078 0.5660942 -0.1680564 -5.639809 0.5660942 -0.1680564 -5.821078 -0.8808527 -0.1680564 -5.639809 -0.8808527 -0.723372 -5.821078 -0.8808527 -0.723372 -5.639809 -0.8808527 -0.723372 -5.821078 0.5660942 -0.723372 -5.639809 0.5660942 -2.706643 -5.821078 0.5660942 -2.706643 -5.639809 0.5660942 -2.706643 -5.821078 -0.8808527 -2.706643 -5.639809 -0.8808527 -3.24844 -5.821078 -0.8808525 -3.24844 -5.639809 -0.8808525 -4.947306 -5.821078 -0.8808525 -4.947306 -5.639809 -0.8808525 -3.24844 -5.821078 0.5660944 -3.24844 -5.639809 0.5660944 -4.947306 -5.821078 0.5660944 -4.947306 -5.639809 0.5660944 -5.657382 -4.843822 -0.8808527 -5.83593 -4.843822 -0.8808527 -5.657382 -3.144957 -0.8808527 -5.83593 -3.144957 -0.8808527 -5.657382 -3.144957 0.5660942 -5.83593 -3.144957 0.5660942 -5.657382 -4.843822 0.5660942 -5.83593 -4.843822 0.5660942 -5.83593 -3.144957 0.3610468 5.846317 -2.635934 -2.070327 5.846317 -1.478435 -2.070327 6.03057 -2.635934 -2.070327 6.03057 -1.478435 -2.070327 5.846317 -1.478435 -0.8808528 5.846317 -2.635934 -0.8808527 6.03057 -1.478435 -0.8808528 6.03057 -2.635934 -0.8808527 6.03057 -2.635934 0.5547448 6.03057 -1.478435 0.5547448 5.846317 -2.635934 0.5547448 5.846317 -1.478435 0.5547448 -5.83593 1.52714 -0.8752585 -5.83593 4.120014 -0.8721547 -5.653827 4.554618 -0.8716338 -5.214191 4.734637 -0.8714185 -5.83593 1.339226 -0.875483 -5.218918 -5.821078 -0.8740499 -5.655211 -5.639668 -0.8753128 -5.83593 -5.201706 -0.8783615 5.847759 4.555338 -0.8711734 6.03057 4.122475 -0.8711684 5.406416 4.734637 -0.8711829 6.03057 1.52714 -0.878366 6.03057 1.339226 -0.8788862 6.03057 -5.20416 -0.8931258 5.849132 -5.640387 -0.8826841 5.411105 -5.821078 -0.8783584 -5.83593 1.339226 1.218812 6.03057 1.339226 1.218812 6.03057 1.52714 1.218812 -5.83593 1.52714 1.218812 -5.83593 -5.201706 1.218812 -5.655211 -5.639668 1.218812 -5.218918 -5.821078 1.218812 6.03057 -5.20416 1.218812 5.849132 -5.640387 1.218812 6.03057 4.122475 1.218812 5.847759 4.555338 1.218812 5.406416 4.734637 1.218812 -5.214191 4.734637 1.218812 -5.653827 4.554618 1.218812 5.411105 -5.821078 1.218812 -5.83593 4.120014 1.218812 6.259262 -6.003838 0.8099727 6.259262 -6.003838 1.218769 6.453638 1.473453 0.8099727 6.453638 1.674766 0.8099727 5.79 -6.197413 0.8099727 5.79 -6.197413 1.218769 -6.258997 -5.533876 0.8099727 -6.065392 -6.003068 0.8099727 6.453638 -5.536505 0.8099727 -5.592925 5.110971 1.218769 -5.592925 5.110971 0.8099727 6.453638 4.45516 0.8099727 -6.06391 4.918117 0.8099727 -6.06391 4.918117 1.218769 5.784978 5.110971 0.8099727 -6.258997 -5.533876 1.218769 6.257791 4.918888 0.8099727 -6.065392 -6.003068 1.218769 -5.597989 -6.197413 0.8099727 -5.597989 -6.197413 1.218769 -6.258997 1.674766 1.218769 -6.258997 1.674766 0.8099727 -6.258997 1.473453 0.8099727 -6.258997 1.473453 1.218769 -6.258997 4.452524 0.8099727 6.453638 1.473453 1.218769 6.453638 1.674766 1.218769 6.453638 -5.536505 1.218769 6.453638 4.45516 1.218769 5.784978 5.110971 1.218769 6.257791 4.918888 1.218769 -6.258997 4.452524 1.218769 -5.83593 -1.247803 0.5509591 -5.83593 -1.247803 -0.8785809 -5.83593 -1.245463 0.8099302 -6.258997 -1.245464 0.8099727 -5.83593 -1.050696 -0.8783449 -5.83593 -1.050696 0.5706903 -6.258997 -1.052577 0.8099727 -5.83593 -1.052578 0.8099302 6.03057 -1.282581 -2.070327 6.03057 -2.839984 -2.070327 -5.653827 4.554618 -2.627093 -5.214191 4.734637 -2.627093 6.03057 -5.20416 -2.627093 5.849132 -5.640387 -2.627093 -5.83593 1.339226 -2.627093 -5.83593 1.52714 -2.627093 5.847759 4.555338 -2.627093 6.03057 4.122475 -2.627093 5.406416 4.734637 -2.627093 -5.218918 -5.821078 -2.627093 -5.655211 -5.639668 -2.627093 -5.83593 -5.201706 -2.627093 -5.83593 4.120014 -2.627093 5.411105 -5.821078 -2.627093 6.03057 1.52714 -2.627093 6.03057 1.339226 -2.627093 6.03057 -1.282581 -2.627093 6.03057 -2.839984 -2.627093 -0.06659281 0.851287 -2.070327 1.047668 0.851287 -2.070327 -0.06659281 0.851287 0.4097139 1.047668 0.851287 0.4097139 -0.06659281 0.6633731 -2.070327 1.047668 0.6633731 -2.070327 -0.06659281 0.6633731 0.4097139 1.047668 0.6633731 0.4097139 4.889998 0.851287 0.4097138 4.889997 0.6633731 0.4097138 3.775737 0.851287 0.4097138 3.775737 0.6633731 0.4097138 3.775737 0.851287 -2.070327 3.775737 0.6633731 -2.070327 4.889998 0.851287 -2.070327 4.889998 0.6633731 -2.070327 2.789908 0.851287 0.8099302 2.789908 0.851287 -2.070327 2.789908 4.576472 0.8099302 2.789908 4.576472 -2.070327 3.032071 0.8517753 0.8099302 3.032071 0.8517753 -2.070327 3.032071 4.57696 0.8099302 3.032071 4.57696 -2.070327 2.917102 4.564056 0.8099302 2.917102 4.564056 -2.070327 2.904059 0.851287 -2.070327 2.898316 0.851287 0.8099302 -3.584268 4.564056 0.4097138 -4.698529 4.564056 -2.070327 -4.698529 4.564056 0.4097138 -3.584268 4.564056 -2.070327 -4.698529 4.734637 -0.871407 -3.584268 4.734637 -0.8713823 -4.698529 4.734637 0.4097138 -3.584268 4.734637 0.4097138 -4.698529 4.734637 -2.070327 -3.584268 4.734637 -2.070327</float_array>
          <technique_common>
            <accessor source="#Establishment-mesh-positions-array" count="263" stride="3">
              <param name="X" type="float"/>
              <param name="Y" type="float"/>
              <param name="Z" type="float"/>
            </accessor>
          </technique_common>
        </source>
        <source id="Establishment-mesh-normals">
          <float_array id="Establishment-mesh-normals-array" count="891">1.9446e-7 0 -1 0 0 -1 0 0 -1 2.53471e-7 0 -1 3.93499e-7 0 -1 3.32745e-5 3.54677e-5 1 2.33752e-5 8.93423e-5 1 6.13204e-6 5.72266e-5 1 -1 2.38698e-7 0 -1 1.50929e-6 0 -1 1.13263e-6 0 1 0 0 0.9809166 0.1944293 0 1 -1.14979e-6 0 0.1943771 -0.980927 -1.39732e-7 0 -1 7.843e-7 0 -1 0 0 1 0 0 1 0 0 1 0 2.03152e-6 0 -1 0 0 -1 -0.9806426 0.195806 0 -1 0 0 0 -1 0 0.1931031 -0.9811785 1.55909e-7 0 -1 -1.66527e-6 0.9806429 -0.1958054 0 1 -1.7114e-6 0 1 -7.09894e-7 0 1.74934e-7 0 -1 0.1957526 0.9806534 -3.51914e-7 0 1 1.71418e-6 0 1 -2.09241e-7 0.9803847 -0.1970937 0 0 0 -1 -2.10418e-6 0 -1 2.99626e-7 0 -1 5.14845e-5 6.60048e-6 1 1.00253e-4 0 1 8.35954e-5 2.13128e-5 1 1 3.94008e-7 0 1 -6.33794e-7 0 1 0 0 -5.3866e-5 -5.60968e-5 -1 -8.39016e-5 -2.09738e-5 -1 -9.14013e-5 -1.14731e-5 -1 -1 0 0 0 -1 0 0 -1 1.6578e-7 0 -1 -2.69269e-7 -1 1.40029e-6 0 -0.9803847 0.1970938 0 0.9801055 0.1984771 0 0.9801056 0.1984767 0 -0.9801056 -0.1984765 0 7.37991e-7 0 -1 5.30081e-7 0 -1 -0.1931021 0.9811787 1.40207e-7 0 1 1.08796e-6 -5.34191e-5 5.6528e-5 -1 -2.34486e-5 8.92102e-5 -1 -1.09155e-5 1.01854e-4 -1 0 0 -1 -7.62385e-7 0 -1 -1.00424e-4 0 -1 -1.00401e-4 0 -1 -1.00419e-4 0 -1 0 0 -1 2.85097e-7 0 -1 1.77777e-7 0 -1 -0.1957528 -0.9806533 0 -0.7080601 -0.7061523 0 -0.7080606 -0.7061517 0 -0.9809167 -0.1944285 0 -0.9809166 -0.194429 0 -2.37723e-5 -8.89517e-5 -1 -5.55403e-5 -5.41633e-5 -1 0.7080602 0.7061522 0 0.1957517 0.9806535 1.71108e-6 0.7080608 0.7061516 0 -0.7060757 0.7081365 0 -0.9806426 0.1958061 0 -0.7060753 0.7081368 0 -0.1943773 0.9809269 0 1.60951e-7 0 -1 0 0 -1 2.68241e-7 0 -1 -3.92508e-7 0 -1 -3.3322e-5 3.53297e-5 1 -8.3464e-5 2.11973e-5 1 -5.1399e-5 6.54938e-6 1 0.1943774 -0.9809269 0 0.7060762 -0.7081359 0 0.1943779 -0.9809268 0 0.7060756 -0.7081366 0 0.9803845 -0.1970949 0 0.7042238 -0.7099781 0 0.7042231 -0.7099788 0 -0.1917495 -0.981444 0 -0.7022393 -0.7119411 0 -0.1917495 -0.981444 0 -0.7022401 -0.7119402 0 -0.9801054 -0.1984777 0 0.7022398 0.7119405 0 0.7022398 0.7119406 0 0.1917492 0.9814441 0 0 0 -1 -1.00386e-4 0 -1 -1.00333e-4 0 -1 -0.1931018 0.9811788 0 -0.7042227 0.7099792 0 -0.7042228 0.7099791 0 -0.9803847 0.1970941 0 0 0 -1 -5.44058e-7 0 -1 5.50762e-5 5.45585e-5 1 0 0 1 0 -1 0 0 -1 4.80044e-6 0 -1 -9.24789e-6 1 -1.87251e-7 0 0 1 1.9701e-6 0 1 0 1 1.27633e-7 0 1 0 0 -6.09024e-7 -1 0 -9.70104e-7 -1 0 -1 0 0 -1 -2.93992e-7 0 -0.9809165 -0.1944299 0 -1 2.91937e-6 0 -1 -2.38664e-7 0 -1 0 0 -0.9803847 0.1970937 0 -0.7042227 0.7099792 0 -1 2.1288e-7 0 -1 -1.51701e-7 0 -1 -4.19457e-7 0 -0.1931017 0.9811788 0 -1 1.3331e-6 0 -0.1957527 -0.9806533 0 -0.7080603 -0.7061521 0 0.1917495 0.981444 0 0.1917495 0.981444 0 1 -5.8415e-7 0 1 -2.12008e-7 0 1 0 0 1 -4.74685e-7 0 0.7060754 -0.7081367 0 0.9806426 -0.1958061 0 0.9806425 -0.1958066 0 1 5.9283e-7 0 0 -1 -3.9418e-7 0 -1 -4.04387e-7 0 -1 2.38561e-7 -5.03033e-5 0 1 6.1062e-6 -5.72267e-5 1 5.02936e-5 0 1 -1.00288e-4 0 1 -5.01859e-5 0 1 2.33752e-5 8.93423e-5 -1 1.08847e-5 1.01933e-4 -1 3.34093e-5 -3.52e-5 1 8.36448e-5 -2.10894e-5 1 5.1321e-5 -6.50186e-6 1 1.00349e-4 0 -1 1.00432e-4 0 -1 1.00446e-4 0 -1 5.35067e-5 -5.632e-5 -1 8.37281e-5 -2.10894e-5 -1 5.5408e-5 -5.42985e-5 -1 1.00523e-4 0 1 -2.34486e-5 8.92102e-5 1 -5.50303e-5 5.44243e-5 1 0.1917493 0.981444 0 -0.9803847 0.1970942 0 -0.9803847 0.1970943 0 0.7060748 -0.7081373 0 0.1943772 -0.9809269 0 0.1943769 -0.980927 0 -0.1957527 -0.9806533 0 -0.70806 -0.7061523 0 -0.9809166 -0.1944295 0 -0.9809166 -0.194429 0 -0.7042219 0.70998 0 -0.193101 0.9811789 0 -0.193101 0.9811789 0 -0.7080599 -0.7061524 0 -0.704222 0.7099798 0 0.9801056 0.1984771 0 0.9806426 -0.1958065 0 0.9806424 -0.195807 0 0.7060753 -0.7081367 0 0.1917492 0.981444 0 -1.10616e-5 -1.01698e-4 -1 2.34843e-5 -8.90855e-5 -1 -1.00525e-4 0 1 1.08599e-5 -1.01778e-4 -1 -6.16118e-6 5.72269e-5 1 -3.35578e-5 -3.50604e-5 1 -2.3653e-5 -8.89517e-5 1 -6.11564e-6 -5.72269e-5 1 -9.10778e-5 1.16299e-5 -1 -8.3631e-5 2.11973e-5 -1 5.0165e-5 0 1 -5.10535e-5 -6.45117e-6 1 -8.35838e-5 -2.09738e-5 1 2.34843e-5 -8.90855e-5 1 5.32405e-5 5.67498e-5 -1 5.50762e-5 5.45585e-5 -1 -5.52703e-5 5.44243e-5 -1 5.52885e-5 -5.42985e-5 1 -5.5597e-5 -5.41633e-5 1 9.1207e-5 1.17113e-5 -1 1.00298e-4 0 -1 8.35954e-5 2.13128e-5 -1 9.11953e-5 -1.15541e-5 -1 -1 0 0 -1 3.27479e-7 0 -1.0026e-4 0 -1 -1 4.05013e-7 0 -1.0009e-4 0 -1 -0.9809166 -0.1944295 0 -0.7080605 -0.7061518 0 -0.70806 -0.7061523 0 -0.195753 -0.9806533 0 0.1943773 -0.9809269 0 0.1943771 -0.980927 0 1 0 0 0.9801055 0.1984776 0 0.9801056 0.1984773 0 0.7060752 -0.7081369 0 0 1 1.13418e-6 0 1 -5.44964e-7 -0.1931017 0.9811788 1.60519e-7 -0.7042225 0.7099794 0 -0.9803847 0.1970942 0 -0.7042223 0.7099796 0 0.7022392 0.7119411 0 0.1917494 0.981444 0 0.7022395 0.7119409 0 -1 0 0 0.7060756 -0.7081366 0 0.9233192 -0.3840333 0 -0.1931019 0.9811787 0 -1 0 0 1 -4.09272e-6 0 0 1 0 0 1 -1.53937e-7 -5.15852e-7 0 -1 0.9809166 0.1944288 0 0 -1 0 0 -1 -3.45751e-7 0 1 0 0 1 -1.66131e-7 -1 1.65413e-7 0 0.1931033 -0.9811785 0 0 -1 1.03053e-6 1 0 0 1 2.13815e-6 0 0 1 0 0 1 -1.89072e-7 -0.1943763 0.9809271 0 0 1 -3.30265e-7 0 1 1.89105e-6 0 1 0 0 1 -4.58141e-7 0 -1 0 0 -1 0 0 -1 0 0 -1 0 0 -1 0 0 -1 0 -1.00248e-4 0 -1 0 -1 0 0 -1 1.90489e-6 -0.195753 -0.9806533 0 1 0 0 0 1 1.32145e-7 0 1 2.54228e-6 0 1 0 0 1 2.28405e-6 1 1.40373e-7 0 -1.21385e-7 -1 0 -1 2.53996e-5 0 -0.9809166 -0.1944288 0 -0.1957532 -0.9806532 0 1 0 0 0.1917493 0.981444 0 -0.9803847 0.1970937 0 0.9233193 -0.384033 0 -1 0 0 1 0 1.9227e-7 0 1 0 0 1 0 -1 -2.2543e-6 0</float_array>
          <technique_common>
            <accessor source="#Establishment-mesh-normals-array" count="297" stride="3">
              <param name="X" type="float"/>
              <param name="Y" type="float"/>
              <param name="Z" type="float"/>
            </accessor>
          </technique_common>
        </source>
        <source id="Establishment-mesh-map-0">
          <float_array id="Establishment-mesh-map-0-array" count="3168">0.3280856 0.4668714 0.1891835 0.2847952 0.1891835 0.2847952 0.1891835 0.2847952 0.1891835 0.2847952 0.1891834 0.2847952 2.276052 2.074716 2.256663 2.246326 2.139741 2.130094 0.3509042 0.8997834 1.161847 0.4090708 0.3509042 0.4080995 -0.9361715 0.8982234 -0.9960996 0.9809616 -0.9361715 0.4072487 3.519554 0.2171066 2.216609 0.7308333 1.978645 0.7308333 1.473527 0.9809615 0.4674809 0.8451611 -1.429573 0.9809616 0.1891835 0.2847952 0.4089009 0.4692833 0.1891835 0.2847952 -0.9969324 0.003638625 -0.9361715 0.4072487 -0.359716 0.4072487 0.2057645 0.003638625 0.2057645 0.4072487 0.3448273 0.4072487 1.479902 0.9809616 -1.218606 0.9809616 -0.7261287 0.8451609 -1.05844 0.9809616 -0.359716 0.8982234 -0.1869955 0.8943728 0.3974679 0.4692835 0.1934926 0.6957522 0.1938196 0.4692835 -1.22021 0.003638625 0.2446241 0.4072487 0.4330526 0.4072487 0.9962807 0.003638565 2.047537 0.9809616 0.9962806 0.9809615 0.1824319 0.4692835 0.1824319 0.4692834 0.1824319 0.4692831 2.332515 1.941024 2.463181 1.185037 2.463181 2.043776 1.161847 0.9809616 1.22561 0.4080926 1.22561 0.9809616 -2.001605 -1.716293 -2.264173 -1.670288 -2.080194 -1.525837 0.7539801 0.7331525 0.834505 0.2171066 0.7539801 0.2171066 0.4089007 0.4692835 0.3900743 0.4692833 0.4089009 0.4692833 0.1824319 0.4692834 0.2924956 0.4692835 0.1824319 0.4692831 2.473836 0.9809616 0.8455693 0.8451611 1.771252 0.845161 0.834505 0.7332493 1.945602 0.2171066 0.834505 0.2171066 1.22561 0.9809616 2.106253 0.4105348 2.106253 0.9809616 0.9962807 0.9809615 2.048372 0.003638625 0.9962807 0.003638625 0.1891835 0.2847952 0.1891834 0.2847952 0.1891835 0.2847952 -1.279191 0.9809616 -0.7261289 0.845161 -1.104217 0.845161 -2.001003 2.716899 -1.974518 2.95884 -1.809818 2.795183 0.351658 0.4692835 0.2249054 0.4692835 0.3977122 0.4692835 0.1939068 0.4692835 0.2034887 0.4692835 0.2005938 0.4692835 0.1824319 0.4692835 0.1824319 0.4692835 0.1824319 0.4692834 -2.080194 1.31862 -2.264173 0.2784959 -2.264173 1.376991 0.1934926 0.6957522 0.1824319 0.4692835 0.1938196 0.4692835 0.1824319 0.4692835 0.1824319 0.4692835 0.1824319 0.4692835 0.5143973 0.009986698 0.3274361 0.5261062 0.3274361 0.009986698 -0.6772802 0.009986698 -0.4896053 0.5247894 -0.4896053 0.009986698 -2.001605 -1.716293 -1.97672 -1.95884 -2.17998 -1.874325 -1.22021 0.003638625 -1.368252 0.9809616 -1.22021 0.9809616 -1.144708 0.003638625 -0.9960996 0.9809616 -1.144708 0.9809616 -0.9969324 0.003638625 -1.144952 0.9809616 -0.9969324 0.9809616 2.412271 0.003638625 2.26364 0.9809616 2.412271 0.9809616 0.3977961 0.6957522 0.1891835 0.2847952 0.1891835 0.2883321 0.1891835 0.2847952 0.1891835 0.2847952 0.1891835 0.2847952 -1.276271 2.074494 -1.463181 2.042961 -1.332515 1.940264 3.452682 0.0772134 3.696079 1.003723 3.452682 1.003723 -2.332316 0.07480961 -2.089919 1.003723 -2.332316 1.003723 2.047537 0.003638625 2.195005 0.9809616 2.047537 0.9809616 -1.367782 0.003638625 -1.218606 0.9809616 -1.367782 0.9809616 2.26205 0.003638625 2.411806 0.9809616 2.26205 0.9809616 2.19525 0.003638625 2.048372 0.9809616 2.19525 0.9809616 3.092563 0.06959587 3.333089 1.003723 3.092563 1.003723 3.695316 0.06959313 3.450078 1.003723 3.695316 1.003723 0.3977122 0.4692835 0.1891835 0.2847952 0.3973813 0.4692835 0.1891835 0.2847952 0.1891835 0.2847952 0.1891834 0.2847952 -2.080194 1.400339 -2.264173 1.376991 -2.264173 1.464537 -2.45142 0.06945687 -2.69571 1.003723 -2.45142 1.003723 3.33269 0.0693373 3.091195 1.003723 3.33269 1.003723 0.1935773 0.4692835 0.1824319 0.4692835 0.1824319 0.4692835 0.1824319 0.4692835 0.1824319 0.4692835 0.1824319 0.4692835 2.276052 2.074716 2.463181 2.043776 2.402693 2.187 0.1824319 0.4692835 0.1824319 0.4692831 0.1824319 0.4692835 -1.267772 0.4072487 -1.206264 0.8982234 -1.206264 0.4072487 2.536357 0.3140279 2.473836 0.8904829 2.473836 0.3140279 1.106011 0.8982234 1.106011 0.4072487 1.29444 0.8982234 -0.6121765 0.4072487 -0.4283349 0.8982234 -0.6121765 0.8982234 0.4308396 0.4710231 0.2637077 0.4862988 0.4308396 0.4862988 0.2637077 0.4710231 0.4308396 0.4862988 0.2637077 0.4862988 2.473836 0.4072487 2.536357 0.8982234 2.536357 0.4072487 -1.206264 0.4072487 -1.267772 0.8982234 -1.267772 0.4072487 0.07488507 0.4710231 0.2180499 0.4862988 0.07488507 0.4862988 2.536357 0.4072487 2.473836 0.8982234 2.473836 0.4072487 0.4776365 0.4710231 0.6447684 0.4862988 0.4776365 0.4862988 2.536357 0.4072487 2.473836 0.8982234 2.473836 0.4072487 -1.036893 0.2171066 -0.9494534 0.7308333 -1.16758 0.7308333 -0.3695153 0.2171066 -0.2778224 0.7308333 -0.453443 0.7308333 -1.206264 0.4072487 -1.267772 0.8982234 -1.267772 0.4072487 0.4330526 0.8982234 0.2446241 0.8982234 -1.22021 0.9809616 0.9325183 0.9809616 -0.359716 0.8982234 -0.359716 0.4072487 -1.267772 0.4072487 -1.206264 0.8982234 -1.206264 0.4072487 -1.206264 0.4072487 -1.267772 0.8982234 -1.267772 0.4072487 1 0.5533773 0.9844728 0.696542 0.9844728 0.5533773 2.473836 0.4072487 2.536357 0.8982234 2.536357 0.4072487 -1.429573 0.8982234 -1.490158 0.8982234 -1.490158 0.8286473 2.536357 0.8904829 2.473836 0.3140279 2.473836 0.8904829 -1.206264 0.4072487 -1.267772 0.8982234 -1.267772 0.4072487 0.2180499 0.4710231 0.07488507 0.4862988 0.2180499 0.4862988 0.8586972 0.4710231 0.6915653 0.4862988 0.8586972 0.4862988 0.01504641 0.696542 0 0.5533773 0 0.696542 0.6447684 0.4710231 0.4776365 0.4862988 0.6447684 0.4862988 -0.359716 0.8982234 -0.9361715 0.8982234 -1.057608 0.9809616 1 0.696542 0.9844728 0.5533773 0.9844728 0.696542 0.6915653 0.4710231 0.8586972 0.4862988 0.6915653 0.4862988 -1.267772 0.4072487 -1.206264 0.8982234 -1.206264 0.4072487 0.01504641 0.5533773 0 0.696542 0 0.5533773 0.9325189 0.9809623 0.3448273 0.8982234 0.2057645 0.8943728 -1.267772 0.4072487 -1.206264 0.8982234 -1.206264 0.4072487 -1.490158 0.4072487 -1.429573 0.8982234 -1.429573 0.4072487 0.489855 0.3814922 0.4898551 0.4212878 0.625 0.3814922 0.489855 0.8287122 0.489855 0.8685078 0.625 0.8287122 0.5986101 0.6448979 0.8486101 0.6051023 0.5986101 0.6051022 3.486162 0.5197203 3.672398 0.002236783 3.486162 0.002236783 2.105418 0.4102001 1.22561 0.9809616 2.105418 0.9809616 1.22561 0.4091469 1.161847 0.9809616 1.22561 0.9809616 -2.048937 0.2171066 -1.16758 0.7308333 -0.3546124 0.7318145 0.3185735 0.5199451 0.5069662 0.002236783 0.3185735 0.002236783 -2.331916 0.06729292 -2.088556 1.003723 -2.088556 0.0655989 -1.057608 0.408094 -0.9361715 0.8982234 -0.9361715 0.4072487 -2.454046 0.06799483 -2.696479 1.003723 -2.696479 0.06729292 0.6760745 0.5322266 0.4905838 0.01431936 0.6760745 0.01431936 0.4885526 0.5322225 0.6776762 0.01431936 0.4885526 0.01431936 -1.033593 0.7349081 -0.8126219 0.2171066 -1.033593 0.2171066 3.517545 0.2171066 -0.3351395 0.7349237 3.517545 0.7350097 0.7539801 0.7316825 0.834505 0.2171066 0.834505 0.7319073 0.834505 0.7319073 1.946658 0.2171066 1.946658 0.7350159 1.161847 0.407916 0.9212827 0.8982234 0.9212827 0.4072487 3.687553 0.5497783 3.499851 0.02781653 3.687553 0.02781653 -1.492913 0.5452685 -1.679845 0.02781653 -1.492913 0.02781653 -1.895577 0.7308333 -2.049988 0.7345586 -2.049988 0.2171066 2.326161 0.408095 1.967399 0.8982234 1.967399 0.4072487 0.04094046 0.7308333 -0.9192274 0.7308334 -1.035618 0.2171066 -0.9192274 0.7308334 -1.035618 0.7337713 -1.035618 0.2171066 -1.332515 1.081403 2.14119 -1.130093 2.332515 1.081403 -1.332515 1.940264 -1.463181 1.185037 -1.332515 1.139442 -1.809818 2.795183 2.973393 2.95884 2.808768 2.795183 2.276477 -1.074286 2.463181 -1.042201 2.332515 -0.9395549 3.080194 1.400339 3.264173 1.376991 3.080194 1.31862 3.001292 -1.716605 3.264173 -1.671431 3.179645 -1.874659 2.332515 -0.9395549 2.463181 1.12286 2.332515 1.081403 -1.276271 2.074494 -1.257461 2.246326 -1.402927 2.186762 3.660431 1.003746 3.923157 1.230901 3.923157 1.003746 1.732457 1.003746 3.275959 1.230901 3.275959 1.003746 3.923973 1.003746 3.663222 1.230901 3.663222 1.003746 3.663222 1.003746 -2.664683 1.230901 -2.664683 1.003746 -2.533844 1.003746 -2.273131 1.230901 -2.273131 1.003746 -2.923578 1.003746 -2.661869 1.230901 -2.661869 1.003746 0.2169685 1.003746 0.1097884 1.003746 1.620594 1.230901 -2.664683 1.003746 -2.924402 1.230901 -2.924402 1.003746 1.620594 1.003746 1.732457 1.230901 1.732457 1.003746 3.275959 1.003746 3.534673 1.230901 3.534673 1.003746 3.277424 1.003746 1.732457 1.230901 1.732457 1.003746 3.535101 1.003746 3.277424 1.230901 3.277424 1.003746 1.620594 1.003746 -2.274592 1.230901 -2.274592 1.003746 -2.274592 1.003746 -2.534272 1.230901 -2.534272 1.003746 1.732457 1.003746 1.620594 1.230901 1.620594 1.003746 -2.661869 1.003746 3.660431 1.230901 3.660431 1.003746 -1.811874 -1.795183 2.975577 -1.95884 -1.97672 -1.95884 -1.332515 1.139442 -1.463181 1.12286 -1.332515 1.081403 3.001292 -1.716605 2.975577 -1.95884 2.810806 -1.795183 -1.140487 2.130094 2.256663 2.246326 -1.257461 2.246326 -1.276699 -1.074064 -1.259025 -1.246326 -1.141947 -1.130093 -2.080194 2.527902 -2.264173 1.464537 -2.264173 2.672501 2.332515 1.139442 2.463181 1.12286 2.463181 1.185037 -1.332515 -0.9387971 -1.463181 1.12286 -1.463181 -1.04139 -1.141947 -1.130093 2.258214 -1.246326 2.14119 -1.130093 3.000694 2.717212 2.973393 2.95884 3.179005 2.875308 -2.001003 2.716899 -2.264173 2.672501 -2.179335 2.874973 2.276477 -1.074286 2.258214 -1.246326 2.403147 -1.186539 -1.276699 -1.074064 -1.463181 -1.04139 -1.403386 -1.186302 3.080194 2.528972 3.264173 1.464537 3.080194 1.400339 3.000694 2.717212 3.264173 2.673647 3.080194 2.528972 3.080194 -1.526903 3.264173 1.376991 3.264173 -1.671431 -0.3597158 0.8286473 0.2840223 0.4080197 -0.359716 0.4072487 0.2840223 0.893088 0.3509042 0.4080995 0.2840223 0.4080197 -2.264173 0.1946154 -2.080194 -1.525837 -2.264173 -1.670288 0.2848162 0.9809616 0.3509042 0.8997834 0.2840223 0.893088 -2.264173 0.2784959 -2.080194 0.1946157 -2.264173 0.1946154 0.3509042 0.8997834 0.3502656 0.9809616 1.161847 0.9809616 -0.6390324 0.5924947 -0.7461227 0.4547403 -0.7461228 0.5924947 -0.7998655 0.5924947 1.799382 0.4547403 1.799382 0.5924947 1.006301 0.5924947 1.640912 0.4547403 1.640912 0.5924947 0.9603531 0.4547403 1.006301 0.5924947 0.9603531 0.5924947 1.799382 0.4547403 1.906488 0.5924947 1.799382 0.5924947 -0.6726204 0.5924947 -0.4001621 0.5924947 -0.7987099 0.4547403 1.746579 0.4547403 1.64031 0.5924947 1.746579 0.5924947 0.9603532 0.4547404 -0.6390324 0.5924947 0.9603531 0.5924947 -0.906548 0.4547403 -0.7998655 0.5924947 -0.906548 0.5924947 1.906152 0.4547403 1.798235 0.5924947 1.906152 0.5924947 1.640912 0.4547403 1.746755 0.5924947 1.640912 0.5924947 1.64031 0.5924947 1.006301 0.4547403 1.006301 0.5924947 1.006301 0.4547403 0.9603531 0.5924947 1.006301 0.5924947 0.3192701 0.4547403 0.9603531 0.5924947 0.3192701 0.5924947 -0.7462984 0.4547403 -0.6396322 0.5924947 -0.7462984 0.5924947 -0.7987099 0.4547403 -0.9062091 0.5924947 -0.7987099 0.5924947 0.6150255 0.45336 0.6150255 0.5953348 0.01922714 0.4533599 0 0 0 0 0 0 0 0 0 0 0 0 0 0 0 0 0 0 0.3144316 0.4692834 0.3144316 0.4692832 0.3509777 0.4692832 0.4674809 0.845161 0.8455693 0.8451611 0.8455693 0.8451611 0.4674809 0.845161 0.4674808 0.003638625 0.4674809 0.845161 0.8455693 0.8451611 0.8455691 0.003638625 0.8455693 0.8451611 0.9962807 0.9809615 2.260302 0.003638625 0.9962807 0.003638625 2.260468 0.003638625 0.9964464 0.9809615 0.9964465 0.003638625 2.26205 0.9809616 1.479902 0.003638625 2.26205 0.003638625 2.14934 0.8451609 1.771252 0.845161 1.473527 0.9809615 0.4656093 0 0.5343908 0 0.5343908 0.4834276 0.4656093 1 0.5343908 1 0.5343908 0.4834375 0.2753544 0.4656093 0.7246456 0.5343908 0.7246456 0.4656093 0.7246456 0.4656093 0.2753544 0.5343908 0.2753544 0.4656093 0.1891835 0.2847952 0.1891835 0.2847952 0.1891835 0.2847952 0.1891835 0.2847952 0.3280856 0.4668714 0.1891835 0.2847952 0.1891834 0.2847952 0.1891835 0.2847952 0.1891835 0.2847952 0.1891835 0.2847952 0.1891835 0.2847952 0.1891834 0.2847952 2.276052 2.074716 2.402693 2.187 2.256663 2.246326 0.3509042 0.8997834 1.161847 0.9809616 1.161847 0.4090708 -0.9361715 0.8982234 -0.359716 0.8982234 -0.9960996 0.9809616 -0.359716 0.8982234 0.9325183 0.9809616 -0.9960996 0.9809616 -0.9960996 0.9809616 -0.9960996 0.003638625 -0.9361715 0.4072487 0.8908109 0.7308333 0.04094046 0.7308333 -1.035618 0.2171066 -1.035618 0.2171066 3.519554 0.2171066 1.128774 0.7308333 3.519554 0.2171066 3.519554 0.7409366 3.066479 0.7308333 3.519554 0.2171066 3.066479 0.7308333 2.216609 0.7308333 1.128774 0.7308333 0.8908109 0.7308333 -1.035618 0.2171066 1.978645 0.7308333 1.128774 0.7308333 3.519554 0.2171066 1.473527 0.9809615 1.475476 0.003638625 0.8455693 0.8451611 1.475476 0.003638625 0.8455696 0.003638625 0.8455693 0.8451611 0.4674809 0.003638625 -1.429573 0.003638625 0.4674809 0.8451611 -1.429573 0.003638625 -1.429573 0.9809616 0.4674809 0.8451611 1.473527 0.9809615 0.8455693 0.8451611 0.4674809 0.8451611 0.1891835 0.2847952 0.4089007 0.4692835 0.4089009 0.4692833 -0.1869955 0.4072487 -0.1869955 0.003638625 -0.359716 0.4072487 -0.1869955 0.003638625 -0.9969324 0.003638625 -0.359716 0.4072487 -0.9969324 0.003638625 -0.9969324 0.9809616 -0.9361715 0.4072487 -0.9969324 0.9809616 -0.9361715 0.8982234 -0.9361715 0.4072487 0.3448273 0.4072487 0.9212827 0.4072487 0.9325184 0.003638565 0.9325184 0.003638565 0.2057645 0.003638625 0.3448273 0.4072487 -0.7261287 0.003638625 1.479902 0.003638625 -0.7261287 0.8451609 1.479902 0.003638625 1.479902 0.9809616 -0.7261287 0.8451609 -1.218606 0.9809616 -1.218606 0.003638625 -1.104217 0.8451609 -1.218606 0.003638625 -1.104217 0.003638625 -1.104217 0.8451609 -1.218606 0.9809616 -1.104217 0.8451609 -0.7261287 0.8451609 0.2057645 0.8943728 0.2057645 0.4072487 0.3448273 0.4072487 0.3448273 0.8982234 0.9212827 0.8982234 1.161847 0.9809616 0.2057645 0.8943728 0.3448273 0.4072487 0.3448273 0.8982234 -0.359716 0.4072487 -0.1869955 0.4072487 -0.1869955 0.8943728 -0.1869955 0.8943728 0.2057645 0.8943728 -1.05844 0.9809616 0.2057645 0.8943728 0.3448273 0.8982234 1.161847 0.9809616 -1.05844 0.9809616 0.2057645 0.8943728 1.161847 0.9809616 -1.05844 0.9809616 -1.05844 0.4030843 -0.9361715 0.8982234 -1.05844 0.4030843 -0.9361715 0.4072487 -0.9361715 0.8982234 -0.359716 0.8982234 -0.359716 0.4072487 -0.1869955 0.8943728 -1.05844 0.9809616 -0.9361715 0.8982234 -0.359716 0.8982234 0.3974679 0.4692835 0.3977961 0.6957522 0.1934926 0.6957522 1.29444 0.4072487 1.967399 0.4072487 2.26364 0.003638625 -1.22021 0.003638625 -1.22021 0.9809616 -1.188632 0.4072487 -1.22021 0.9809616 -1.188632 0.8982234 -1.188632 0.4072487 -1.188632 0.4072487 -0.6121765 0.4072487 -1.22021 0.003638625 -0.6121765 0.4072487 -0.4283349 0.4072487 -1.22021 0.003638625 1.29444 0.4072487 2.26364 0.003638625 1.106011 0.4072487 2.26364 0.003638625 -1.22021 0.003638625 0.4330526 0.4072487 1.106011 0.4072487 2.26364 0.003638625 0.4330526 0.4072487 -1.22021 0.003638625 -0.4283349 0.4072487 0.2446241 0.4072487 0.9962807 0.003638565 2.047537 0.003638625 2.047537 0.9809616 0.1824319 0.4692835 0.1824319 0.4692835 0.1824319 0.4692834 2.332515 1.941024 2.332515 1.139442 2.463181 1.185037 1.161847 0.9809616 1.161847 0.407916 1.22561 0.4080926 -2.001605 -1.716293 -2.17998 -1.874325 -2.264173 -1.670288 0.7539801 0.7331525 0.834505 0.7332493 0.834505 0.2171066 0.4089007 0.4692835 0.3900741 0.4692835 0.3900743 0.4692833 0.1824319 0.4692834 0.2924957 0.4692832 0.2924956 0.4692835 2.14934 0.845161 2.14934 0.003638625 2.473836 0.003638625 -1.429573 0.9809616 -1.429573 0.003638625 0.4674809 0.845161 -1.429573 0.003638625 0.4674808 0.003638625 0.4674809 0.845161 2.14934 0.845161 2.473836 0.003638625 2.473836 0.9809616 0.8455691 0.003638625 1.771252 0.003638625 1.771252 0.845161 1.771252 0.845161 2.14934 0.845161 2.473836 0.9809616 2.473836 0.9809616 -1.429573 0.9809616 0.4674809 0.845161 0.8455693 0.8451611 0.8455691 0.003638625 1.771252 0.845161 2.473836 0.9809616 0.4674809 0.845161 0.8455693 0.8451611 0.834505 0.7332493 1.945602 0.7345901 1.945602 0.2171066 1.22561 0.9809616 1.22561 0.4080926 2.106253 0.4105348 0.9962807 0.9809615 2.048372 0.9809616 2.048372 0.003638625 0.1891835 0.2847952 0.4000773 0.4690201 0.1891834 0.2847952 -1.104217 0.4104537 -1.279191 0.4104499 -1.104217 0.845161 -1.279191 0.4104499 -1.279191 0.9809616 -1.104217 0.845161 -1.279191 0.9809616 2.324571 0.9809616 -0.7261289 0.845161 2.324571 0.9809616 2.324571 0.4105297 -0.7261289 0.845161 2.324571 0.4105297 -0.7261286 0.4104622 -0.7261289 0.845161 -2.001003 2.716899 -2.179335 2.874973 -1.974518 2.95884 0.3977122 0.4692835 0.3973813 0.4692835 0.351658 0.4692835 0.351658 0.4692835 0.2226963 0.4692835 0.2249054 0.4692835 0.1939068 0.4692835 0.1935773 0.4692835 0.2034887 0.4692835 0.1824319 0.4692835 0.1824319 0.4692835 0.1824319 0.4692835 -2.080194 1.31862 -2.080194 0.2784957 -2.264173 0.2784959 0.1934926 0.6957522 0.1824319 0.4692835 0.1824319 0.4692835 0.1824319 0.4692835 0.1824319 0.4692835 0.1824319 0.4692835 0.5143973 0.009986698 0.5143973 0.5266515 0.3274361 0.5261062 -0.6772802 0.009986698 -0.6772802 0.5261062 -0.4896053 0.5247894 -2.001605 -1.716293 -1.811874 -1.795183 -1.97672 -1.95884 -1.22021 0.003638625 -1.368252 0.003638625 -1.368252 0.9809616 -1.144708 0.003638625 -0.9960996 0.003638625 -0.9960996 0.9809616 -0.9969324 0.003638625 -1.144952 0.003638625 -1.144952 0.9809616 2.412271 0.003638625 2.26364 0.003638625 2.26364 0.9809616 0.3977961 0.6957522 0.3974679 0.4692835 0.1891835 0.2847952 0.1891835 0.2847952 0.1891835 0.2847952 0.1891835 0.2847952 -1.276271 2.074494 -1.402927 2.186762 -1.463181 2.042961 3.452682 0.0772134 3.696079 0.07480961 3.696079 1.003723 -2.332316 0.07480961 -2.089919 0.06900763 -2.089919 1.003723 2.047537 0.003638625 2.195005 0.003638625 2.195005 0.9809616 -1.367782 0.003638625 -1.218606 0.003638625 -1.218606 0.9809616 2.26205 0.003638625 2.411806 0.003638625 2.411806 0.9809616 2.19525 0.003638625 2.048372 0.003638625 2.048372 0.9809616 3.092563 0.06959587 3.333089 0.06959313 3.333089 1.003723 3.695316 0.06959313 3.450078 0.06958782 3.450078 1.003723 0.3977122 0.4692835 0.1891835 0.2847952 0.1891835 0.2847952 0.1891835 0.2847952 0.1891835 0.2847952 0.1891835 0.2847952 -2.080194 1.400339 -2.080194 1.31862 -2.264173 1.376991 -2.45142 0.06945687 -2.69571 0.0693373 -2.69571 1.003723 3.33269 0.0693373 3.091195 0.0690478 3.091195 1.003723 0.1935773 0.4692835 0.1939068 0.4692835 0.1824319 0.4692835 0.1824319 0.4692835 0.1824319 0.4692835 0.1824319 0.4692835 2.276052 2.074716 2.332515 1.941024 2.463181 2.043776 0.1824319 0.4692835 0.1824319 0.4692835 0.1824319 0.4692831 -1.267772 0.4072487 -1.267772 0.8982234 -1.206264 0.8982234 2.536357 0.3140279 2.536357 0.8904829 2.473836 0.8904829 0.2446241 0.8982234 0.2446241 0.4072487 0.4330526 0.4072487 0.2446241 0.8982234 0.4330526 0.4072487 0.4330526 0.8982234 -0.6121765 0.8982234 -0.4283349 0.8982234 -1.280795 0.9809616 -0.4283349 0.8982234 0.2446241 0.8982234 -1.280795 0.9809616 -1.280795 0.4095571 -1.188632 0.4072487 -1.188632 0.8982234 0.2446241 0.8982234 0.4330526 0.8982234 -1.280795 0.9809616 -1.280795 0.9809616 -1.280795 0.4095571 -1.188632 0.8982234 0.4330526 0.8982234 1.106011 0.8982234 2.326161 0.9809616 -1.280795 0.9809616 0.4330526 0.8982234 2.326161 0.9809616 -1.280795 0.9809616 -1.188632 0.8982234 -0.6121765 0.8982234 1.967399 0.8982234 2.326161 0.9809616 1.29444 0.8982234 1.29444 0.8982234 2.326161 0.9809616 1.106011 0.8982234 1.106011 0.4072487 1.29444 0.4072487 1.29444 0.8982234 -0.6121765 0.4072487 -0.4283349 0.4072487 -0.4283349 0.8982234 0.4308396 0.4710231 0.2637077 0.4710231 0.2637077 0.4862988 0.2637077 0.4710231 0.4308396 0.4710231 0.4308396 0.4862988 2.473836 0.4072487 2.473836 0.8982234 2.536357 0.8982234 -1.206264 0.4072487 -1.206264 0.8982234 -1.267772 0.8982234 0.07488507 0.4710231 0.2180499 0.4710231 0.2180499 0.4862988 2.536357 0.4072487 2.536357 0.8982234 2.473836 0.8982234 0.4776365 0.4710231 0.6447684 0.4710231 0.6447684 0.4862988 2.536357 0.4072487 2.536357 0.8982234 2.473836 0.8982234 -1.036893 0.2171066 -0.9494534 0.2171066 -0.9494534 0.7308333 -1.16758 0.7308333 -1.895577 0.7308333 -1.036893 0.2171066 -1.895577 0.7308333 -2.049988 0.2171066 -1.036893 0.2171066 -0.3695153 0.2171066 0.7539801 0.2171066 0.4501746 0.7308333 0.7539801 0.2171066 0.7539801 0.7316825 0.4501746 0.7308333 -0.453443 0.7308333 -0.453443 0.2171066 -0.3695153 0.2171066 -0.3695153 0.2171066 0.4501746 0.7308333 -0.2778224 0.7308333 -1.206264 0.4072487 -1.206264 0.8982234 -1.267772 0.8982234 -1.188632 0.8982234 -1.22021 0.9809616 -0.6121765 0.8982234 -1.22021 0.9809616 2.26364 0.9809616 0.4330526 0.8982234 -0.6121765 0.8982234 -1.22021 0.9809616 -0.4283349 0.8982234 2.26364 0.9809616 2.26364 0.003638625 1.967399 0.4072487 2.26364 0.9809616 1.967399 0.4072487 1.967399 0.8982234 0.4330526 0.8982234 2.26364 0.9809616 1.106011 0.8982234 -0.4283349 0.4072487 -0.6121765 0.4072487 -0.4283349 0.8982234 -0.6121765 0.4072487 -0.6121765 0.8982234 -0.4283349 0.8982234 2.26364 0.9809616 1.967399 0.8982234 1.29444 0.8982234 1.29444 0.8982234 1.29444 0.4072487 1.106011 0.4072487 2.26364 0.9809616 1.29444 0.8982234 1.106011 0.8982234 0.2446241 0.8982234 -0.4283349 0.8982234 -1.22021 0.9809616 0.4330526 0.4072487 0.2446241 0.4072487 0.2446241 0.8982234 0.4330526 0.8982234 0.4330526 0.4072487 0.2446241 0.8982234 1.29444 0.8982234 1.106011 0.4072487 1.106011 0.8982234 -0.359716 0.4072487 -0.9361715 0.4072487 -0.9960996 0.003638625 -0.9960996 0.003638625 0.9325181 0.003638625 -0.359716 0.4072487 0.9325181 0.003638625 0.9325183 0.9809616 -0.359716 0.4072487 -1.267772 0.4072487 -1.267772 0.8982234 -1.206264 0.8982234 -1.206264 0.4072487 -1.206264 0.8982234 -1.267772 0.8982234 1 0.5533773 1 0.696542 0.9844728 0.696542 2.473836 0.4072487 2.473836 0.8982234 2.536357 0.8982234 -1.490158 0.8286473 -1.490158 0.4072487 -1.429573 0.4072487 -1.429573 0.4072487 -1.429573 0.8982234 -1.490158 0.8286473 2.536357 0.8904829 2.536357 0.3140279 2.473836 0.3140279 -1.206264 0.4072487 -1.206264 0.8982234 -1.267772 0.8982234 0.2180499 0.4710231 0.07488507 0.4710231 0.07488507 0.4862988 0.8586972 0.4710231 0.6915653 0.4710231 0.6915653 0.4862988 0.01504641 0.696542 0.01504641 0.5533773 0 0.5533773 0.6447684 0.4710231 0.4776365 0.4710231 0.4776365 0.4862988 -1.057608 0.9809616 0.2848162 0.9809616 -0.359716 0.8982234 0.2848162 0.9809616 0.2840223 0.893088 -0.359716 0.8982234 0.2840223 0.893088 -0.3597158 0.8286473 -0.359716 0.8982234 1 0.696542 1 0.5533773 0.9844728 0.5533773 0.6915653 0.4710231 0.8586972 0.4710231 0.8586972 0.4862988 -1.267772 0.4072487 -1.267772 0.8982234 -1.206264 0.8982234 0.01504641 0.5533773 0.01504641 0.696542 0 0.696542 -0.1869955 0.8943728 -0.1869955 0.4072487 -0.359716 0.4072487 -0.359716 0.8982234 -0.9361715 0.8982234 -0.9969324 0.9809616 -0.1869955 0.8943728 -0.359716 0.4072487 -0.359716 0.8982234 0.3448273 0.4072487 0.2057645 0.4072487 0.2057645 0.8943728 0.2057645 0.8943728 -0.1869955 0.8943728 0.9325189 0.9809623 -0.1869955 0.8943728 -0.359716 0.8982234 -0.9969324 0.9809616 0.9325189 0.9809623 -0.1869955 0.8943728 -0.9969324 0.9809616 0.9325189 0.9809623 0.9325181 0.003638744 0.9212827 0.4072487 0.9325189 0.9809623 0.9212827 0.4072487 0.9212827 0.8982234 0.3448273 0.8982234 0.3448273 0.4072487 0.2057645 0.8943728 0.9325189 0.9809623 0.9212827 0.8982234 0.3448273 0.8982234 -1.267772 0.4072487 -1.267772 0.8982234 -1.206264 0.8982234 -1.490158 0.4072487 -1.490158 0.8982234 -1.429573 0.8982234 0.489855 0.3814922 0.3778797 0.3814922 0.3778797 0.4212878 0.4898551 0.4212878 0.625 0.4212878 0.625 0.3814922 0.489855 0.3814922 0.3778797 0.4212878 0.4898551 0.4212878 0.489855 0.8287122 0.3778796 0.8287122 0.3778797 0.8685079 0.489855 0.8685078 0.625 0.8685079 0.625 0.8287122 0.489855 0.8287122 0.3778797 0.8685079 0.489855 0.8685078 0.5986101 0.6448979 0.8486101 0.6448979 0.8486101 0.6051023 3.486162 0.5197203 3.672398 0.5199451 3.672398 0.002236783 2.105418 0.4102001 1.22561 0.4091469 1.22561 0.9809616 1.22561 0.4091469 1.161847 0.4090708 1.161847 0.9809616 0.7539801 0.7331525 0.7539801 0.2171066 -0.2701481 0.7319166 0.7539801 0.2171066 -2.048937 0.2171066 -0.3546124 0.7318145 -0.2701481 0.7319166 0.7539801 0.2171066 -0.3546124 0.7318145 -2.048937 0.2171066 -2.048937 0.7319093 -1.895577 0.7308333 -2.048937 0.2171066 -1.895577 0.7308333 -1.16758 0.7308333 0.3185735 0.5199451 0.5069662 0.5200383 0.5069662 0.002236783 -2.331916 0.06729292 -2.331916 1.003723 -2.088556 1.003723 -1.057608 0.408094 -1.057608 0.9809616 -0.9361715 0.8982234 -2.454046 0.06799483 -2.454046 1.003723 -2.696479 1.003723 0.6760745 0.5322266 0.4905838 0.5322286 0.4905838 0.01431936 0.4885526 0.5322225 0.6776762 0.5322266 0.6776762 0.01431936 -1.033593 0.7349081 -0.812622 0.7349131 -0.8126219 0.2171066 3.517545 0.2171066 -0.3351391 0.2171066 -0.3351395 0.7349237 0.7539801 0.7316825 0.7539801 0.2171066 0.834505 0.2171066 0.834505 0.7319073 0.834505 0.2171066 1.946658 0.2171066 1.161847 0.407916 1.161847 0.9809616 0.9212827 0.8982234 3.687553 0.5497783 3.499851 0.5516466 3.499851 0.02781653 -1.492913 0.5452685 -1.679845 0.5497783 -1.679845 0.02781653 2.326161 0.408095 2.326161 0.9809616 1.967399 0.8982234 0.04094046 0.7308333 -0.1912301 0.7308334 -0.9192274 0.7308334 -1.140487 2.130094 -1.276271 2.074494 -1.332515 1.940264 -1.140487 2.130094 -1.332515 1.940264 -1.332515 1.139442 2.276052 2.074716 2.139741 2.130094 2.332515 1.941024 2.139741 2.130094 -1.140487 2.130094 -1.332515 1.139442 2.332515 1.139442 2.332515 1.941024 2.139741 2.130094 2.276477 -1.074286 2.332515 -0.9395549 2.14119 -1.130093 2.332515 -0.9395549 2.332515 1.081403 2.14119 -1.130093 2.332515 1.081403 2.332515 1.139442 -1.332515 1.081403 -1.332515 1.081403 2.332515 1.139442 -1.332515 1.139442 2.139741 2.130094 -1.332515 1.139442 2.332515 1.139442 -1.332515 1.081403 -1.332515 -0.9387971 -1.141947 -1.130093 -1.332515 -0.9387971 -1.276699 -1.074064 -1.141947 -1.130093 -1.141947 -1.130093 2.14119 -1.130093 -1.332515 1.081403 -1.332515 1.940264 -1.463181 2.042961 -1.463181 1.185037 -1.809818 2.795183 -1.974518 2.95884 2.973393 2.95884 2.276477 -1.074286 2.403147 -1.186539 2.463181 -1.042201 3.080194 1.400339 3.264173 1.464537 3.264173 1.376991 3.001292 -1.716605 3.080194 -1.526903 3.264173 -1.671431 2.332515 -0.9395549 2.463181 -1.042201 2.463181 1.12286 -1.276271 2.074494 -1.140487 2.130094 -1.257461 2.246326 3.660431 1.003746 3.660431 1.230901 3.923157 1.230901 1.732457 1.003746 1.732457 1.230901 3.275959 1.230901 3.923973 1.003746 3.923973 1.230901 3.663222 1.230901 3.663222 1.003746 3.663222 1.230901 -2.664683 1.230901 -2.533844 1.003746 -2.533844 1.230901 -2.273131 1.230901 -2.923578 1.003746 -2.923578 1.230901 -2.661869 1.230901 0.1097884 1.003746 -2.273131 1.003746 -2.273131 1.230901 -2.273131 1.230901 1.620594 1.230901 0.1097884 1.003746 1.620594 1.230901 1.620594 1.003746 0.2169685 1.003746 -2.664683 1.003746 -2.664683 1.230901 -2.924402 1.230901 1.620594 1.003746 1.620594 1.230901 1.732457 1.230901 3.275959 1.003746 3.275959 1.230901 3.534673 1.230901 3.277424 1.003746 3.277424 1.230901 1.732457 1.230901 3.535101 1.003746 3.535101 1.230901 3.277424 1.230901 1.620594 1.003746 1.620594 1.230901 -2.274592 1.230901 -2.274592 1.003746 -2.274592 1.230901 -2.534272 1.230901 1.732457 1.003746 1.732457 1.230901 1.620594 1.230901 -2.661869 1.003746 -2.661869 1.230901 3.660431 1.230901 -1.811874 -1.795183 2.810806 -1.795183 2.975577 -1.95884 -1.332515 1.139442 -1.463181 1.185037 -1.463181 1.12286 3.001292 -1.716605 3.179645 -1.874659 2.975577 -1.95884 -1.140487 2.130094 2.139741 2.130094 2.256663 2.246326 -1.276699 -1.074064 -1.403386 -1.186302 -1.259025 -1.246326 -2.080194 2.527902 -2.080194 1.400339 -2.264173 1.464537 2.332515 1.139442 2.332515 1.081403 2.463181 1.12286 -1.332515 -0.9387971 -1.332515 1.081403 -1.463181 1.12286 -1.141947 -1.130093 -1.259025 -1.246326 2.258214 -1.246326 3.000694 2.717212 2.808768 2.795183 2.973393 2.95884 -2.001003 2.716899 -2.080194 2.527902 -2.264173 2.672501 2.276477 -1.074286 2.14119 -1.130093 2.258214 -1.246326 -1.276699 -1.074064 -1.332515 -0.9387971 -1.463181 -1.04139 3.080194 2.528972 3.264173 2.673647 3.264173 1.464537 3.000694 2.717212 3.179005 2.875308 3.264173 2.673647 3.080194 -1.526903 3.080194 1.31862 3.264173 1.376991 -0.3597158 0.8286473 0.2840223 0.893088 0.2840223 0.4080197 0.2840223 0.893088 0.3509042 0.8997834 0.3509042 0.4080995 -2.264173 0.1946154 -2.080194 0.1946157 -2.080194 -1.525837 0.2848162 0.9809616 0.3502656 0.9809616 0.3509042 0.8997834 -2.264173 0.2784959 -2.080194 0.2784957 -2.080194 0.1946157 -0.6390324 0.5924947 -0.6390324 0.4547403 -0.7461227 0.4547403 -0.7998655 0.5924947 -0.7998654 0.4547402 1.799382 0.4547403 1.006301 0.5924947 1.006301 0.4547404 1.640912 0.4547403 0.9603531 0.4547403 1.006301 0.4547404 1.006301 0.5924947 1.799382 0.4547403 1.906488 0.4547403 1.906488 0.5924947 -0.4001621 0.5924947 1.798235 0.5924947 1.798236 0.4547403 1.798236 0.4547403 -0.7987099 0.4547403 -0.4001621 0.5924947 -0.7987099 0.4547403 -0.7987099 0.5924947 -0.6726204 0.5924947 1.746579 0.4547403 1.64031 0.4547403 1.64031 0.5924947 0.9603532 0.4547404 -0.6390324 0.4547403 -0.6390324 0.5924947 -0.906548 0.4547403 -0.7998654 0.4547402 -0.7998655 0.5924947 1.906152 0.4547403 1.798236 0.4547403 1.798235 0.5924947 1.640912 0.4547403 1.746755 0.4547403 1.746755 0.5924947 1.64031 0.5924947 1.64031 0.4547403 1.006301 0.4547403 1.006301 0.4547403 0.9603532 0.4547404 0.9603531 0.5924947 0.3192701 0.4547403 0.9603531 0.4547403 0.9603531 0.5924947 -0.7462984 0.4547403 -0.6396322 0.4547403 -0.6396322 0.5924947 -0.7987099 0.4547403 -0.9062091 0.4547403 -0.9062091 0.5924947 0.6150255 0.45336 1.007508 0.45336 1.007508 0.5953348 0.6150255 0.5953348 0.01922714 0.5953348 0.01922714 0.4533599 0.6150255 0.45336 1.007508 0.5953348 0.6150255 0.5953348 0 0 0 0 0 0 0 0 0 0 0 0 0 0 0 0 0 0 0.3509777 0.4692832 0.3681381 0.4692833 0.3681381 0.4692835 0.3681381 0.4692835 0.3144316 0.4692834 0.3509777 0.4692832 0.4674809 0.845161 0.4674809 0.845161 0.8455693 0.8451611 0.4674809 0.845161 0.4674808 0.003638565 0.4674808 0.003638625 0.8455693 0.8451611 0.8455691 0.003638625 0.8455691 0.003638625 0.9962807 0.9809615 2.260302 0.9809615 2.260302 0.003638625 2.260468 0.003638625 2.260468 0.9809615 0.9964464 0.9809615 2.26205 0.9809616 1.479902 0.9809616 1.479902 0.003638625 2.473836 0.9809616 2.473836 0.003638625 2.14934 0.8451609 2.473836 0.003638625 2.14934 0.003638625 2.14934 0.8451609 1.771252 0.003638625 1.475476 0.003638625 1.771252 0.845161 1.475476 0.003638625 1.473527 0.9809615 1.771252 0.845161 2.473836 0.9809616 2.14934 0.8451609 1.473527 0.9809615 0.5343908 0.4834276 0.5343908 1 0.4656093 1 0.4656093 1 0.4656093 0 0.5343908 0.4834276 0.5343908 0 0.4656093 0 0.5343908 0.4834375 0.4656093 0 0.4656093 1 0.5343908 0.4834375 0.2753544 0.4656093 0.2753544 0.5343908 0.7246456 0.5343908 0.7246456 0.4656093 0.7246456 0.5343908 0.2753544 0.5343908</float_array>
          <technique_common>
            <accessor source="#Establishment-mesh-map-0-array" count="1584" stride="2">
              <param name="S" type="float"/>
              <param name="T" type="float"/>
            </accessor>
          </technique_common>
        </source>
        <vertices id="Establishment-mesh-vertices">
          <input semantic="POSITION" source="#Establishment-mesh-positions"/>
        </vertices>
        <triangles material="Metal-material" count="100">
          <input semantic="VERTEX" source="#Establishment-mesh-vertices" offset="0"/>
          <input semantic="NORMAL" source="#Establishment-mesh-normals" offset="1"/>
          <input semantic="TEXCOORD" source="#Establishment-mesh-map-0" offset="2" set="0"/>
          <p>3 0 0 5 1 1 205 2 2 121 3 3 123 2 4 206 4 5 29 14 15 86 15 16 88 16 17 5 1 21 11 20 22 13 21 23 35 30 36 16 2 37 23 2 38 7 35 45 9 36 46 1 37 47 137 9 57 15 23 58 7 47 59 3 0 60 239 2 61 11 20 62 9 36 63 229 2 64 1 37 65 133 51 69 62 52 70 15 23 71 13 21 78 50 56 79 55 57 80 250 2 87 262 2 88 56 2 89 44 2 90 261 2 91 254 2 92 15 63 93 43 64 94 9 36 95 16 2 99 24 68 100 23 2 101 24 68 102 17 69 103 22 70 104 16 71 105 139 72 106 18 73 107 18 73 108 140 74 109 17 75 110 29 85 126 36 86 127 30 87 128 36 86 129 28 88 130 30 87 131 56 2 159 51 107 160 49 2 161 51 107 162 55 57 163 50 56 164 61 2 174 45 114 175 63 2 176 45 114 177 62 115 178 63 2 179 17 69 183 1 37 184 22 70 185 206 11 222 128 11 223 70 121 224 205 11 225 66 11 226 127 11 227 134 134 303 63 135 304 62 52 305 17 75 312 115 137 313 198 138 314 135 112 315 61 139 316 63 135 317 141 105 327 55 53 328 57 105 329 143 143 330 57 105 331 56 144 332 136 110 333 261 19 334 61 139 335 56 144 336 258 19 337 143 143 338 145 145 339 13 146 340 144 42 341 144 42 342 55 53 343 142 53 344 147 95 348 29 14 349 30 149 350 146 150 351 30 149 352 28 151 353 72 152 354 146 150 355 28 151 356 102 154 360 106 155 361 16 71 362 106 155 363 138 141 364 16 71 365 230 2 564 226 2 565 251 2 566 205 2 600 124 2 601 122 2 602 122 2 603 3 0 604 205 2 605 206 4 606 28 88 607 34 250 608 34 250 609 121 3 610 206 4 611 96 252 627 102 154 628 16 71 629 16 71 630 29 14 631 94 253 632 29 14 633 148 92 634 80 153 635 29 14 636 80 153 637 86 15 638 94 253 639 96 252 640 16 71 641 88 16 642 94 253 643 29 14 644 5 1 660 3 0 661 11 20 662 35 30 729 29 85 730 16 2 731 7 35 762 15 63 763 9 36 764 137 9 774 133 51 775 15 23 776 3 0 777 240 2 778 239 2 779 9 36 780 225 2 781 229 2 782 133 51 810 134 134 811 62 52 812 13 21 819 11 20 820 50 56 821 56 2 840 49 2 841 250 2 842 250 2 843 256 2 844 262 2 845 44 2 846 61 2 847 261 2 848 15 63 849 62 115 850 43 64 851 16 2 855 18 2 856 24 68 857 24 68 858 18 2 859 17 69 860 16 71 861 138 141 862 139 72 863 18 73 864 139 72 865 140 74 866 29 85 882 35 30 883 36 86 884 36 86 885 34 250 886 28 88 887 56 2 915 57 2 916 51 107 917 51 107 918 57 2 919 55 57 920 61 2 930 44 2 931 45 114 932 45 114 933 43 64 934 62 115 935 17 69 939 7 35 940 1 37 941 206 11 1014 123 11 1015 128 11 1016 70 121 1017 72 152 1018 206 11 1019 72 152 1020 28 151 1021 206 11 1022 205 11 1023 5 278 1024 78 148 1025 5 278 1026 145 145 1027 78 148 1028 127 11 1029 124 11 1030 205 11 1031 205 11 1032 78 148 1033 66 11 1034 134 134 1209 135 112 1210 63 135 1211 137 9 1218 7 47 1219 201 10 1220 7 47 1221 17 75 1222 198 138 1223 201 10 1224 7 47 1225 198 138 1226 17 75 1227 140 74 1228 113 140 1229 17 75 1230 113 140 1231 115 137 1232 135 112 1233 136 110 1234 61 139 1235 141 105 1245 142 53 1246 55 53 1247 143 143 1248 141 105 1249 57 105 1250 136 110 1251 257 19 1252 261 19 1253 56 144 1254 262 19 1255 258 19 1256 145 145 1257 5 278 1258 13 146 1259 144 42 1260 13 146 1261 55 53 1262 147 95 1266 148 92 1267 29 14 1268 146 150 1269 147 95 1270 30 149 1271 102 154 1275 104 118 1276 106 155 1277 251 2 1527 237 2 1528 238 2 1529 238 2 1530 230 2 1531 251 2 1532</p>
        </triangles>
        <triangles material="Metal_01-material" count="62">
          <input semantic="VERTEX" source="#Establishment-mesh-vertices" offset="0"/>
          <input semantic="NORMAL" source="#Establishment-mesh-normals" offset="1"/>
          <input semantic="TEXCOORD" source="#Establishment-mesh-map-0" offset="2" set="0"/>
          <p>21 44 54 171 45 55 20 46 56 60 60 84 175 61 85 59 62 86 6 65 96 203 66 97 187 67 98 21 44 111 183 76 112 172 77 113 148 92 135 33 93 136 31 94 137 147 95 138 32 27 139 33 93 140 142 53 153 54 104 154 53 54 155 141 105 156 52 106 157 54 104 158 14 108 165 187 67 166 186 109 167 136 110 168 60 111 169 59 58 170 135 112 171 58 113 172 60 111 173 139 72 318 20 130 319 140 74 320 138 141 324 21 142 325 139 72 326 59 62 372 179 161 373 52 162 374 12 166 378 167 167 379 4 168 380 33 169 381 173 170 382 165 171 383 19 195 438 169 196 439 183 76 440 33 169 444 169 196 445 31 198 446 58 203 453 186 109 454 189 204 455 54 209 465 179 161 466 181 210 467 60 60 468 189 204 469 177 211 470 53 214 477 168 215 478 12 166 479 54 209 480 176 216 481 53 214 482 32 217 483 167 167 484 173 170 485 200 220 492 20 46 493 171 45 494 203 66 498 199 222 499 200 220 500 254 11 588 261 11 589 257 11 590 253 23 591 260 23 592 258 23 593 255 2 594 260 2 595 253 2 596 256 117 597 261 117 598 254 117 599 21 44 771 172 77 772 171 45 773 60 60 837 177 211 838 175 61 839 6 65 852 204 274 853 203 66 854 21 44 867 19 195 868 183 76 869 148 92 891 147 95 892 33 93 893 147 95 894 146 150 895 32 27 896 142 53 909 141 105 910 54 104 911 141 105 912 143 143 913 52 106 914 14 108 921 6 65 922 187 67 923 136 110 924 135 112 925 60 111 926 135 112 927 134 134 928 58 113 929 139 72 1236 21 142 1237 20 130 1238 138 141 1242 19 277 1243 21 142 1244 59 62 1320 175 61 1321 179 161 1322 12 166 1326 168 215 1327 167 167 1328 33 169 1329 32 217 1330 173 170 1331 19 195 1392 31 198 1393 169 196 1394 33 169 1398 165 171 1399 169 196 1400 58 203 1407 14 108 1408 186 109 1409 54 209 1419 52 162 1420 179 161 1421 60 60 1422 58 203 1423 189 204 1424 53 214 1431 176 216 1432 168 215 1433 54 209 1434 181 210 1435 176 216 1436 32 217 1437 4 168 1438 167 167 1439 200 220 1446 199 222 1447 20 46 1448 203 66 1452 204 274 1453 199 222 1454 257 11 1566 259 11 1567 255 11 1568 255 11 1569 254 11 1570 257 11 1571 262 23 1572 256 23 1573 258 23 1574 256 296 1575 253 296 1576 258 296 1577 255 2 1578 259 2 1579 260 2 1580 256 117 1581 262 117 1582 261 117 1583</p>
        </triangles>
        <triangles material="Plaster-material" count="218">
          <input semantic="VERTEX" source="#Establishment-mesh-vertices" offset="0"/>
          <input semantic="NORMAL" source="#Establishment-mesh-normals" offset="1"/>
          <input semantic="TEXCOORD" source="#Establishment-mesh-map-0" offset="2" set="0"/>
          <p>202 8 9 137 9 10 201 10 11 118 11 12 26 12 13 112 13 14 34 22 24 73 23 25 71 23 26 122 23 27 125 23 28 67 23 29 32 27 33 68 28 34 129 29 35 23 31 39 97 32 40 95 33 41 4 41 51 144 42 52 12 43 53 2 48 66 232 49 67 236 50 68 12 43 72 142 53 73 53 54 74 10 23 75 50 55 76 11 23 77 59 58 81 260 59 82 259 19 83 23 31 114 27 78 115 25 79 116 24 80 117 26 12 118 27 78 119 34 22 120 39 81 121 38 82 122 36 83 123 37 84 124 39 81 125 49 99 147 48 100 148 47 101 149 51 102 150 46 103 151 48 100 152 96 23 186 99 23 187 97 23 188 66 117 189 79 117 190 67 117 191 90 118 192 88 16 193 84 118 194 104 118 195 100 119 196 108 120 197 98 2 198 101 2 199 99 2 200 102 117 201 97 117 202 103 117 203 73 19 204 74 19 205 72 19 206 103 11 207 100 11 208 102 11 209 106 117 210 105 117 211 107 117 212 78 118 213 77 118 214 79 118 215 94 117 216 89 117 217 95 117 218 70 118 219 69 118 220 71 118 221 87 11 228 84 11 229 86 11 230 93 122 231 99 123 232 25 79 233 0 124 234 116 11 235 114 125 236 104 23 237 109 23 238 105 23 239 95 11 240 92 11 241 94 11 242 72 117 243 71 117 244 73 117 245 67 19 246 64 19 247 66 19 248 116 126 249 117 118 250 120 127 251 76 2 252 65 2 253 77 2 254 107 11 255 110 11 256 106 11 257 108 2 258 111 2 259 109 2 260 82 2 261 85 2 262 83 2 263 116 2 264 119 2 265 117 2 266 90 2 267 93 2 268 91 2 269 117 128 270 119 129 271 20 130 272 68 2 273 75 2 274 69 2 275 86 117 276 81 117 277 87 117 278 88 23 279 91 23 280 89 23 281 112 117 282 115 117 283 113 117 284 2 131 285 65 132 286 132 133 287 80 23 288 83 23 289 81 23 290 113 19 291 118 19 292 112 19 293 134 134 306 14 23 307 58 113 308 133 51 309 6 136 310 14 23 311 140 74 321 119 129 322 113 140 323 145 145 345 76 147 346 78 148 347 148 92 357 82 118 358 80 153 359 120 218 486 198 138 487 115 137 488 197 219 489 201 10 490 198 138 491 199 221 495 202 8 496 197 219 497 202 8 501 204 23 502 6 136 503 230 23 555 228 23 556 226 23 557 228 2 558 231 2 559 227 2 560 227 11 561 229 11 562 225 11 563 235 117 567 234 117 568 233 117 569 235 246 570 238 246 571 236 246 572 234 247 573 239 247 574 233 247 575 248 11 579 245 11 580 246 11 581 47 101 582 250 118 583 49 99 584 233 248 585 235 249 586 252 17 587 202 8 615 6 136 616 137 9 617 118 11 618 116 11 619 26 12 620 116 11 621 0 124 622 26 12 623 26 12 624 22 251 625 112 13 626 126 23 663 121 23 664 71 23 665 121 23 666 34 22 667 71 23 668 34 22 669 38 82 670 73 23 671 38 82 672 75 23 673 73 23 674 67 23 675 79 256 676 3 23 677 3 23 678 122 23 679 67 23 680 130 259 696 127 11 697 66 11 698 64 260 699 76 147 700 4 41 701 130 259 702 66 11 703 64 260 704 70 121 705 128 11 706 129 29 707 129 29 708 130 259 709 32 27 710 130 259 711 64 260 712 4 41 713 32 27 714 130 259 715 4 41 716 32 27 717 146 150 718 74 11 719 146 150 720 72 152 721 74 11 722 68 28 723 70 121 724 129 29 725 32 27 726 74 11 727 68 28 728 87 261 732 81 262 733 35 263 734 23 31 735 25 79 736 107 264 737 25 79 738 111 265 739 107 264 740 107 264 741 105 266 742 23 31 743 105 266 744 103 267 745 23 31 746 87 261 747 35 263 748 89 19 749 35 263 750 23 31 751 95 33 752 89 19 753 35 263 754 95 33 755 23 31 756 103 267 757 97 32 758 4 41 768 145 145 769 144 42 770 234 268 783 240 269 784 3 270 785 0 118 786 1 118 787 231 271 788 1 118 789 229 118 790 231 271 791 234 268 792 3 270 793 2 48 794 230 272 795 238 273 796 236 50 797 236 50 798 234 268 799 2 48 800 2 48 801 0 118 802 231 271 803 232 49 804 230 272 805 236 50 806 2 48 807 231 271 808 232 49 809 12 43 813 144 42 814 142 53 815 10 23 816 46 103 817 50 55 818 257 19 822 136 110 823 259 19 824 136 110 825 59 58 826 259 19 827 59 58 828 52 106 829 260 59 830 52 106 831 143 143 832 260 59 833 143 143 834 258 19 835 260 59 836 23 31 870 24 80 871 27 78 872 24 80 873 22 251 874 26 12 875 34 22 876 36 83 877 39 81 878 36 83 879 35 263 880 37 84 881 49 99 903 51 102 904 48 100 905 51 102 906 50 55 907 46 103 908 96 23 942 98 23 943 99 23 944 66 117 945 78 117 946 79 117 947 98 275 948 96 252 949 94 253 950 98 275 951 94 253 952 92 276 953 108 120 954 100 119 955 19 277 956 100 119 957 98 275 958 19 277 959 138 141 960 106 155 961 110 118 962 98 275 963 92 276 964 19 277 965 19 277 966 138 141 967 110 118 968 92 276 969 90 118 970 31 94 971 19 277 972 92 276 973 31 94 974 19 277 975 110 118 976 108 120 977 82 118 978 31 94 979 84 118 980 84 118 981 31 94 982 90 118 983 88 16 984 86 15 985 84 118 986 104 118 987 102 154 988 100 119 989 98 2 990 100 2 991 101 2 992 102 117 993 96 117 994 97 117 995 73 19 996 75 19 997 74 19 998 103 11 999 101 11 1000 100 11 1001 106 117 1002 104 117 1003 105 117 1004 78 118 1005 76 118 1006 77 118 1007 94 117 1008 88 117 1009 89 117 1010 70 118 1011 68 118 1012 69 118 1013 87 11 1035 85 11 1036 84 11 1037 111 265 1038 25 79 1039 109 279 1040 25 79 1041 37 84 1042 93 122 1043 109 279 1044 25 79 1045 101 280 1046 37 84 1047 35 263 1048 81 262 1049 37 84 1050 81 262 1051 83 19 1052 93 122 1053 37 84 1054 91 281 1055 103 267 1056 105 266 1057 101 280 1058 105 266 1059 109 279 1060 101 280 1061 37 84 1062 83 19 1063 85 282 1064 85 282 1065 87 261 1066 89 19 1067 37 84 1068 85 282 1069 91 281 1070 99 123 1071 101 280 1072 25 79 1073 95 33 1074 97 32 1075 99 123 1076 93 122 1077 95 33 1078 99 123 1079 85 282 1080 89 19 1081 91 281 1082 114 125 1083 112 13 1084 22 251 1085 22 251 1086 1 283 1087 114 125 1088 1 283 1089 0 124 1090 114 125 1091 104 23 1092 108 23 1093 109 23 1094 95 11 1095 93 11 1096 92 11 1097 72 117 1098 70 117 1099 71 117 1100 67 19 1101 65 19 1102 64 19 1103 120 127 1104 115 118 1105 114 284 1106 114 284 1107 116 126 1108 120 127 1109 76 2 1110 64 2 1111 65 2 1112 107 11 1113 111 11 1114 110 11 1115 108 2 1116 110 2 1117 111 2 1118 82 2 1119 84 2 1120 85 2 1121 116 2 1122 118 2 1123 119 2 1124 90 2 1125 92 2 1126 93 2 1127 20 130 1128 199 221 1129 117 128 1130 199 221 1131 197 219 1132 117 128 1133 197 219 1134 120 218 1135 117 128 1136 68 2 1137 74 2 1138 75 2 1139 86 117 1140 80 117 1141 81 117 1142 88 23 1143 90 23 1144 91 23 1145 112 117 1146 114 117 1147 115 117 1148 131 23 1149 126 23 1150 71 23 1151 69 23 1152 75 23 1153 38 82 1154 131 23 1155 71 23 1156 69 23 1157 67 23 1158 125 23 1159 132 133 1160 132 133 1161 131 23 1162 2 131 1163 131 23 1164 69 23 1165 38 82 1166 2 131 1167 131 23 1168 38 82 1169 2 131 1170 3 23 1171 79 256 1172 2 131 1173 79 256 1174 77 285 1175 65 132 1176 67 23 1177 132 133 1178 2 131 1179 77 285 1180 65 132 1181 80 23 1182 82 23 1183 83 23 1184 113 19 1185 119 19 1186 118 19 1187 134 134 1212 133 51 1213 14 23 1214 133 51 1215 137 9 1216 6 136 1217 140 74 1239 20 130 1240 119 129 1241 145 145 1263 4 41 1264 76 147 1265 148 92 1272 31 94 1273 82 118 1274 120 218 1440 197 219 1441 198 138 1442 197 219 1443 202 8 1444 201 10 1445 199 221 1449 204 23 1450 202 8 1451 230 23 1518 232 23 1519 228 23 1520 228 2 1521 232 2 1522 231 2 1523 227 11 1524 231 11 1525 229 11 1526 235 117 1533 236 117 1534 234 117 1535 235 292 1536 237 292 1537 238 292 1538 234 293 1539 240 293 1540 239 293 1541 248 11 1545 247 11 1546 245 11 1547 47 101 1548 249 24 1549 250 118 1550 10 294 1551 11 295 1552 233 248 1553 11 295 1554 239 19 1555 233 248 1556 237 19 1557 251 254 1558 235 249 1559 251 254 1560 252 17 1561 235 249 1562 10 294 1563 233 248 1564 252 17 1565</p>
        </triangles>
        <triangles material="MetalRollup-material" count="34">
          <input semantic="VERTEX" source="#Establishment-mesh-vertices" offset="0"/>
          <input semantic="NORMAL" source="#Establishment-mesh-normals" offset="1"/>
          <input semantic="TEXCOORD" source="#Establishment-mesh-map-0" offset="2" set="0"/>
          <p>179 175 390 195 105 391 181 104 392 186 23 393 196 176 394 189 177 395 165 178 396 170 179 397 169 180 398 169 180 399 184 181 400 183 141 401 172 182 402 180 183 403 171 184 404 177 185 405 174 186 406 175 187 407 203 23 408 200 23 409 188 23 410 183 141 411 182 188 412 172 182 413 187 23 414 185 23 415 186 23 416 189 177 417 178 189 418 177 185 419 176 53 420 191 11 421 168 11 422 181 104 423 193 190 424 176 53 425 167 11 426 192 191 427 173 192 428 173 192 429 166 193 430 165 178 431 168 11 432 190 11 433 167 11 434 175 187 435 194 194 436 179 175 437 179 175 1338 194 194 1339 195 105 1340 186 23 1341 185 23 1342 196 176 1343 165 178 1344 166 193 1345 170 179 1346 169 180 1347 170 179 1348 184 181 1349 172 182 1350 182 188 1351 180 183 1352 177 185 1353 178 189 1354 174 186 1355 200 23 1356 171 184 1357 180 183 1358 180 183 1359 188 23 1360 200 23 1361 188 23 1362 187 23 1363 203 23 1364 183 141 1365 184 181 1366 182 188 1367 187 23 1368 188 23 1369 185 23 1370 189 177 1371 196 176 1372 178 189 1373 176 53 1374 193 190 1375 191 11 1376 181 104 1377 195 105 1378 193 190 1379 167 11 1380 190 11 1381 192 191 1382 173 192 1383 192 191 1384 166 193 1385 168 11 1386 191 11 1387 190 11 1388 175 187 1389 174 186 1390 194 194 1391</p>
        </triangles>
        <triangles material="Rooftiles-material" count="46">
          <input semantic="VERTEX" source="#Establishment-mesh-vertices" offset="0"/>
          <input semantic="NORMAL" source="#Establishment-mesh-normals" offset="1"/>
          <input semantic="TEXCOORD" source="#Establishment-mesh-map-0" offset="2" set="0"/>
          <p>159 5 6 194 6 7 160 7 8 158 38 48 191 39 49 193 40 50 162 89 132 196 90 133 164 91 134 159 5 180 193 40 181 195 116 182 149 156 366 163 157 367 150 158 368 164 91 369 185 159 370 152 160 371 157 163 375 192 164 376 156 165 377 156 165 384 190 172 385 150 158 386 162 89 387 174 173 388 178 174 389 152 160 441 188 197 442 149 156 443 161 199 447 194 6 448 174 173 449 154 200 450 184 201 451 155 202 452 151 205 456 190 172 457 191 39 458 153 206 459 188 197 460 180 207 461 155 202 462 170 208 463 163 157 464 157 163 471 170 208 472 166 212 473 154 200 474 180 207 475 182 213 476 159 5 612 195 116 613 194 6 614 158 38 765 151 205 766 191 39 767 162 89 888 178 174 889 196 90 890 159 5 936 158 38 937 193 40 938 161 199 1278 162 89 1279 164 91 1280 161 199 1281 164 91 1282 152 160 1283 159 5 1284 160 7 1285 158 38 1286 160 7 1287 161 199 1288 152 160 1289 151 205 1290 158 38 1291 160 7 1292 157 163 1293 156 165 1294 163 157 1295 156 165 1296 150 158 1297 163 157 1298 150 158 1299 151 205 1300 149 156 1301 149 156 1302 151 205 1303 152 160 1304 160 7 1305 152 160 1306 151 205 1307 149 156 1308 153 206 1309 155 202 1310 153 206 1311 154 200 1312 155 202 1313 155 202 1314 163 157 1315 149 156 1316 164 91 1317 196 90 1318 185 159 1319 157 163 1323 166 212 1324 192 164 1325 156 165 1332 192 164 1333 190 172 1334 162 89 1335 161 199 1336 174 173 1337 152 160 1395 185 159 1396 188 197 1397 161 199 1401 160 7 1402 194 6 1403 154 200 1404 182 213 1405 184 201 1406 151 205 1410 150 158 1411 190 172 1412 153 206 1413 149 156 1414 188 197 1415 155 202 1416 184 201 1417 170 208 1418 157 163 1425 163 157 1426 170 208 1427 154 200 1428 153 206 1429 180 207 1430</p>
        </triangles>
        <triangles material="BrickSmallBrown-material" count="38">
          <input semantic="VERTEX" source="#Establishment-mesh-vertices" offset="0"/>
          <input semantic="NORMAL" source="#Establishment-mesh-normals" offset="1"/>
          <input semantic="TEXCOORD" source="#Establishment-mesh-map-0" offset="2" set="0"/>
          <p>17 223 504 217 224 505 18 225 506 16 226 507 220 227 508 29 228 509 13 229 510 214 230 511 55 231 512 222 11 513 13 229 514 5 11 515 220 227 516 30 232 517 29 228 518 261 233 519 262 234 520 208 235 521 207 236 522 62 237 523 63 238 524 211 23 525 17 223 526 7 23 527 217 224 528 16 226 529 18 225 530 213 239 531 56 240 532 57 241 533 214 230 534 57 241 535 55 231 536 62 237 537 212 242 538 15 23 539 212 242 540 7 23 541 15 23 542 223 11 543 5 11 544 205 11 545 210 243 546 28 244 547 30 232 548 208 235 549 63 238 550 61 245 551 224 11 552 206 11 553 209 11 554 17 223 1455 218 286 1456 217 224 1457 16 226 1458 216 287 1459 220 227 1460 13 229 1461 221 288 1462 214 230 1463 222 11 1464 221 288 1465 13 229 1466 220 227 1467 210 243 1468 30 232 1469 262 234 1470 56 240 1471 215 289 1472 215 289 1473 208 235 1474 262 234 1475 208 235 1476 61 245 1477 261 233 1478 207 236 1479 219 290 1480 62 237 1481 211 23 1482 218 286 1483 17 223 1484 217 224 1485 216 287 1486 16 226 1487 213 239 1488 215 289 1489 56 240 1490 214 230 1491 213 239 1492 57 241 1493 62 237 1494 219 290 1495 212 242 1496 212 242 1497 211 23 1498 7 23 1499 223 11 1500 222 11 1501 5 11 1502 210 243 1503 209 291 1504 28 244 1505 208 235 1506 207 236 1507 63 238 1508 224 11 1509 223 11 1510 205 11 1511 206 11 1512 28 11 1513 209 11 1514 224 11 1515 205 11 1516 206 11 1517</p>
        </triangles>
        <triangles material="Plaster_01-material" count="20">
          <input semantic="VERTEX" source="#Establishment-mesh-vertices" offset="0"/>
          <input semantic="NORMAL" source="#Establishment-mesh-normals" offset="1"/>
          <input semantic="TEXCOORD" source="#Establishment-mesh-map-0" offset="2" set="0"/>
          <p>252 17 18 227 18 19 8 19 20 249 24 30 40 25 31 253 26 32 9 11 42 41 34 43 8 11 44 43 96 141 42 97 142 41 34 143 45 98 144 40 25 145 42 97 146 241 23 576 244 23 577 242 23 578 252 17 645 251 254 646 228 255 647 251 254 648 226 19 649 228 255 650 225 19 651 9 19 652 227 18 653 9 19 654 8 19 655 227 18 656 252 17 657 228 255 658 227 18 659 256 118 681 250 118 682 253 26 683 250 118 684 249 24 685 253 26 686 40 25 687 44 257 688 255 258 689 44 257 690 254 118 691 255 258 692 40 25 693 255 258 694 253 26 695 9 11 759 43 96 760 41 34 761 43 96 897 45 98 898 42 97 899 45 98 900 44 257 901 40 25 902 241 23 1542 243 23 1543 244 23 1544</p>
        </triangles>
      </mesh>
    </geometry>
    <geometry id="Barra-mesh" name="Barra">
      <mesh>
        <source id="Barra-mesh-positions">
          <float_array id="Barra-mesh-positions-array" count="216">-0.363923 -3.038321 -0.1915576 -0.3242986 -3.038321 0.8593156 -0.363923 3.950781 -0.1915576 -0.3242987 3.950782 0.8593156 0.363923 -3.038321 -0.1915576 0.3242987 -3.038321 0.8593156 0.363923 3.950781 -0.1915576 0.3242987 3.950782 0.8593156 -0.363923 -3.038321 -0.07672065 -0.363923 3.950781 -0.07672065 0.363923 3.950781 -0.07672065 0.363923 -3.038321 -0.07672065 -0.3242986 -3.038321 0.8112416 -0.3242987 3.950782 0.8112416 0.3242987 3.950782 0.8112416 0.3242987 -3.038321 0.8112416 -0.2102769 3.950781 0.8112413 -0.2102769 3.950781 -0.07672047 0.2102769 3.950781 0.8112413 0.2102769 3.950781 -0.07672047 0.210277 -3.038321 0.8112413 0.210277 -3.038321 -0.07672047 -0.2102768 -3.038321 -0.07672047 -0.2102768 -3.038321 0.8112413 -0.2161089 -3.520167 -0.1915576 -0.184022 -3.496917 0.8593156 0.3732777 -3.093104 -0.1915576 0.3411915 -3.116353 0.8593156 -0.2161089 -3.520167 -0.07672059 0.3732777 -3.093104 -0.07672059 -0.184022 -3.496917 0.8112416 0.3411915 -3.116353 0.8112416 0.24886 -3.183255 0.8112413 0.24886 -3.183255 -0.07672047 -0.09169125 -3.430014 -0.07672047 -0.09169125 -3.430014 0.8112413 0.1863093 -3.82362 -0.1915576 0.1986503 -3.785966 0.8593156 0.4129967 -3.131976 -0.1915576 0.4006557 -3.169629 0.8593156 0.1863093 -3.82362 -0.07672059 0.4129967 -3.131976 -0.07672059 0.1986503 -3.785966 0.8112416 0.4006557 -3.169629 0.8112416 0.3651435 -3.27798 0.8112413 0.3651435 -3.27798 -0.07672047 0.2341616 -3.677616 -0.07672047 0.2341616 -3.677616 0.8112413 0.4375084 -3.868249 -0.1915575 0.437635 -3.828623 0.8593156 0.4398366 -3.140406 -0.1915575 0.4397096 -3.18003 0.8593156 0.4375084 -3.868249 -0.07672059 0.4398366 -3.140406 -0.07672059 0.437635 -3.828623 0.8112416 0.4397096 -3.18003 0.8112416 0.4393448 -3.294051 0.8112413 0.4393448 -3.294051 -0.07672041 0.4379991 -3.714603 -0.07672041 0.4379991 -3.714603 0.8112413 1.45097 -3.828623 0.8112416 1.45097 -3.828623 0.8593156 1.453172 -3.140406 -0.07672059 1.453172 -3.140406 -0.1915575 1.450843 -3.868249 -0.1915575 1.453045 -3.18003 0.8593156 1.450843 -3.868249 -0.07672059 1.453045 -3.18003 0.8112416 1.45268 -3.294051 0.8112413 1.45268 -3.294051 -0.07672041 1.451334 -3.714603 -0.07672041 1.451334 -3.714603 0.8112413</float_array>
          <technique_common>
            <accessor source="#Barra-mesh-positions-array" count="72" stride="3">
              <param name="X" type="float"/>
              <param name="Y" type="float"/>
              <param name="Z" type="float"/>
            </accessor>
          </technique_common>
        </source>
        <source id="Barra-mesh-normals">
          <float_array id="Barra-mesh-normals-array" count="348">-1 0 0 1 0 0 0 0 -1 0 0 1 1 0 0 -1 0 0 9.30967e-7 0 1 1 0 0 -1 0 0 -2.84521e-6 0 -1 3.33062e-6 0 -1 -9.99102e-7 0 1 0 1 1.42623e-6 6.27298e-6 1 0 -2.61542e-6 -7.91311e-7 -1 -8.66601e-7 -2.21873e-7 1 0 1 0 8.85172e-7 5.6534e-7 1 0.9857319 0.1683232 0 0.9663448 0.2572506 0 -0.9560275 -0.2932771 0 -0.9570987 -0.2897626 0 0.9773597 0.2115847 0 3.07982e-6 5.65842e-7 -1 0 -5.44007e-7 -1 0.699446 0.7146855 0 -6.80898e-7 -7.2026e-7 1 -0.6020803 -0.7984356 0 3.31944e-7 9.9841e-7 1 0.6672874 0.7448003 0 0 -2.20264e-7 -1 1.67481e-6 1.99182e-6 -1 0.6315734 0.7753161 0 -1.47213e-7 0 1 -1.83504e-6 -2.17438e-6 -1 -0.6050117 -0.7962167 0 -5.4654e-7 -2.61229e-6 -1 -6.40539e-7 0 1 0.2116885 0.9773372 0 0 -2.61378e-6 -1 -0.175714 -0.9844413 0 -0.1785393 -0.9839329 0 -0.1749223 -0.9845823 0 -1.77221e-7 -9.03842e-7 1 0.2996682 0.9540436 0 5.11758e-7 1.04405e-6 1 0.2573486 0.9663187 0 -1.6291e-7 0 -1 0 2.61193e-6 -1 0.9999949 -0.003195703 0 0.9999949 -0.003199577 0 0.9999949 -0.003199875 0 0 -1 0 0 -8.72854e-7 1 0 8.72851e-7 1 0 2.61373e-6 -1 -0.6027262 -0.7979481 0 -0.956264 -0.2925052 0 1 0 0 -1 0 0 9.99102e-7 0 1 1 0 0 -3.59015e-6 0 -1 2.39343e-6 0 -1 -9.30967e-7 0 1 -2.02568e-7 0 1 1.55174e-6 1 0 0 1 2.46835e-6 -1.55174e-6 1 0 0 1 -3.05852e-5 -6.27299e-6 1 0 0 1 8.84437e-6 -2.30456e-6 -8.08191e-7 -1 -9.27815e-7 -2.47609e-7 1 8.22619e-7 3.83195e-7 1 0.9857317 0.1683244 0 0.9663448 0.2572506 0 -0.9560276 -0.293277 0 -0.9570987 -0.2897625 0 0.9773597 0.2115846 0 2.80039e-6 7.20315e-7 -1 0 0 -1 0.6994451 0.7146864 0 -6.86329e-7 -7.62831e-7 1 -0.6020802 -0.7984356 0 4.32955e-7 8.14976e-7 1 0.6672863 0.7448014 0 0 0 -1 1.86693e-6 2.17093e-6 -1 0.6315732 0.7753164 0 4.05136e-7 0 1 -1.15228e-6 -2.20473e-6 -1 -0.6050117 -0.7962166 0 -3.1841e-7 -2.59615e-6 -1 0.2116885 0.9773372 0 0 -2.61378e-6 -1 -0.175714 -0.9844413 0 -0.1785393 -0.9839329 0 -0.1749223 -0.9845823 0 -2.41164e-7 -8.72165e-7 1 0.299668 0.9540436 0 0 8.72573e-7 1 0.2573481 0.9663188 0 2.01276e-6 -1.64978e-7 -1 1.21454e-6 2.52973e-6 -1 0.9999949 -0.003198623 5.11435e-6 0.9999949 -0.003200888 0 0.9999949 -0.003199577 1.04615e-6 0.9999949 -0.003198504 -1.43369e-6 0.9999949 -0.003194093 0 0.9999949 -0.003199398 -1.33932e-5 0 -8.72858e-7 1 0 8.72861e-7 1 0 2.61374e-6 -1 -0.6027255 -0.7979487 0 -0.956264 -0.2925053 0</float_array>
          <technique_common>
            <accessor source="#Barra-mesh-normals-array" count="116" stride="3">
              <param name="X" type="float"/>
              <param name="Y" type="float"/>
              <param name="Z" type="float"/>
            </accessor>
          </technique_common>
        </source>
        <source id="Barra-mesh-map-0">
          <float_array id="Barra-mesh-map-0-array" count="840">-0.8686973 0.5106148 2.217695 0.4893853 -0.8686973 0.4893853 2.217695 0.5106148 -0.8686973 0.4893853 2.217695 0.4893853 0.2611038 2.790418 -0.1653102 -1.304199 -0.1653102 2.790418 -6.375128 0.08532476 3.415479 0.9939042 -6.375128 0.9939042 2.790418 0.533639 -1.304199 0.4663609 2.790418 0.4663609 -1.304199 0.533639 2.790418 0.4663609 -1.304199 0.4663609 0.2611038 2.790418 0.1710892 -1.304199 0.2611038 -1.304199 2.016066 0.3888019 -0.7485548 0.03755819 2.016066 0.03755819 -0.7485548 0.3888019 2.016066 0.03755819 -0.7485548 0.03755819 7.759673 0.9204773 -2.030932 0.7607515 -2.030931 0.9204778 -2.030933 0.0118975 7.759673 0.1716225 7.759673 0.01189708 -0.1653102 2.790418 -0.07529538 -1.304199 -0.07529538 2.790418 3.415479 0.08532476 3.8073 0.9939042 3.415479 0.9939042 0.2611038 0.4663609 -0.1653102 0.4663609 -0.07529538 0.533639 0.05763959 0.4893852 0.007287442 0.4893853 0.007287442 0.5106148 -2.422753 0.7607515 -2.030931 0.9204778 -2.030932 0.7607515 -0.1653102 -1.304199 -0.005821168 -1.533675 -0.07529538 -1.304199 0.08127844 0.3888019 0.2476335 0.03755819 0.08127844 0.03755819 0.1710892 -1.304199 0.2665843 -1.336294 0.2611038 -1.304199 -1.304199 0.533639 -1.336294 0.4663609 -1.304199 0.4663609 -0.7485548 0.3888019 -0.8058854 0.03755819 -0.7485548 0.03755819 -1.586492 0.4663609 -1.304199 0.533639 -1.304199 0.4663609 -0.7485548 0.3888019 -0.9034937 0.03755819 -0.9034937 0.3888019 -0.9031561 0.5106148 -0.8686973 0.4893853 -0.8686973 0.5106148 -2.422753 0.01189708 -2.030933 0.1716232 -2.030933 0.0118975 0.2665843 -1.336294 -0.1653102 -1.304199 0.2611038 -1.304199 0.2665843 0.533639 0.2898539 0.4663609 0.2665843 0.4663609 -0.0787121 -1.586492 0.1850821 -1.678734 -0.005821168 -1.533675 0.1570475 0.4663609 -0.0787121 0.533639 -0.0787121 0.4663609 0.1936932 -1.389109 0.2898539 -1.359067 0.2665843 -1.336294 0.3274278 0.5106148 0.3011684 0.4893853 0.3011684 0.5106148 0.2898539 -1.359067 -0.0787121 -1.586492 0.2665843 -1.336294 -2.814575 0.0118975 -2.422753 0.1716232 -2.422753 0.01189708 0.3088928 0.3888019 0.2628955 0.03755819 0.2628955 0.3888019 3.8073 0.08532476 4.199121 0.9939042 3.8073 0.9939042 -2.814573 0.7607515 -2.422753 0.9204781 -2.422753 0.7607515 0.2570813 0.03755819 0.1281864 0.3888019 0.1281864 0.03755819 -2.814573 0.9204778 -3.012916 0.7607515 -3.012916 0.9204778 4.199121 0.08532476 4.397464 0.9939042 4.199121 0.9939042 0.3088928 0.3888019 0.3382439 0.03755819 0.3088928 0.03755819 -3.012916 0.7607515 -4.432435 0.9204777 -3.012916 0.9204778 4.397464 0.9939042 5.816982 0.08532476 5.816983 0.9939043 0.3382439 0.3888019 0.7390806 0.03755819 0.3382439 0.03755819 0.238222 0.4893853 0.3437578 0.5106148 0.238222 0.5106148 0.2570813 0.03755819 0.3377117 0.3888019 0.2570813 0.3888019 0.1570475 0.4663609 0.3042143 0.533639 0.1570475 0.533639 0.1570475 -1.764272 0.3045018 -1.700404 0.1850821 -1.678734 0.2898539 0.533639 0.3055783 0.4663609 0.2898539 0.4663609 0.2618188 -1.444604 0.3055783 -1.364006 0.2898539 -1.359067 0.3274278 0.5106148 0.3446741 0.4893853 0.3274278 0.4893853 0.1570475 -1.764272 0.3055783 -1.364006 0.3042143 -1.790418 -2.814575 0.1716232 -3.012917 0.0118975 -3.012917 0.1716232 -1.701255 0.53364 -1.791269 0.5336402 -1.791269 0.4663622 -0.9822691 0.4893841 -0.9319171 0.4893842 -0.931917 0.5106139 -1.016641 0.3888019 -0.8502871 0.03755819 -0.8502871 0.3888019 0.5625 0 0.625 0 0.625 0 0.3377117 0.03755819 0.7385483 0.3888019 0.3377117 0.3888019 0.3042143 0.4663609 0.8978841 0.533639 0.3042143 0.533639 0.3045018 -1.700404 0.8978841 -1.790418 0.8981717 -1.700404 0.3055783 0.533639 0.8992479 0.4663609 0.3055783 0.4663609 0.3055783 -1.364006 0.89896 -1.45402 0.899248 -1.364006 0.3446741 0.5106148 0.7921634 0.4893853 0.3446741 0.4893853 0.3055783 -1.364006 0.8978841 -1.790418 0.3042143 -1.790418 -3.012917 0.0118975 -4.432436 0.1716232 -3.012917 0.1716232 0.238222 0.4893853 0.06923371 0.5106148 0.06923371 0.4893853 -0.8686973 0.4893853 -1.071213 0.5106148 -0.8686973 0.5106148 -0.8686973 0.5106148 2.217695 0.5106148 2.217695 0.4893853 2.217695 0.5106148 -0.8686973 0.5106148 -0.8686973 0.4893853 0.2611038 2.790418 0.2611038 -1.304199 -0.1653102 -1.304199 -6.375128 0.08532476 3.415479 0.08532476 3.415479 0.9939042 2.790418 0.533639 -1.304199 0.533639 -1.304199 0.4663609 -1.304199 0.533639 2.790418 0.533639 2.790418 0.4663609 0.2611038 2.790418 0.1710892 2.790418 0.1710892 -1.304199 2.016066 0.3888019 -0.7485548 0.3888019 -0.7485548 0.03755819 -0.7485548 0.3888019 2.016066 0.3888019 2.016066 0.03755819 7.759673 0.9204773 7.759673 0.7607508 -2.030932 0.7607515 -2.030933 0.0118975 -2.030933 0.1716232 7.759673 0.1716225 -0.1653102 2.790418 -0.1653102 -1.304199 -0.07529538 -1.304199 3.415479 0.08532476 3.8073 0.08532476 3.8073 0.9939042 -0.1653102 0.4663609 -0.1653102 0.533639 -0.07529538 0.533639 -0.07529538 0.533639 0.1710892 0.533639 0.2611038 0.4663609 0.1710892 0.533639 0.2611038 0.533639 0.2611038 0.4663609 0.007287442 0.5106148 0.2937085 0.5106148 0.05763959 0.4893852 0.2937085 0.5106148 0.2937085 0.4893853 0.2433564 0.4893852 0.05763959 0.4893852 0.2937085 0.5106148 0.2433564 0.4893852 -2.422753 0.7607515 -2.422753 0.9204781 -2.030931 0.9204778 -0.1653102 -1.304199 -0.0787121 -1.586492 -0.005821168 -1.533675 0.08127844 0.3888019 0.2476335 0.3888019 0.2476335 0.03755819 0.1710892 -1.304199 0.1936932 -1.389109 0.2665843 -1.336294 -1.304199 0.533639 -1.336294 0.533639 -1.336294 0.4663609 -0.7485548 0.3888019 -0.8058854 0.3888019 -0.8058854 0.03755819 -1.586492 0.4663609 -1.586492 0.533639 -1.304199 0.533639 -0.7485548 0.3888019 -0.7485548 0.03755819 -0.9034937 0.03755819 -0.9031561 0.5106148 -0.9031561 0.4893853 -0.8686973 0.4893853 -2.422753 0.01189708 -2.422753 0.1716232 -2.030933 0.1716232 0.2665843 -1.336294 -0.0787121 -1.586492 -0.1653102 -1.304199 0.2665843 0.533639 0.2898539 0.533639 0.2898539 0.4663609 -0.0787121 -1.586492 0.1570475 -1.764272 0.1850821 -1.678734 0.1570475 0.4663609 0.1570475 0.533639 -0.0787121 0.533639 0.1936932 -1.389109 0.2618188 -1.444604 0.2898539 -1.359067 0.3274278 0.5106148 0.3274278 0.4893853 0.3011684 0.4893853 0.2898539 -1.359067 0.1570475 -1.764272 -0.0787121 -1.586492 -2.814575 0.0118975 -2.814575 0.1716232 -2.422753 0.1716232 0.3088928 0.3888019 0.3088928 0.03755819 0.2628955 0.03755819 3.8073 0.08532476 4.199121 0.08532476 4.199121 0.9939042 -2.814573 0.7607515 -2.814573 0.9204778 -2.422753 0.9204781 0.2570813 0.03755819 0.2570813 0.3888019 0.1281864 0.3888019 -2.814573 0.9204778 -2.814573 0.7607515 -3.012916 0.7607515 4.199121 0.08532476 4.397464 0.08532476 4.397464 0.9939042 0.3088928 0.3888019 0.3382439 0.3888019 0.3382439 0.03755819 -3.012916 0.7607515 -4.432435 0.7607515 -4.432435 0.9204777 4.397464 0.9939042 4.397464 0.08532476 5.816982 0.08532476 0.3382439 0.3888019 0.7390806 0.3888019 0.7390806 0.03755819 0.238222 0.4893853 0.3437578 0.4893853 0.3437578 0.5106148 0.2570813 0.03755819 0.3377117 0.03755819 0.3377117 0.3888019 0.1570475 0.4663609 0.3042143 0.4663609 0.3042143 0.533639 0.1570475 -1.764272 0.3042143 -1.790418 0.3045018 -1.700404 0.2898539 0.533639 0.3055783 0.533639 0.3055783 0.4663609 0.2618188 -1.444604 0.3052902 -1.45402 0.3055783 -1.364006 0.3274278 0.5106148 0.3446741 0.5106148 0.3446741 0.4893853 0.1570475 -1.764272 0.2898539 -1.359067 0.3055783 -1.364006 -2.814575 0.1716232 -2.814575 0.0118975 -3.012917 0.0118975 -1.791269 0.4663622 -1.364857 0.4663603 -1.701255 0.53364 -1.364857 0.4663603 -1.364857 0.5336385 -1.454871 0.53364 -1.701255 0.53364 -1.364857 0.4663603 -1.454871 0.53364 -0.931917 0.5106139 -1.218336 0.5106137 -0.9822691 0.4893841 -1.218336 0.5106137 -1.218336 0.4893842 -1.167985 0.4893842 -0.9822691 0.4893841 -1.218336 0.5106137 -1.167985 0.4893842 -1.016641 0.3888019 -1.016641 0.03755819 -0.8502871 0.03755819 0.5625 0 0.5625 0 0.625 0 0.3377117 0.03755819 0.7385483 0.03755819 0.7385483 0.3888019 0.3042143 0.4663609 0.8978841 0.4663609 0.8978841 0.533639 0.3045018 -1.700404 0.3042143 -1.790418 0.8978841 -1.790418 0.3055783 0.533639 0.8992479 0.533639 0.8992479 0.4663609 0.3055783 -1.364006 0.3052902 -1.45402 0.89896 -1.45402 0.3446741 0.5106148 0.7921634 0.5106148 0.7921634 0.4893853 0.3055783 -1.364006 0.899248 -1.364006 0.8978841 -1.790418 -3.012917 0.0118975 -4.432437 0.0118975 -4.432436 0.1716232 0.238222 0.4893853 0.238222 0.5106148 0.06923371 0.5106148 -0.8686973 0.4893853 -1.071213 0.4893853 -1.071213 0.5106148</float_array>
          <technique_common>
            <accessor source="#Barra-mesh-map-0-array" count="420" stride="2">
              <param name="S" type="float"/>
              <param name="T" type="float"/>
            </accessor>
          </technique_common>
        </source>
        <vertices id="Barra-mesh-vertices">
          <input semantic="POSITION" source="#Barra-mesh-positions"/>
        </vertices>
        <triangles material="Wood-material" count="58">
          <input semantic="VERTEX" source="#Barra-mesh-vertices" offset="0"/>
          <input semantic="NORMAL" source="#Barra-mesh-normals" offset="1"/>
          <input semantic="TEXCOORD" source="#Barra-mesh-map-0" offset="2" set="0"/>
          <p>1 0 0 13 0 1 12 0 2 7 1 3 15 1 4 14 1 5 3 3 9 5 3 10 7 3 11 13 9 27 23 9 28 12 9 29 15 10 30 18 10 31 14 10 32 1 3 36 27 3 37 5 3 38 16 13 42 13 13 43 3 13 44 35 14 45 12 14 46 23 14 47 27 22 69 15 22 70 5 22 71 31 23 72 20 23 73 15 23 74 39 29 90 31 29 91 27 29 92 43 31 96 32 31 97 31 31 98 25 33 102 39 33 103 27 33 104 47 34 105 30 34 106 35 34 107 42 36 111 59 36 112 54 36 113 37 37 114 51 37 115 39 37 116 59 39 120 60 39 121 54 39 122 51 3 123 61 3 124 65 3 125 42 40 129 49 40 130 37 40 131 39 46 147 55 46 148 43 46 149 44 48 153 55 48 154 56 48 155 68 50 159 67 50 160 65 50 161 54 52 165 61 52 166 49 52 167 51 16 183 67 16 184 55 16 185 55 55 189 68 55 190 56 55 191 42 56 192 25 56 193 30 56 194 12 57 195 25 57 196 1 57 197 1 5 198 3 5 199 13 5 200 7 58 201 5 58 202 15 58 203 3 3 207 1 3 208 5 3 209 13 62 225 16 62 226 23 62 227 15 63 228 20 63 229 18 63 230 1 65 234 25 65 235 27 65 236 3 69 246 7 69 247 16 69 248 7 70 249 14 70 250 18 70 251 16 71 252 7 71 253 18 71 254 35 72 255 30 72 256 12 72 257 27 79 279 31 79 280 15 79 281 31 80 282 32 80 283 20 80 284 39 86 300 43 86 301 31 86 302 43 88 306 44 88 307 32 88 308 25 90 312 37 90 313 39 90 314 47 91 315 42 91 316 30 91 317 42 93 321 47 93 322 59 93 323 37 3 324 49 3 325 51 3 326 59 95 330 71 95 331 60 95 332 51 3 333 49 3 334 61 3 335 42 96 339 54 96 340 49 96 341 39 102 357 51 102 358 55 102 359 44 104 363 43 104 364 55 104 365 65 108 375 61 108 376 68 108 377 61 109 378 60 109 379 71 109 380 68 110 381 61 110 382 71 110 383 54 52 387 60 52 388 61 52 389 51 16 405 65 16 406 67 16 407 55 113 411 67 113 412 68 113 413 42 114 414 37 114 415 25 114 416 12 115 417 30 115 418 25 115 419</p>
        </triangles>
        <triangles material="Metal_01-material" count="58">
          <input semantic="VERTEX" source="#Barra-mesh-vertices" offset="0"/>
          <input semantic="NORMAL" source="#Barra-mesh-normals" offset="1"/>
          <input semantic="TEXCOORD" source="#Barra-mesh-map-0" offset="2" set="0"/>
          <p>6 2 6 0 2 7 2 2 8 10 4 12 4 4 13 6 4 14 8 5 15 2 5 16 0 5 17 10 6 18 21 6 19 11 6 20 9 11 33 22 11 34 17 11 35 6 12 39 2 12 40 17 12 41 8 15 48 34 15 49 22 15 50 21 17 54 29 17 55 11 17 56 11 18 57 26 18 58 4 18 59 24 20 63 8 20 64 0 20 65 26 24 75 0 24 76 4 24 77 29 25 78 38 25 79 26 25 80 28 26 81 46 26 82 34 26 83 36 27 84 28 27 85 24 27 86 33 28 87 41 28 88 29 28 89 38 30 93 24 30 94 26 30 95 36 42 135 52 42 136 40 42 137 40 43 138 58 43 139 46 43 140 41 44 141 50 44 142 38 44 143 45 45 144 53 45 145 41 45 146 36 47 150 50 47 151 48 47 152 70 49 156 66 49 157 64 49 158 48 52 171 66 52 172 52 52 173 58 53 174 66 53 175 70 53 176 53 16 177 63 16 178 50 16 179 53 54 180 69 54 181 62 54 182 50 2 186 64 2 187 48 2 188 6 2 204 4 2 205 0 2 206 10 4 210 11 4 211 4 4 212 8 59 213 9 59 214 2 59 215 10 60 216 19 60 217 21 60 218 9 64 231 8 64 232 22 64 233 2 66 237 9 66 238 17 66 239 17 67 240 19 67 241 6 67 242 19 68 243 10 68 244 6 68 245 8 73 258 28 73 259 34 73 260 21 74 264 33 74 265 29 74 266 11 75 267 29 75 268 26 75 269 24 77 273 28 77 274 8 77 275 26 81 285 24 81 286 0 81 287 29 82 288 41 82 289 38 82 290 28 83 291 40 83 292 46 83 293 36 84 294 40 84 295 28 84 296 33 85 297 45 85 298 41 85 299 38 87 303 36 87 304 24 87 305 36 98 345 48 98 346 52 98 347 40 99 348 52 99 349 58 99 350 41 100 351 53 100 352 50 100 353 45 101 354 57 101 355 53 101 356 36 103 360 38 103 361 50 103 362 64 105 366 63 105 367 70 105 368 63 106 369 62 106 370 69 106 371 70 107 372 63 107 373 69 107 374 48 52 393 64 52 394 66 52 395 58 111 396 52 111 397 66 111 398 53 16 399 62 16 400 63 16 401 53 112 402 57 112 403 69 112 404 50 2 408 63 2 409 64 2 410</p>
        </triangles>
        <triangles material="Plaster-material" count="24">
          <input semantic="VERTEX" source="#Barra-mesh-vertices" offset="0"/>
          <input semantic="NORMAL" source="#Barra-mesh-normals" offset="1"/>
          <input semantic="TEXCOORD" source="#Barra-mesh-map-0" offset="2" set="0"/>
          <p>18 7 21 21 7 22 19 7 23 23 8 24 17 8 25 22 8 26 16 16 51 19 16 52 17 16 53 20 19 60 33 19 61 21 19 62 23 21 66 34 21 67 35 21 68 44 32 99 33 32 100 32 32 101 46 35 108 35 35 109 34 35 110 44 38 117 57 38 118 45 38 119 56 16 126 69 16 127 57 16 128 46 41 132 59 41 133 47 41 134 71 51 162 69 51 163 68 51 164 58 52 168 71 52 169 59 52 170 18 61 219 20 61 220 21 61 221 23 5 222 16 5 223 17 5 224 16 16 261 18 16 262 19 16 263 20 76 270 32 76 271 33 76 272 23 78 276 22 78 277 34 78 278 44 89 309 45 89 310 33 89 311 46 92 318 47 92 319 35 92 320 44 94 327 56 94 328 57 94 329 56 16 336 68 16 337 69 16 338 46 97 342 58 97 343 59 97 344 71 51 384 70 51 385 69 51 386 58 52 390 70 52 391 71 52 392</p>
        </triangles>
      </mesh>
    </geometry>
  </library_geometries>
  <library_visual_scenes>
    <visual_scene id="Scene" name="Scene">
      <node id="Railing_01" name="Railing_01" type="NODE">
        <matrix sid="transform">-4.37114e-8 -1 0 -6.200362 1 -4.37114e-8 0 6.539244 0 0 1 0.500086 0 0 0 1</matrix>
        <instance_geometry url="#Railing_01-mesh" name="Railing_01">
          <bind_material>
            <technique_common>
              <instance_material symbol="Metal_01-material" target="#Metal_01-material">
                <bind_vertex_input semantic="UVMap" input_semantic="TEXCOORD" input_set="0"/>
              </instance_material>
            </technique_common>
          </bind_material>
        </instance_geometry>
      </node>
      <node id="Railing" name="Railing" type="NODE">
        <matrix sid="transform">1 0 0 4.811264 0 1 0 -1.464786 0 0 1 0.500086 0 0 0 1</matrix>
        <instance_geometry url="#Railing-mesh" name="Railing">
          <bind_material>
            <technique_common>
              <instance_material symbol="Metal_01-material" target="#Metal_01-material">
                <bind_vertex_input semantic="UVMap" input_semantic="TEXCOORD" input_set="0"/>
              </instance_material>
            </technique_common>
          </bind_material>
        </instance_geometry>
      </node>
      <node id="Stairs_01" name="Stairs_01" type="NODE">
        <matrix sid="transform">4.37114e-8 -1 0 -5.995653 1 4.37114e-8 0 6.226875 0 0 1 -0.2304885 0 0 0 1</matrix>
        <instance_geometry url="#Stairs_01-mesh" name="Stairs_01">
          <bind_material>
            <technique_common>
              <instance_material symbol="ConcreteBare-material" target="#ConcreteBare-material">
                <bind_vertex_input semantic="UVMap" input_semantic="TEXCOORD" input_set="0"/>
              </instance_material>
            </technique_common>
          </bind_material>
        </instance_geometry>
      </node>
      <node id="Door_Frame_01" name="Door_Frame_01" type="NODE">
        <matrix sid="transform">-4.37114e-8 -0.9870978 0 -6.412815 1 -4.31474e-8 0 5.422492 0 0 1 1.549618 0 0 0 1</matrix>
        <instance_geometry url="#Door_Frame_01-mesh" name="Door_Frame_01">
          <bind_material>
            <technique_common>
              <instance_material symbol="Metal_01-material" target="#Metal_01-material">
                <bind_vertex_input semantic="UVMap" input_semantic="TEXCOORD" input_set="0"/>
              </instance_material>
            </technique_common>
          </bind_material>
        </instance_geometry>
      </node>
      <node id="Sign" name="Sign" type="NODE">
        <matrix sid="transform">1 0 0 -2.182337 0 1 0 -1.616218 0 0 1 4.33506 0 0 0 1</matrix>
        <instance_geometry url="#Sign-mesh" name="Sign">
          <bind_material>
            <technique_common>
              <instance_material symbol="Sign-material" target="#Sign-material">
                <bind_vertex_input semantic="UVMap" input_semantic="TEXCOORD" input_set="0"/>
              </instance_material>
              <instance_material symbol="Rooftiles-material" target="#Rooftiles-material">
                <bind_vertex_input semantic="UVMap" input_semantic="TEXCOORD" input_set="0"/>
              </instance_material>
            </technique_common>
          </bind_material>
        </instance_geometry>
      </node>
      <node id="Blinds_006" name="Blinds.006" type="NODE">
        <matrix sid="transform">7.29189e-8 -1.324307 -4.22182e-8 1.110258 0 -5.78873e-8 0.9658401 -5.02295 -0.9658401 -9.99824e-8 -3.18739e-15 2.602875 0 0 0 1</matrix>
        <instance_geometry url="#Blinds_006-mesh" name="Blinds.006">
          <bind_material>
            <technique_common>
              <instance_material symbol="Blinds-material" target="#Blinds-material">
                <bind_vertex_input semantic="UVMap" input_semantic="TEXCOORD" input_set="0"/>
              </instance_material>
            </technique_common>
          </bind_material>
        </instance_geometry>
      </node>
      <node id="Blinds_005" name="Blinds.005" type="NODE">
        <matrix sid="transform">7.29189e-8 -1.324307 -4.22182e-8 -1.421165 0 -5.78873e-8 0.9658401 -5.02295 -0.9658401 -9.99824e-8 -3.18739e-15 2.602875 0 0 0 1</matrix>
        <instance_geometry url="#Blinds_005-mesh" name="Blinds.005">
          <bind_material>
            <technique_common>
              <instance_material symbol="Blinds-material" target="#Blinds-material">
                <bind_vertex_input semantic="UVMap" input_semantic="TEXCOORD" input_set="0"/>
              </instance_material>
            </technique_common>
          </bind_material>
        </instance_geometry>
      </node>
      <node id="Blinds_004" name="Blinds.004" type="NODE">
        <matrix sid="transform">7.29189e-8 -1.324307 -4.22182e-8 -3.976363 0 -5.78873e-8 0.9658401 -5.02295 -0.9658401 -9.99824e-8 -3.18739e-15 2.602875 0 0 0 1</matrix>
        <instance_geometry url="#Blinds_004-mesh" name="Blinds.004">
          <bind_material>
            <technique_common>
              <instance_material symbol="Blinds-material" target="#Blinds-material">
                <bind_vertex_input semantic="UVMap" input_semantic="TEXCOORD" input_set="0"/>
              </instance_material>
            </technique_common>
          </bind_material>
        </instance_geometry>
      </node>
      <node id="Blinds_003" name="Blinds.003" type="NODE">
        <matrix sid="transform">7.29189e-8 -1.121001 -4.22182e-8 -6.357453 0 -4.90005e-8 0.9658401 -5.02295 -0.9658401 -8.46332e-8 -3.18739e-15 2.602875 0 0 0 1</matrix>
        <instance_geometry url="#Blinds_003-mesh" name="Blinds.003">
          <bind_material>
            <technique_common>
              <instance_material symbol="Blinds-material" target="#Blinds-material">
                <bind_vertex_input semantic="UVMap" input_semantic="TEXCOORD" input_set="0"/>
              </instance_material>
            </technique_common>
          </bind_material>
        </instance_geometry>
      </node>
      <node id="Blinds_002" name="Blinds.002" type="NODE">
        <matrix sid="transform">7.29189e-8 0 0.9658401 -8.04623 0 1.121001 0 -3.215183 -0.9658401 0 7.29189e-8 2.602875 0 0 0 1</matrix>
        <instance_geometry url="#Blinds_002-mesh" name="Blinds.002">
          <bind_material>
            <technique_common>
              <instance_material symbol="Blinds-material" target="#Blinds-material">
                <bind_vertex_input semantic="UVMap" input_semantic="TEXCOORD" input_set="0"/>
              </instance_material>
            </technique_common>
          </bind_material>
        </instance_geometry>
      </node>
      <node id="Blinds_001" name="Blinds.001" type="NODE">
        <matrix sid="transform">7.29189e-8 0 0.9658401 3.739371 0 1.121001 0 0.5614651 -0.9658401 0 7.29189e-8 2.602875 0 0 0 1</matrix>
        <instance_geometry url="#Blinds_001-mesh" name="Blinds.001">
          <bind_material>
            <technique_common>
              <instance_material symbol="Blinds-material" target="#Blinds-material">
                <bind_vertex_input semantic="UVMap" input_semantic="TEXCOORD" input_set="0"/>
              </instance_material>
            </technique_common>
          </bind_material>
        </instance_geometry>
      </node>
      <node id="Blinds" name="Blinds" type="NODE">
        <matrix sid="transform">1.28434e-8 0 0.9658401 3.739371 0 1.121001 0 -3.240423 -0.1701165 0 7.29189e-8 2.602875 0 0 0 1</matrix>
        <instance_geometry url="#Blinds-mesh" name="Blinds">
          <bind_material>
            <technique_common>
              <instance_material symbol="Blinds-material" target="#Blinds-material">
                <bind_vertex_input semantic="UVMap" input_semantic="TEXCOORD" input_set="0"/>
              </instance_material>
            </technique_common>
          </bind_material>
        </instance_geometry>
      </node>
      <node id="Glass_06" name="Glass_06" type="NODE">
        <matrix sid="transform">-4.37114e-8 -1 0 0.9831705 1 -4.37114e-8 0 -4.974948 0 0 1 1.912929 0 0 0 1</matrix>
        <instance_geometry url="#Glass_06-mesh" name="Glass_06">
          <bind_material>
            <technique_common>
              <instance_material symbol="Metal_01-material" target="#Metal_01-material">
                <bind_vertex_input semantic="UVMap" input_semantic="TEXCOORD" input_set="0"/>
              </instance_material>
              <instance_material symbol="Glass-material" target="#Glass-material">
                <bind_vertex_input semantic="UVMap" input_semantic="TEXCOORD" input_set="0"/>
              </instance_material>
            </technique_common>
          </bind_material>
        </instance_geometry>
      </node>
      <node id="Glass_05" name="Glass_05" type="NODE">
        <matrix sid="transform">-4.37114e-8 -1 0 -1.553662 1 -4.37114e-8 0 -4.974948 0 0 1 1.912929 0 0 0 1</matrix>
        <instance_geometry url="#Glass_05-mesh" name="Glass_05">
          <bind_material>
            <technique_common>
              <instance_material symbol="Metal_01-material" target="#Metal_01-material">
                <bind_vertex_input semantic="UVMap" input_semantic="TEXCOORD" input_set="0"/>
              </instance_material>
              <instance_material symbol="Glass-material" target="#Glass-material">
                <bind_vertex_input semantic="UVMap" input_semantic="TEXCOORD" input_set="0"/>
              </instance_material>
            </technique_common>
          </bind_material>
        </instance_geometry>
      </node>
      <node id="Glass_04" name="Glass_04" type="NODE">
        <matrix sid="transform">-4.37114e-8 -1 0 -4.092738 1 -4.37114e-8 0 -4.974948 0 0 1 1.912929 0 0 0 1</matrix>
        <instance_geometry url="#Glass_04-mesh" name="Glass_04">
          <bind_material>
            <technique_common>
              <instance_material symbol="Metal_01-material" target="#Metal_01-material">
                <bind_vertex_input semantic="UVMap" input_semantic="TEXCOORD" input_set="0"/>
              </instance_material>
              <instance_material symbol="Glass-material" target="#Glass-material">
                <bind_vertex_input semantic="UVMap" input_semantic="TEXCOORD" input_set="0"/>
              </instance_material>
            </technique_common>
          </bind_material>
        </instance_geometry>
      </node>
      <node id="Glass_03" name="Glass_03" type="NODE">
        <matrix sid="transform">-4.37114e-8 -1 0 -6.360732 1 -4.37114e-8 0 -4.974948 0 0 1 1.912929 0 0 0 1</matrix>
        <instance_geometry url="#Glass_03-mesh" name="Glass_03">
          <bind_material>
            <technique_common>
              <instance_material symbol="Metal_01-material" target="#Metal_01-material">
                <bind_vertex_input semantic="UVMap" input_semantic="TEXCOORD" input_set="0"/>
              </instance_material>
              <instance_material symbol="Glass-material" target="#Glass-material">
                <bind_vertex_input semantic="UVMap" input_semantic="TEXCOORD" input_set="0"/>
              </instance_material>
            </technique_common>
          </bind_material>
        </instance_geometry>
      </node>
      <node id="Glass_02" name="Glass_02" type="NODE">
        <matrix sid="transform">1 0 0 -8.008205 0 1 0 -3.225184 0 0 1 1.912929 0 0 0 1</matrix>
        <instance_geometry url="#Glass_02-mesh" name="Glass_02">
          <bind_material>
            <technique_common>
              <instance_material symbol="Metal_01-material" target="#Metal_01-material">
                <bind_vertex_input semantic="UVMap" input_semantic="TEXCOORD" input_set="0"/>
              </instance_material>
              <instance_material symbol="Glass-material" target="#Glass-material">
                <bind_vertex_input semantic="UVMap" input_semantic="TEXCOORD" input_set="0"/>
              </instance_material>
            </technique_common>
          </bind_material>
        </instance_geometry>
      </node>
      <node id="Glass_01" name="Glass_01" type="NODE">
        <matrix sid="transform">1 0 0 3.65941 0 1 0 0.5321011 0 0 1 1.912929 0 0 0 1</matrix>
        <instance_geometry url="#Glass_01-mesh" name="Glass_01">
          <bind_material>
            <technique_common>
              <instance_material symbol="Metal_01-material" target="#Metal_01-material">
                <bind_vertex_input semantic="UVMap" input_semantic="TEXCOORD" input_set="0"/>
              </instance_material>
              <instance_material symbol="Glass-material" target="#Glass-material">
                <bind_vertex_input semantic="UVMap" input_semantic="TEXCOORD" input_set="0"/>
              </instance_material>
            </technique_common>
          </bind_material>
        </instance_geometry>
      </node>
      <node id="Glass" name="Glass" type="NODE">
        <matrix sid="transform">1 0 0 3.65941 0 1 0 -3.225184 0 0 1 1.912929 0 0 0 1</matrix>
        <instance_geometry url="#Glass-mesh" name="Glass">
          <bind_material>
            <technique_common>
              <instance_material symbol="Metal_01-material" target="#Metal_01-material">
                <bind_vertex_input semantic="UVMap" input_semantic="TEXCOORD" input_set="0"/>
              </instance_material>
              <instance_material symbol="Glass-material" target="#Glass-material">
                <bind_vertex_input semantic="UVMap" input_semantic="TEXCOORD" input_set="0"/>
              </instance_material>
            </technique_common>
          </bind_material>
        </instance_geometry>
      </node>
      <node id="DoorsMetal_001" name="DoorsMetal.001" type="NODE">
        <matrix sid="transform">1 0 0 3.723395 0 1 0 -0.7082664 0 0 1 1.480993 0 0 0 1</matrix>
        <instance_geometry url="#DoorsMetal_001-mesh" name="DoorsMetal.001">
          <bind_material>
            <technique_common>
              <instance_material symbol="DoorsMetal-material" target="#DoorsMetal-material">
                <bind_vertex_input semantic="UVMap" input_semantic="TEXCOORD" input_set="0"/>
              </instance_material>
              <instance_material symbol="Glass-material" target="#Glass-material">
                <bind_vertex_input semantic="UVMap" input_semantic="TEXCOORD" input_set="0"/>
              </instance_material>
            </technique_common>
          </bind_material>
        </instance_geometry>
      </node>
      <node id="Door_Frame_02" name="Door_Frame_02" type="NODE">
        <matrix sid="transform">-4.37114e-8 -0.9870978 0 2.066915 1 -4.31474e-8 0 1.523154 0 0 1 1.549618 0 0 0 1</matrix>
        <instance_geometry url="#Door_Frame_02-mesh" name="Door_Frame_02">
          <bind_material>
            <technique_common>
              <instance_material symbol="Metal_01-material" target="#Metal_01-material">
                <bind_vertex_input semantic="UVMap" input_semantic="TEXCOORD" input_set="0"/>
              </instance_material>
            </technique_common>
          </bind_material>
        </instance_geometry>
      </node>
      <node id="Wood" name="Wood" type="NODE">
        <matrix sid="transform">0.5546683 0 0 2.947578 0 0.5546683 0 -4.230186 0 0 0.5546683 0.5475385 0 0 0 1</matrix>
        <instance_geometry url="#Wood-mesh" name="Wood">
          <bind_material>
            <technique_common>
              <instance_material symbol="Plaster-material" target="#Plaster-material">
                <bind_vertex_input semantic="UVMap" input_semantic="TEXCOORD" input_set="0"/>
              </instance_material>
              <instance_material symbol="Wood-material" target="#Wood-material">
                <bind_vertex_input semantic="UVMap" input_semantic="TEXCOORD" input_set="0"/>
              </instance_material>
            </technique_common>
          </bind_material>
        </instance_geometry>
      </node>
      <node id="Door_Frame_03" name="Door_Frame_03" type="NODE">
        <matrix sid="transform">-4.37114e-8 -0.9870978 0 -1.764563 1 -4.31474e-8 0 1.523154 0 0 1 1.549618 0 0 0 1</matrix>
        <instance_geometry url="#Door_Frame_03-mesh" name="Door_Frame_03">
          <bind_material>
            <technique_common>
              <instance_material symbol="Metal_01-material" target="#Metal_01-material">
                <bind_vertex_input semantic="UVMap" input_semantic="TEXCOORD" input_set="0"/>
              </instance_material>
            </technique_common>
          </bind_material>
        </instance_geometry>
      </node>
      <node id="Barra_01" name="Barra_01" type="NODE">
        <matrix sid="transform">-4.37114e-8 -1 0 -4.045038 1 -4.37114e-8 0 0.9058008 0 0 1 0.2014073 0 0 0 1</matrix>
        <instance_geometry url="#Barra_01-mesh" name="Barra_01">
          <bind_material>
            <technique_common>
              <instance_material symbol="Wood-material" target="#Wood-material">
                <bind_vertex_input semantic="UVMap" input_semantic="TEXCOORD" input_set="0"/>
              </instance_material>
              <instance_material symbol="Metal_01-material" target="#Metal_01-material">
                <bind_vertex_input semantic="UVMap" input_semantic="TEXCOORD" input_set="0"/>
              </instance_material>
              <instance_material symbol="Plaster-material" target="#Plaster-material">
                <bind_vertex_input semantic="UVMap" input_semantic="TEXCOORD" input_set="0"/>
              </instance_material>
            </technique_common>
          </bind_material>
        </instance_geometry>
      </node>
      <node id="Stairs" name="Stairs" type="NODE">
        <matrix sid="transform">1 0 0 4.540673 0 1 0 -1.675185 0 0 1 -0.2304885 0 0 0 1</matrix>
        <instance_geometry url="#Stairs-mesh" name="Stairs">
          <bind_material>
            <technique_common>
              <instance_material symbol="ConcreteBare-material" target="#ConcreteBare-material">
                <bind_vertex_input semantic="UVMap" input_semantic="TEXCOORD" input_set="0"/>
              </instance_material>
            </technique_common>
          </bind_material>
        </instance_geometry>
      </node>
      <node id="Windows_Frame_06" name="Windows_Frame_06" type="NODE">
        <matrix sid="transform">1 0 0 3.664938 0 1 0 0.5810276 0 0 1 1.912929 0 0 0 1</matrix>
        <instance_geometry url="#Windows_Frame_06-mesh" name="Windows_Frame_06">
          <bind_material>
            <technique_common>
              <instance_material symbol="Metal_01-material" target="#Metal_01-material">
                <bind_vertex_input semantic="UVMap" input_semantic="TEXCOORD" input_set="0"/>
              </instance_material>
            </technique_common>
          </bind_material>
        </instance_geometry>
      </node>
      <node id="Floor" name="Floor" type="NODE">
        <matrix sid="transform">1 0 0 -2.153037 0 1 0 0.1913457 0 0 1 -1.89543e-5 0 0 0 1</matrix>
        <instance_geometry url="#Floor-mesh" name="Floor">
          <bind_material>
            <technique_common>
              <instance_material symbol="Carpet-material" target="#Carpet-material">
                <bind_vertex_input semantic="UVMap" input_semantic="TEXCOORD" input_set="0"/>
              </instance_material>
              <instance_material symbol="Tiles-material" target="#Tiles-material">
                <bind_vertex_input semantic="UVMap" input_semantic="TEXCOORD" input_set="0"/>
              </instance_material>
              <instance_material symbol="Metal_01-material" target="#Metal_01-material">
                <bind_vertex_input semantic="UVMap" input_semantic="TEXCOORD" input_set="0"/>
              </instance_material>
            </technique_common>
          </bind_material>
        </instance_geometry>
      </node>
      <node id="Ceiling" name="Ceiling" type="NODE">
        <matrix sid="transform">1 0 0 -2.163878 0 1 0 0.1940932 0 0 1 2.880239 0 0 0 1</matrix>
        <instance_geometry url="#Ceiling-mesh" name="Ceiling">
          <bind_material>
            <technique_common>
              <instance_material symbol="Metal-material" target="#Metal-material">
                <bind_vertex_input semantic="UVMap" input_semantic="TEXCOORD" input_set="0"/>
              </instance_material>
              <instance_material symbol="Metal_01-material" target="#Metal_01-material">
                <bind_vertex_input semantic="UVMap" input_semantic="TEXCOORD" input_set="0"/>
              </instance_material>
              <instance_material symbol="Plaster-material" target="#Plaster-material">
                <bind_vertex_input semantic="UVMap" input_semantic="TEXCOORD" input_set="0"/>
              </instance_material>
              <instance_material symbol="MetalRollup-material" target="#MetalRollup-material">
                <bind_vertex_input semantic="UVMap" input_semantic="TEXCOORD" input_set="0"/>
              </instance_material>
              <instance_material symbol="Office_Ceiling-material" target="#Office_Ceiling-material">
                <bind_vertex_input semantic="UVMap" input_semantic="TEXCOORD" input_set="0"/>
              </instance_material>
            </technique_common>
          </bind_material>
        </instance_geometry>
      </node>
      <node id="Door_Frame" name="Door_Frame" type="NODE">
        <matrix sid="transform">1 0 0 3.680095 0 0.9870978 0 -1.28809 0 0 1 1.549618 0 0 0 1</matrix>
        <instance_geometry url="#Door_Frame-mesh" name="Door_Frame">
          <bind_material>
            <technique_common>
              <instance_material symbol="Metal_01-material" target="#Metal_01-material">
                <bind_vertex_input semantic="UVMap" input_semantic="TEXCOORD" input_set="0"/>
              </instance_material>
            </technique_common>
          </bind_material>
        </instance_geometry>
      </node>
      <node id="Windows_Frame_05" name="Windows_Frame_05" type="NODE">
        <matrix sid="transform">-4.37114e-8 -1 0 -6.478138 1 -4.37114e-8 0 -4.967449 0 0 1 1.912929 0 0 0 1</matrix>
        <instance_geometry url="#Windows_Frame_05-mesh" name="Windows_Frame_05">
          <bind_material>
            <technique_common>
              <instance_material symbol="Metal_01-material" target="#Metal_01-material">
                <bind_vertex_input semantic="UVMap" input_semantic="TEXCOORD" input_set="0"/>
              </instance_material>
            </technique_common>
          </bind_material>
        </instance_geometry>
      </node>
      <node id="Windows_Frame_04" name="Windows_Frame_04" type="NODE">
        <matrix sid="transform">-4.37114e-8 -1 0 -3.970892 1 -4.37114e-8 0 -4.967449 0 0 1 1.912929 0 0 0 1</matrix>
        <instance_geometry url="#Windows_Frame_04-mesh" name="Windows_Frame_04">
          <bind_material>
            <technique_common>
              <instance_material symbol="Metal_01-material" target="#Metal_01-material">
                <bind_vertex_input semantic="UVMap" input_semantic="TEXCOORD" input_set="0"/>
              </instance_material>
            </technique_common>
          </bind_material>
        </instance_geometry>
      </node>
      <node id="Windows_Frame_03" name="Windows_Frame_03" type="NODE">
        <matrix sid="transform">-4.37114e-8 -1 0 -1.433822 1 -4.37114e-8 0 -4.967449 0 0 1 1.912929 0 0 0 1</matrix>
        <instance_geometry url="#Windows_Frame_03-mesh" name="Windows_Frame_03">
          <bind_material>
            <technique_common>
              <instance_material symbol="Metal_01-material" target="#Metal_01-material">
                <bind_vertex_input semantic="UVMap" input_semantic="TEXCOORD" input_set="0"/>
              </instance_material>
            </technique_common>
          </bind_material>
        </instance_geometry>
      </node>
      <node id="Windows_Frame_02" name="Windows_Frame_02" type="NODE">
        <matrix sid="transform">-4.37114e-8 -1 0 1.101223 1 -4.37114e-8 0 -4.967449 0 0 1 1.912929 0 0 0 1</matrix>
        <instance_geometry url="#Windows_Frame_02-mesh" name="Windows_Frame_02">
          <bind_material>
            <technique_common>
              <instance_material symbol="Metal_01-material" target="#Metal_01-material">
                <bind_vertex_input semantic="UVMap" input_semantic="TEXCOORD" input_set="0"/>
              </instance_material>
            </technique_common>
          </bind_material>
        </instance_geometry>
      </node>
      <node id="Windows_Frame_01" name="Windows_Frame_01" type="NODE">
        <matrix sid="transform">1 0 0 3.664938 0 1 0 -3.225294 0 0 1 1.912929 0 0 0 1</matrix>
        <instance_geometry url="#Windows_Frame_01-mesh" name="Windows_Frame_01">
          <bind_material>
            <technique_common>
              <instance_material symbol="Metal_01-material" target="#Metal_01-material">
                <bind_vertex_input semantic="UVMap" input_semantic="TEXCOORD" input_set="0"/>
              </instance_material>
            </technique_common>
          </bind_material>
        </instance_geometry>
      </node>
      <node id="Windows_Frame" name="Windows_Frame" type="NODE">
        <matrix sid="transform">1 0 0 -8.005003 0 1 0 -3.225294 0 0 1 1.912929 0 0 0 1</matrix>
        <instance_geometry url="#Windows_Frame-mesh" name="Windows_Frame">
          <bind_material>
            <technique_common>
              <instance_material symbol="Metal_01-material" target="#Metal_01-material">
                <bind_vertex_input semantic="UVMap" input_semantic="TEXCOORD" input_set="0"/>
              </instance_material>
            </technique_common>
          </bind_material>
        </instance_geometry>
      </node>
      <node id="Metal_01" name="Metal_01" type="NODE">
        <matrix sid="transform">1 0 0 -2.161017 0 1 0 0.2258716 0 0 1 1.19433 0 0 0 1</matrix>
        <instance_geometry url="#Metal_01-mesh" name="Metal_01">
          <bind_material>
            <technique_common>
              <instance_material symbol="Metal_01-material" target="#Metal_01-material">
                <bind_vertex_input semantic="UVMap" input_semantic="TEXCOORD" input_set="0"/>
              </instance_material>
            </technique_common>
          </bind_material>
        </instance_geometry>
      </node>
      <node id="Establishment" name="Establishment" type="NODE">
        <matrix sid="transform">1 0 0 -2.258347 0 1 0 0.7690954 0 0 1 2.070308 0 0 0 1</matrix>
        <instance_geometry url="#Establishment-mesh" name="Establishment">
          <bind_material>
            <technique_common>
              <instance_material symbol="Metal-material" target="#Metal-material">
                <bind_vertex_input semantic="UVMap" input_semantic="TEXCOORD" input_set="0"/>
              </instance_material>
              <instance_material symbol="Metal_01-material" target="#Metal_01-material">
                <bind_vertex_input semantic="UVMap" input_semantic="TEXCOORD" input_set="0"/>
              </instance_material>
              <instance_material symbol="Plaster-material" target="#Plaster-material">
                <bind_vertex_input semantic="UVMap" input_semantic="TEXCOORD" input_set="0"/>
              </instance_material>
              <instance_material symbol="MetalRollup-material" target="#MetalRollup-material">
                <bind_vertex_input semantic="UVMap" input_semantic="TEXCOORD" input_set="0"/>
              </instance_material>
              <instance_material symbol="Rooftiles-material" target="#Rooftiles-material">
                <bind_vertex_input semantic="UVMap" input_semantic="TEXCOORD" input_set="0"/>
              </instance_material>
              <instance_material symbol="BrickSmallBrown-material" target="#BrickSmallBrown-material">
                <bind_vertex_input semantic="UVMap" input_semantic="TEXCOORD" input_set="0"/>
              </instance_material>
              <instance_material symbol="ConcreteBare-material" target="#ConcreteBare-material">
                <bind_vertex_input semantic="UVMap" input_semantic="TEXCOORD" input_set="0"/>
              </instance_material>
              <instance_material symbol="Plaster_01-material" target="#Plaster_01-material">
                <bind_vertex_input semantic="UVMap" input_semantic="TEXCOORD" input_set="0"/>
              </instance_material>
            </technique_common>
          </bind_material>
        </instance_geometry>
      </node>
      <node id="Barra" name="Barra" type="NODE">
        <matrix sid="transform">-4.37114e-8 -1 0 -4.049244 1 -4.37114e-8 0 -1.212491 0 0 1 0.1874352 0 0 0 1</matrix>
        <instance_geometry url="#Barra-mesh" name="Barra">
          <bind_material>
            <technique_common>
              <instance_material symbol="Wood-material" target="#Wood-material">
                <bind_vertex_input semantic="UVMap" input_semantic="TEXCOORD" input_set="0"/>
              </instance_material>
              <instance_material symbol="Metal_01-material" target="#Metal_01-material">
                <bind_vertex_input semantic="UVMap" input_semantic="TEXCOORD" input_set="0"/>
              </instance_material>
              <instance_material symbol="Plaster-material" target="#Plaster-material">
                <bind_vertex_input semantic="UVMap" input_semantic="TEXCOORD" input_set="0"/>
              </instance_material>
            </technique_common>
          </bind_material>
        </instance_geometry>
      </node>
    </visual_scene>
  </library_visual_scenes>
  <scene>
    <instance_visual_scene url="#Scene"/>
  </scene>
</COLLADA>