<?xml version="1.0" encoding="utf-8"?>
<COLLADA xmlns="http://www.collada.org/2005/11/COLLADASchema" version="1.4.1" xmlns:xsi="http://www.w3.org/2001/XMLSchema-instance">
  <asset>
    <contributor>
      <author>Blender User</author>
      <authoring_tool>Blender 4.0.1 commit date:2023-11-16, commit time:16:40, hash:d0dd92834a08</authoring_tool>
    </contributor>
    <created>2023-11-28T13:26:09</created>
    <modified>2023-11-28T13:26:09</modified>
    <unit name="meter" meter="1"/>
    <up_axis>Z_UP</up_axis>
  </asset>
  <library_effects>
    <effect id="Smoothie_Machine-effect">
      <profile_COMMON>
        <newparam sid="Smoothie_Machine-surface">
          <surface type="2D">
            <init_from>Smoothie_Machine</init_from>
          </surface>
        </newparam>
        <newparam sid="Smoothie_Machine-sampler">
          <sampler2D>
            <source>Smoothie_Machine-surface</source>
          </sampler2D>
        </newparam>
        <technique sid="common">
          <lambert>
            <emission>
              <color sid="emission">0 0 0 1</color>
            </emission>
            <diffuse>
              <texture texture="Smoothie_Machine-sampler" texcoord="UVMap"/>
            </diffuse>
            <index_of_refraction>
              <float sid="ior">1.45</float>
            </index_of_refraction>
          </lambert>
        </technique>
      </profile_COMMON>
    </effect>
  </library_effects>
  <library_images>
    <image id="Smoothie_Machine" name="Smoothie_Machine">
      <init_from>Smoothie_Machine.png</init_from>
    </image>
  </library_images>
  <library_materials>
    <material id="Smoothie_Machine-material" name="Smoothie_Machine">
      <instance_effect url="#Smoothie_Machine-effect"/>
    </material>
  </library_materials>
  <library_geometries>
    <geometry id="Smoothie_Machine-mesh" name="Smoothie_Machine">
      <mesh>
        <source id="Smoothie_Machine-mesh-positions">
          <float_array id="Smoothie_Machine-mesh-positions-array" count="1995">-0.5429143 0.8650206 0.01989144 0.3420763 0.8650206 0.01989144 0.3420763 0.8650206 -0.7681586 -0.5429143 0.8650206 -0.7681586 0.3420763 -0.8585206 0.01989144 -0.5429143 -0.8585206 0.01989144 0.3420763 -0.8585206 -0.7681586 -0.5429143 -0.8585206 -0.7681586 0.3420763 0.8650206 -0.8837528 -0.5429143 0.8650206 -0.8837528 0.3420763 -0.8585206 -0.8837528 -0.5429143 -0.8585206 -0.8837528 0.7033704 -0.8585206 -0.7681586 0.7033704 0.8650206 -0.7681586 0.7033704 -0.8585206 -0.8837528 0.7033704 0.8650206 -0.8837528 -0.5429143 0.003249883 -0.7681586 -0.5429143 0.003249883 0.01989144 0.3420763 0.003249883 0.01989144 0.3420763 0.003249883 -0.7681586 -0.5429143 0.003249883 -0.8837528 0.3420763 0.003249883 -0.8837528 0.7033704 0.003249883 -0.7681586 0.7033704 0.003249883 -0.8837528 -0.5429143 0.8650206 -0.09881299 0.3420763 0.8650206 -0.09881299 -0.5429143 -0.8585206 -0.09881299 0.3420763 -0.8585206 -0.09881299 0.3420763 0.003249883 -0.09881299 -0.5429143 0.003249883 -0.09881299 -0.4232886 -0.3143047 0.1605229 -0.5373827 -0.3882295 0.3389932 -0.4232886 -0.3882295 -0.01794737 -0.5373828 -0.5666997 0.412918 -0.4232886 -0.5666997 -0.09187215 -0.5373827 -0.7451699 0.3389932 -0.4232886 -0.7451699 -0.01794737 -0.5373827 -0.8190948 0.1605229 -0.4232886 -0.8190948 0.1605229 -0.5373827 -0.7451699 -0.01794731 -0.4232886 -0.7451699 0.3389932 -0.5373827 -0.5666997 -0.09187215 -0.4232887 -0.5666997 0.412918 -0.5373827 -0.3882295 -0.01794731 -0.4232886 -0.3882295 0.3389932 -0.5373827 -0.3143047 0.1605229 0.4897747 -0.3458677 0.1605229 0.4606143 -0.3143047 0.1605229 0.4897747 -0.4105479 0.004371106 0.4606143 -0.3882295 -0.01794731 0.4897747 -0.5666997 -0.06030911 0.4606143 -0.5666997 -0.09187215 0.4897747 -0.7228516 0.004371106 0.4606143 -0.7451699 -0.01794731 0.4897747 -0.7875318 0.1605229 0.4606143 -0.8190948 0.1605229 0.4897747 -0.7228516 0.3166748 0.4606143 -0.7451699 0.3389932 0.4897747 -0.5666997 0.381355 0.4606143 -0.5666997 0.412918 0.4897747 -0.4105479 0.3166748 0.4606143 -0.3882295 0.3389932 -0.4232886 -0.3143047 0.01354801 -0.5373827 -0.3143047 0.01354801 -0.4232886 -0.8190948 0.01354801 -0.5373827 -0.8190948 0.01354801 -0.4232886 -0.5666997 -0.1219446 -0.5373827 -0.5666997 -0.1219446 -0.4232886 -0.3882295 -0.1234447 -0.4232886 -0.7451699 -0.1234447 -0.5373827 -0.7451699 -0.1234447 -0.5373827 -0.3882295 -0.1234447 -0.4232886 -0.3143047 -0.1240839 -0.5373827 -0.3143047 -0.1240839 -0.4232886 -0.8190948 -0.1240839 -0.5373827 -0.8190948 -0.1240839 -0.3506373 -0.3062359 0.1605228 0.3392484 -0.3143047 0.1605229 0.3392484 -0.3882295 -0.01794731 -0.3506373 -0.3801608 -0.01794737 -0.3472782 -0.3882295 0.3389932 0.377632 -0.3882295 0.3389932 0.3392484 -0.5666997 -0.09187209 -0.301923 -0.5666997 -0.09187215 0.3392484 -0.7451699 -0.01794731 -0.3506373 -0.7371011 -0.01794737 0.3392484 -0.8190948 0.1605229 -0.3506373 -0.811026 0.1605228 0.377632 -0.7451699 0.3389932 -0.3472782 -0.7451699 0.3389932 0.4150714 -0.5666997 0.412918 -0.3729054 -0.5666997 0.412918 -0.301923 -0.3143047 0.7887825 0.3392484 -0.3143047 0.7887826 -0.3472782 -0.3882295 0.7887825 0.377632 -0.3882295 0.7887826 0.3392484 -0.8190948 0.7887826 -0.301923 -0.8190948 0.7887825 0.377632 -0.7451699 0.7887826 -0.3472782 -0.7451699 0.7887825 0.4150714 -0.5666997 0.7887826 -0.3729053 -0.5666997 0.7887825 -0.321874 -0.2987152 0.7887825 0.3589003 -0.2987152 0.7887826 -0.3700306 -0.377206 0.7887825 0.3996547 -0.377206 0.7887826 0.3589003 -0.8346843 0.7887826 -0.321874 -0.8346843 0.7887825 0.3996547 -0.7561935 0.7887826 -0.3700306 -0.7561935 0.7887825 0.4394066 -0.5666997 0.7887826 -0.3972406 -0.5666997 0.7887825 -0.321874 -0.2987152 0.8609103 0.3589003 -0.2987152 0.8609103 -0.3700306 -0.377206 0.8609103 0.3996547 -0.377206 0.8609103 0.3589003 -0.8346843 0.8609103 -0.321874 -0.8346843 0.8609103 0.3996547 -0.7561935 0.8609103 -0.3700306 -0.7561935 0.8609103 0.4394066 -0.5666997 0.8609103 -0.3972406 -0.5666997 0.8609103 -0.2761888 -0.3344133 0.8609103 0.3138998 -0.3344133 0.8609103 -0.3179305 -0.4024485 0.8609103 0.3492253 -0.4024485 0.8609103 0.3138998 -0.7989861 0.8609103 -0.2761888 -0.7989861 0.8609103 0.3492253 -0.730951 0.8609103 -0.3179305 -0.730951 0.8609103 0.3836818 -0.5666997 0.8609103 -0.3415158 -0.5666997 0.8609103 -0.25685 -0.3755854 0.9447848 -0.2761888 -0.3344133 0.9036127 0.2911671 -0.3755854 0.9447848 0.3138998 -0.3344133 0.9036127 -0.2734795 -0.4024485 0.9447848 -0.3179305 -0.4024485 0.9036127 0.3492253 -0.4024485 0.9036127 0.3052064 -0.4024485 0.9447848 0.3138998 -0.7989861 0.9036127 0.2911671 -0.7578141 0.9447848 -0.25685 -0.7578141 0.9447848 -0.2761888 -0.7989861 0.9036127 0.3052064 -0.730951 0.9447848 0.3492253 -0.730951 0.9036127 -0.3179305 -0.730951 0.9036127 -0.2734795 -0.730951 0.9447848 0.3397379 -0.5666997 0.9447848 0.3836818 -0.5666997 0.9036127 -0.3415158 -0.5666997 0.9036127 -0.2971748 -0.5666997 0.9447848 -0.4232886 0.2484629 0.1605229 -0.5373827 0.1745381 0.3389932 -0.4232886 0.1745381 -0.01794737 -0.5373828 -0.003932118 0.412918 -0.4232886 -0.003932118 -0.09187215 -0.5373827 -0.1824024 0.3389932 -0.4232886 -0.1824024 -0.01794737 -0.5373827 -0.2563272 0.1605229 -0.4232886 -0.2563272 0.1605229 -0.5373827 -0.1824024 -0.01794731 -0.4232886 -0.1824024 0.3389932 -0.5373827 -0.003932118 -0.09187215 -0.4232887 -0.003932118 0.412918 -0.5373827 0.1745381 -0.01794731 -0.4232886 0.1745381 0.3389932 -0.5373827 0.2484629 0.1605229 0.4897747 0.2168999 0.1605229 0.4606143 0.2484629 0.1605229 0.4897747 0.1522197 0.004371106 0.4606143 0.1745381 -0.01794731 0.4897747 -0.003932118 -0.06030911 0.4606143 -0.003932118 -0.09187215 0.4897747 -0.160084 0.004371106 0.4606143 -0.1824024 -0.01794731 0.4897747 -0.2247642 0.1605229 0.4606143 -0.2563272 0.1605229 0.4897747 -0.160084 0.3166748 0.4606143 -0.1824024 0.3389932 0.4897747 -0.003932118 0.381355 0.4606143 -0.003932118 0.412918 0.4897747 0.1522197 0.3166748 0.4606143 0.1745381 0.3389932 -0.4232886 0.2484629 0.01354801 -0.5373827 0.2484629 0.01354801 -0.4232886 -0.2563272 0.01354801 -0.5373827 -0.2563272 0.01354801 -0.4232886 -0.003932118 -0.1219446 -0.5373827 -0.003932118 -0.1219446 -0.4232886 0.1745381 -0.1234447 -0.4232886 -0.1824024 -0.1234447 -0.5373827 -0.1824024 -0.1234447 -0.5373827 0.1745381 -0.1234447 -0.4232886 0.2484629 -0.1240839 -0.5373827 0.2484629 -0.1240839 -0.4232886 -0.2563272 -0.1240839 -0.5373827 -0.2563272 -0.1240839 -0.3506373 0.2565316 0.1605228 0.3392484 0.2484629 0.1605229 0.3392484 0.1745381 -0.01794731 -0.3506373 0.1826068 -0.01794737 -0.3472782 0.1745381 0.3389932 0.377632 0.1745381 0.3389932 0.3392484 -0.003932118 -0.09187209 -0.301923 -0.003932118 -0.09187215 0.3392484 -0.1824024 -0.01794731 -0.3506373 -0.1743336 -0.01794737 0.3392484 -0.2563272 0.1605229 -0.3506373 -0.2482584 0.1605228 0.377632 -0.1824024 0.3389932 -0.3472782 -0.1824024 0.3389932 0.4150714 -0.003932118 0.412918 -0.3729054 -0.003932118 0.412918 -0.301923 0.2484629 0.7887825 0.3392484 0.2484629 0.7887826 -0.3472782 0.1745381 0.7887825 0.377632 0.1745381 0.7887826 0.3392484 -0.2563272 0.7887826 -0.301923 -0.2563272 0.7887825 0.377632 -0.1824024 0.7887826 -0.3472782 -0.1824024 0.7887825 0.4150714 -0.003932118 0.7887826 -0.3729053 -0.003932118 0.7887825 -0.321874 0.2640525 0.7887825 0.3589003 0.2640525 0.7887826 -0.3700306 0.1855615 0.7887825 0.3996547 0.1855615 0.7887826 0.3589003 -0.2719168 0.7887826 -0.321874 -0.2719168 0.7887825 0.3996547 -0.1934258 0.7887826 -0.3700306 -0.1934258 0.7887825 0.4394066 -0.003932118 0.7887826 -0.3972406 -0.003932118 0.7887825 -0.321874 0.2640525 0.8609103 0.3589003 0.2640525 0.8609103 -0.3700306 0.1855615 0.8609103 0.3996547 0.1855615 0.8609103 0.3589003 -0.2719168 0.8609103 -0.321874 -0.2719168 0.8609103 0.3996547 -0.1934258 0.8609103 -0.3700306 -0.1934258 0.8609103 0.4394066 -0.003932118 0.8609103 -0.3972406 -0.003932118 0.8609103 -0.2761888 0.2283543 0.8609103 0.3138998 0.2283543 0.8609103 -0.3179305 0.1603192 0.8609103 0.3492253 0.1603192 0.8609103 0.3138998 -0.2362186 0.8609103 -0.2761888 -0.2362186 0.8609103 0.3492253 -0.1681835 0.8609103 -0.3179305 -0.1681835 0.8609103 0.3836818 -0.003932118 0.8609103 -0.3415158 -0.003932118 0.8609103 -0.25685 0.1871823 0.9447848 -0.2761888 0.2283543 0.9036127 0.2911671 0.1871823 0.9447848 0.3138998 0.2283543 0.9036127 -0.2734795 0.1603192 0.9447848 -0.3179305 0.1603192 0.9036127 0.3492253 0.1603192 0.9036127 0.3052064 0.1603192 0.9447848 0.3138998 -0.2362186 0.9036127 0.2911671 -0.1950466 0.9447848 -0.25685 -0.1950466 0.9447848 -0.2761888 -0.2362186 0.9036127 0.3052064 -0.1681835 0.9447848 0.3492253 -0.1681835 0.9036127 -0.3179305 -0.1681835 0.9036127 -0.2734795 -0.1681835 0.9447848 0.3397379 -0.003932118 0.9447848 0.3836818 -0.003932118 0.9036127 -0.3415158 -0.003932118 0.9036127 -0.2971748 -0.003932118 0.9447848 -0.4232886 0.8112306 0.1605229 -0.5373827 0.7373058 0.3389932 -0.4232886 0.7373058 -0.01794737 -0.5373828 0.5588356 0.412918 -0.4232886 0.5588356 -0.09187215 -0.5373827 0.3803652 0.3389932 -0.4232886 0.3803652 -0.01794737 -0.5373827 0.3064404 0.1605229 -0.4232886 0.3064404 0.1605229 -0.5373827 0.3803652 -0.01794731 -0.4232886 0.3803652 0.3389932 -0.5373827 0.5588356 -0.09187215 -0.4232887 0.5588356 0.412918 -0.5373827 0.7373058 -0.01794731 -0.4232886 0.7373058 0.3389932 -0.5373827 0.8112306 0.1605229 0.4897747 0.7796677 0.1605229 0.4606143 0.8112306 0.1605229 0.4897747 0.7149873 0.004371106 0.4606143 0.7373058 -0.01794731 0.4897747 0.5588356 -0.06030911 0.4606143 0.5588356 -0.09187215 0.4897747 0.4026836 0.004371106 0.4606143 0.3803652 -0.01794731 0.4897747 0.3380034 0.1605229 0.4606143 0.3064404 0.1605229 0.4897747 0.4026836 0.3166748 0.4606143 0.3803652 0.3389932 0.4897747 0.5588356 0.381355 0.4606143 0.5588356 0.412918 0.4897747 0.7149873 0.3166748 0.4606143 0.7373058 0.3389932 -0.4232886 0.8112306 0.01354801 -0.5373827 0.8112306 0.01354801 -0.4232886 0.3064404 0.01354801 -0.5373827 0.3064404 0.01354801 -0.4232886 0.5588356 -0.1219446 -0.5373827 0.5588356 -0.1219446 -0.4232886 0.7373058 -0.1234447 -0.4232886 0.3803652 -0.1234447 -0.5373827 0.3803652 -0.1234447 -0.5373827 0.7373058 -0.1234447 -0.4232886 0.8112306 -0.1240839 -0.5373827 0.8112306 -0.1240839 -0.4232886 0.3064404 -0.1240839 -0.5373827 0.3064404 -0.1240839 -0.3506373 0.8192994 0.1605228 0.3392484 0.8112306 0.1605229 0.3392484 0.7373058 -0.01794731 -0.3506373 0.7453746 -0.01794737 -0.3472782 0.7373058 0.3389932 0.377632 0.7373058 0.3389932 0.3392484 0.5588356 -0.09187209 -0.301923 0.5588356 -0.09187215 0.3392484 0.3803652 -0.01794731 -0.3506373 0.3884339 -0.01794737 0.3392484 0.3064404 0.1605229 -0.3506373 0.3145092 0.1605228 0.377632 0.3803652 0.3389932 -0.3472782 0.3803652 0.3389932 0.4150714 0.5588356 0.412918 -0.3729054 0.5588356 0.412918 -0.301923 0.8112306 0.7887825 0.3392484 0.8112306 0.7887826 -0.3472782 0.7373058 0.7887825 0.377632 0.7373058 0.7887826 0.3392484 0.3064404 0.7887826 -0.301923 0.3064404 0.7887825 0.377632 0.3803652 0.7887826 -0.3472782 0.3803652 0.7887825 0.4150714 0.5588356 0.7887826 -0.3729053 0.5588356 0.7887825 -0.321874 0.8268202 0.7887825 0.3589003 0.8268202 0.7887826 -0.3700306 0.7483292 0.7887825 0.3996547 0.7483292 0.7887826 0.3589003 0.2908508 0.7887826 -0.321874 0.2908508 0.7887825 0.3996547 0.3693417 0.7887826 -0.3700306 0.3693417 0.7887825 0.4394066 0.5588356 0.7887826 -0.3972406 0.5588356 0.7887825 -0.321874 0.8268202 0.8609103 0.3589003 0.8268202 0.8609103 -0.3700306 0.7483292 0.8609103 0.3996547 0.7483292 0.8609103 0.3589003 0.2908508 0.8609103 -0.321874 0.2908508 0.8609103 0.3996547 0.3693417 0.8609103 -0.3700306 0.3693417 0.8609103 0.4394066 0.5588356 0.8609103 -0.3972406 0.5588356 0.8609103 -0.2761888 0.791122 0.8609103 0.3138998 0.791122 0.8609103 -0.3179305 0.7230869 0.8609103 0.3492253 0.7230869 0.8609103 0.3138998 0.326549 0.8609103 -0.2761888 0.326549 0.8609103 0.3492253 0.3945841 0.8609103 -0.3179305 0.3945841 0.8609103 0.3836818 0.5588356 0.8609103 -0.3415158 0.5588356 0.8609103 -0.25685 0.74995 0.9447848 -0.2761888 0.791122 0.9036127 0.2911671 0.74995 0.9447848 0.3138998 0.791122 0.9036127 -0.2734795 0.7230869 0.9447848 -0.3179305 0.7230869 0.9036127 0.3492253 0.7230869 0.9036127 0.3052064 0.7230869 0.9447848 0.3138998 0.326549 0.9036127 0.2911671 0.367721 0.9447848 -0.25685 0.367721 0.9447848 -0.2761888 0.326549 0.9036127 0.3052064 0.3945841 0.9447848 0.3492253 0.3945841 0.9036127 -0.3179305 0.3945841 0.9036127 -0.2734795 0.3945841 0.9447848 0.3397379 0.5588356 0.9447848 0.3836818 0.5588356 0.9036127 -0.3415158 0.5588356 0.9036127 -0.2971748 0.5588356 0.9447848 0.5419272 -0.5213791 -0.08140128 0.5419272 -0.5245532 0.2540242 0.5853484 -0.5529264 -0.08140128 0.5820111 -0.5536758 0.2540242 0.568763 -0.6039711 -0.08140128 0.5667004 -0.6007971 0.2540242 0.5150914 -0.6039711 -0.08140128 0.5171541 -0.6007971 0.2540242 0.498506 -0.5529264 -0.08140128 0.5018435 -0.5536758 0.2540242 0.541927 -0.5039806 -0.1109142 0.6036414 -0.5488187 -0.1109142 0.5800686 -0.6213682 -0.1109142 0.5037855 -0.6213682 -0.1109142 0.4802127 -0.5488187 -0.1109142 0.541927 -0.5254437 -0.1425129 0.5810735 -0.5538853 -0.1425129 0.5661209 -0.5999048 -0.1425129 0.5177332 -0.5999048 -0.1425129 0.5027805 -0.5538853 -0.1425129 0.5361756 -0.5276811 0.1083221 0.5361756 -0.5553896 0.07018452 0.5361756 -0.600223 0.08475178 0.5361756 -0.600223 0.1318924 0.5361756 -0.5553896 0.1464596 0.487872 -0.5553896 0.07018452 0.487872 -0.5276811 0.1083221 0.487872 -0.600223 0.08475178 0.487872 -0.600223 0.1318924 0.487872 -0.5553896 0.1464596 0.5419272 -0.5229661 0.06346964 0.5836797 -0.5533011 0.06346964 0.5677317 -0.6023841 0.06346964 0.5161228 -0.6023841 0.06346964 0.5001747 -0.5533011 0.06346964 0.593205 -0.5468277 0.1484584 0.5910392 -0.5483711 0.05296581 0.593205 -0.5865681 0.1484584 0.5910392 -0.5850247 0.05296581 0.5773373 -0.5471872 0.1492841 0.577381 -0.5476605 0.07593667 0.5773373 -0.5862087 0.1492841 0.577381 -0.5857353 0.07593667 0.629014 -0.5850696 0.3272472 0.629014 -0.5483262 0.3272472 0.612171 -0.5856316 0.3280102 0.612171 -0.5477641 0.3280102 0.6281052 -0.6207168 0.359242 0.6281052 -0.5126791 0.359242 0.6129714 -0.6207145 0.3592419 0.6129714 -0.5126813 0.3592419 0.6280415 -0.6206327 0.4124791 0.6280413 -0.6016552 0.425958 0.6280413 -0.5317406 0.425958 0.6280415 -0.5127631 0.4124791 0.6130371 -0.6016552 0.425958 0.6130369 -0.6206327 0.4124791 0.6130369 -0.5127631 0.4124791 0.6130371 -0.5317406 0.425958 0.5813459 -0.6121961 0.106064 0.5914191 -0.6121961 0.1161373 0.5813459 -0.5262009 0.106064 0.5914191 -0.5262009 0.1161373 0.5914191 -0.6121961 0.09599077 0.6014923 -0.6121961 0.106064 0.5914191 -0.5262009 0.09599077 0.6014923 -0.5262009 0.106064 0.591419 -0.5174031 0.123025 0.5744583 -0.5174031 0.1060642 0.591419 -0.5174031 0.08910334 0.6083797 -0.5174031 0.1060642 0.5589757 -0.5952163 0.09171336 0.5589757 -0.5952163 0.1204147 0.5589757 -0.5371367 0.09171336 0.5589757 -0.5371367 0.1204147 0.6036277 -0.5952163 0.09171336 0.6036277 -0.5952163 0.1204147 0.6036277 -0.5371367 0.09171336 0.6036277 -0.5371367 0.1204147 0.5419272 0.03857648 -0.08140128 0.5419272 0.03540229 0.2540242 0.5853484 0.007029175 -0.08140128 0.5820111 0.006279706 0.2540242 0.568763 -0.04401546 -0.08140128 0.5667004 -0.04084151 0.2540242 0.5150914 -0.04401546 -0.08140128 0.5171541 -0.04084151 0.2540242 0.498506 0.007029175 -0.08140128 0.5018435 0.006279706 0.2540242 0.541927 0.0559749 -0.1109142 0.6036414 0.01113682 -0.1109142 0.5800686 -0.06141263 -0.1109142 0.5037855 -0.06141263 -0.1109142 0.4802127 0.01113682 -0.1109142 0.541927 0.0345118 -0.1425129 0.5810735 0.006070196 -0.1425129 0.5661209 -0.03994917 -0.1425129 0.5177332 -0.03994917 -0.1425129 0.5027805 0.006070196 -0.1425129 0.5361756 0.03227442 0.1083221 0.5361756 0.004565894 0.07018452 0.5361756 -0.0402674 0.08475178 0.5361756 -0.0402674 0.1318924 0.5361756 0.004565894 0.1464596 0.487872 0.004565894 0.07018452 0.487872 0.03227442 0.1083221 0.487872 -0.0402674 0.08475178 0.487872 -0.0402674 0.1318924 0.487872 0.004565894 0.1464596 0.5419272 0.03698939 0.06346964 0.5836797 0.006654441 0.06346964 0.5677317 -0.04242849 0.06346964 0.5161228 -0.04242849 0.06346964 0.5001747 0.006654441 0.06346964 0.593205 0.0131278 0.1484584 0.5910392 0.0115844 0.05296581 0.593205 -0.02661252 0.1484584 0.5910392 -0.02506905 0.05296581 0.5773373 0.01276832 0.1492841 0.577381 0.01229494 0.07593667 0.5773373 -0.02625304 0.1492841 0.577381 -0.02577966 0.07593667 0.629014 -0.02511405 0.3272472 0.629014 0.01162934 0.3272472 0.612171 -0.02567607 0.3280102 0.612171 0.01219135 0.3280102 0.6281052 -0.06076115 0.359242 0.6281052 0.04727643 0.359242 0.6129714 -0.06075888 0.3592419 0.6129714 0.04727423 0.3592419 0.6280415 -0.06067711 0.4124791 0.6280413 -0.04169958 0.425958 0.6280413 0.02821487 0.425958 0.6280415 0.04719245 0.4124791 0.6130371 -0.04169958 0.425958 0.6130369 -0.06067711 0.4124791 0.6130369 0.04719245 0.4124791 0.6130371 0.02821487 0.425958 0.5813459 -0.05224049 0.106064 0.5914191 -0.05224049 0.1161373 0.5813459 0.03375464 0.106064 0.5914191 0.03375464 0.1161373 0.5914191 -0.05224049 0.09599077 0.6014923 -0.05224049 0.106064 0.5914191 0.03375464 0.09599077 0.6014923 0.03375464 0.106064 0.591419 0.04255247 0.123025 0.5744583 0.04255247 0.1060642 0.591419 0.04255247 0.08910334 0.6083797 0.04255247 0.1060642 0.5589757 -0.03526067 0.09171336 0.5589757 -0.03526067 0.1204147 0.5589757 0.02281874 0.09171336 0.5589757 0.02281874 0.1204147 0.6036277 -0.03526067 0.09171336 0.6036277 -0.03526067 0.1204147 0.6036277 0.02281874 0.09171336 0.6036277 0.02281874 0.1204147 0.5419272 0.6019892 -0.08140128 0.5419272 0.598815 0.2540242 0.5853484 0.5704419 -0.08140128 0.5820111 0.5696924 0.2540242 0.568763 0.5193972 -0.08140128 0.5667004 0.5225712 0.2540242 0.5150914 0.5193972 -0.08140128 0.5171541 0.5225712 0.2540242 0.498506 0.5704419 -0.08140128 0.5018435 0.5696924 0.2540242 0.541927 0.6193877 -0.1109142 0.6036414 0.5745496 -0.1109142 0.5800686 0.502 -0.1109142 0.5037855 0.502 -0.1109142 0.4802127 0.5745496 -0.1109142 0.541927 0.5979245 -0.1425129 0.5810735 0.569483 -0.1425129 0.5661209 0.5234634 -0.1425129 0.5177332 0.5234634 -0.1425129 0.5027805 0.569483 -0.1425129 0.5361756 0.5956872 0.1083221 0.5361756 0.5679787 0.07018452 0.5361756 0.5231453 0.08475178 0.5361756 0.5231453 0.1318924 0.5361756 0.5679787 0.1464596 0.487872 0.5679787 0.07018452 0.487872 0.5956872 0.1083221 0.487872 0.5231453 0.08475178 0.487872 0.5231453 0.1318924 0.487872 0.5679787 0.1464596 0.5419272 0.6004022 0.06346964 0.5836797 0.5700672 0.06346964 0.5677317 0.5209842 0.06346964 0.5161228 0.5209842 0.06346964 0.5001747 0.5700672 0.06346964 0.593205 0.5765405 0.1484584 0.5910392 0.5749971 0.05296581 0.593205 0.5368002 0.1484584 0.5910392 0.5383436 0.05296581 0.5773373 0.5761811 0.1492841 0.577381 0.5757077 0.07593667 0.5773373 0.5371596 0.1492841 0.577381 0.537633 0.07593667 0.629014 0.5382987 0.3272472 0.629014 0.5750421 0.3272472 0.612171 0.5377366 0.3280102 0.612171 0.5756042 0.3280102 0.6281052 0.5026515 0.359242 0.6281052 0.6106892 0.359242 0.6129714 0.5026538 0.3592419 0.6129714 0.610687 0.3592419 0.6280415 0.5027356 0.4124791 0.6280413 0.5217131 0.425958 0.6280413 0.5916277 0.425958 0.6280415 0.6106052 0.4124791 0.6130371 0.5217131 0.425958 0.6130369 0.5027356 0.4124791 0.6130369 0.6106052 0.4124791 0.6130371 0.5916277 0.425958 0.5813459 0.5111722 0.106064 0.5914191 0.5111722 0.1161373 0.5813459 0.5971674 0.106064 0.5914191 0.5971674 0.1161373 0.5914191 0.5111722 0.09599077 0.6014923 0.5111722 0.106064 0.5914191 0.5971674 0.09599077 0.6014923 0.5971674 0.106064 0.591419 0.6059652 0.123025 0.5744583 0.6059652 0.1060642 0.591419 0.6059652 0.08910334 0.6083797 0.6059652 0.1060642 0.5589757 0.5281519 0.09171336 0.5589757 0.5281519 0.1204147 0.5589757 0.5862315 0.09171336 0.5589757 0.5862315 0.1204147 0.6036277 0.5281519 0.09171336 0.6036277 0.5281519 0.1204147 0.6036277 0.5862315 0.09171336 0.6036277 0.5862315 0.1204147 0.225052 -0.8225823 -0.9319678 0.2094723 -0.8381619 -0.8732591 0.225052 -0.7233025 -0.9319678 0.2094723 -0.7077229 -0.8732591 0.3243317 -0.8225823 -0.9319678 0.3399114 -0.8381619 -0.8732591 0.3243317 -0.7233025 -0.9319678 0.3399114 -0.7077229 -0.8732591 -0.3946918 -0.8225823 -0.9319678 -0.3791121 -0.838162 -0.8732591 -0.3946918 -0.7233026 -0.9319678 -0.3791121 -0.7077229 -0.8732591 -0.4939715 -0.8225823 -0.9319678 -0.5095512 -0.838162 -0.8732591 -0.4939715 -0.7233026 -0.9319678 -0.5095512 -0.7077229 -0.8732591 0.225052 0.8225823 -0.9319678 0.2094723 0.8381619 -0.8732591 0.225052 0.7233025 -0.9319678 0.2094723 0.7077229 -0.8732591 0.3243317 0.8225823 -0.9319678 0.3399114 0.8381619 -0.8732591 0.3243317 0.7233025 -0.9319678 0.3399114 0.7077229 -0.8732591 -0.3946918 0.8225823 -0.9319678 -0.3791121 0.838162 -0.8732591 -0.3946918 0.7233026 -0.9319678 -0.3791121 0.7077229 -0.8732591 -0.4939715 0.8225823 -0.9319678 -0.5095512 0.838162 -0.8732591 -0.4939715 0.7233026 -0.9319678 -0.5095512 0.7077229 -0.8732591</float_array>
          <technique_common>
            <accessor source="#Smoothie_Machine-mesh-positions-array" count="665" stride="3">
              <param name="X" type="float"/>
              <param name="Y" type="float"/>
              <param name="Z" type="float"/>
            </accessor>
          </technique_common>
        </source>
        <source id="Smoothie_Machine-mesh-normals">
          <float_array id="Smoothie_Machine-mesh-normals-array" count="2622">0 1 0 0 -1 0 -1 0 0 0 0 1 1 0 0 0 0 -1 0 0.7422217 0.6701545 0.3688517 0.9294883 0 0.06893604 0.9913786 -0.1114297 0 0 -1 0.3688514 -0.6572474 -0.6572477 -0.003159642 -0.7082998 -0.7059047 0.06035608 -0.9916307 -0.1141307 0.3688516 -0.9294884 0 0 -0.7422216 0.6701546 0.368851 -0.6572474 0.6572479 1.39328e-6 1.23559e-7 1 0.3688513 0.6572476 0.6572476 0.3688517 0.6572476 -0.6572474 0.003139138 0.705897 -0.7083076 -1 0 0 -1 0 -1.34381e-7 -0.04807412 0.9930212 0.1076939 0 0.9807853 0.1950903 0.8991192 0.4377039 0 0.8991192 0.3095033 -0.3095033 0.8991191 0 -0.437704 0.3688514 0 -0.9294884 0.8991191 -0.3095036 -0.3095036 0.8991192 -0.437704 1.82922e-7 0.8991187 -0.3095041 0.309504 0.899119 2.04443e-7 0.4377043 0.3688521 1.69257e-7 0.9294881 0.8991189 0.3095037 0.3095037 0 0 1 0 0.7071067 0.7071069 0 0 1 1 0 0 1 0 2.67506e-7 1 0 2.03789e-7 0.00647068 -0.7123685 0.7017759 0 -0.9807854 0.1950904 0.05315071 -0.9933234 0.1023905 0 0.7071068 0.7071068 1 0 2.67506e-7 0 -0.7071066 0.707107 -1 0 0 -1 -1.86833e-7 0 -1 -3.16964e-7 0 -1 1.95924e-7 0 -1 8.6156e-7 0 1 0 2.03789e-7 1 0 0 -1 0 0 -1 -4.3078e-7 0 1 0 0 -1 0 0 -1.49826e-7 0 -1 0 -0.008525431 -0.9999638 0 -0.008525431 -0.9999637 0 0.008525431 -0.9999637 -1.49826e-7 0 -1 0 0.008645474 -0.9999627 0 0.00852549 -0.9999637 0 -0.008645474 -0.9999627 -1 3.16964e-7 0 1 1.3215e-7 2.56807e-7 1 -1.3215e-7 2.56807e-7 -1 1.86833e-7 0 -0.0330919 0.7107377 -0.7026784 3.72775e-4 -0.01233124 -0.999924 -0.0767529 0.6910841 -0.7186876 -9.85934e-5 -0.01396483 -0.9999025 -0.04790651 0.9947645 -0.09026974 0 0 1 -0.9847 -0.1672021 0.04908585 -0.8717797 -0.4898423 0.007399499 -0.9405794 -0.339574 0 -1 0 0 -0.9405793 0.3395741 0 -0.9868316 0.1534655 0.05110621 0.0430836 -0.9935275 -0.1051037 -0.8756949 0.4827818 0.008954763 -0.9884223 0.1299583 0.07830971 0.07971835 -0.7177835 -0.6916877 0.03204077 -0.7025203 -0.7109422 -0.01302576 0.7148486 0.699158 1 0 0 0.9418021 -0.3361679 0 0.9225121 -0.3859686 0 -9.27774e-7 1.3084e-7 -1 0 0 -1 -2.15545e-6 0 -1 -3.988e-6 0 -1 -2.94912e-7 0 -1 0 0 -1 0 -1.36796e-7 -1 0 1.36797e-7 -1 -4.01827e-7 0 -1 0 0 -1 0.9225119 0.3859687 0 0.5192248 0.8546378 0 0.9418021 0.3361681 0 1 0 1.66604e-7 -0.006194174 -0.9999609 -0.00632137 0.006194233 0.9999609 0.006321549 0.519225 -0.8546376 0 -1 0 0 -0.9405792 0.3395744 0 -0.4883894 0.8726259 0 -0.4883894 0.8726259 0 -0.9405794 -0.3395743 -1.64129e-7 -1 0 0 -1 0 0 0.5192247 0.8546378 0 0.9418022 -0.3361676 0 0.5192248 -0.8546378 0 0.5192244 -0.8546379 0 -4.21797e-7 0 -1 4.0165e-7 0 -1 0 -1.3084e-7 -1 0 0 -1 -3.7313e-6 0 -1 1.51781e-7 0 1 7.81328e-7 0 1 6.62193e-7 0 1 -1.52768e-7 0 1 -6.42182e-7 0 1 -3.95299e-7 0 1 -1.84096e-7 0 1 -4.82633e-7 0 1 6.06079e-7 0 1 1 0 0 0.9418023 -0.3361674 0 -0.9405792 0.3395745 0 0.9418022 0.3361677 0 -0.4883897 -0.8726257 -1.73302e-6 -0.4883896 -0.8726257 -1.64231e-6 -0.9405792 -0.3395745 0 1 0 0 -1 2.33602e-7 0 -0.8765468 0.3057174 0.3717563 -0.9405795 0.3395735 0 -0.3935503 0 0.9193031 0.3835381 0.1479821 0.9115919 -0.3924977 0.1598932 0.9057482 -0.9405794 -0.3395742 0 -0.92206 1.64471e-7 0.3870471 0.5192251 0.8546375 0 0.8756062 0.3050272 0.3745294 0.941802 0.336168 0 -6.43691e-7 0 1 2.00005e-7 0 1 -7.92022e-7 0 1 2.30716e-7 0 1 3.58075e-7 0 1 -2.56102e-7 0 1 5.02594e-7 0 1 0.9250453 -1.87567e-7 0.3798571 1 -3.47731e-7 0 0.8756064 -0.305027 0.374529 0.4805088 -0.7956277 0.3689011 0.5192251 -0.8546376 0 -0.4512013 0.8144972 0.3647077 -0.4883897 0.8726257 0 -0.2307271 -0.3899877 0.8914453 0.3835388 -0.1479822 0.9115916 -0.3924974 -0.1598927 0.9057485 -0.4512016 -0.814497 0.3647079 -0.4883896 -0.8726257 0 -0.8765468 -0.3057177 0.371756 -0.2307273 0.3899883 0.891445 0.2392148 0.3801396 0.8934597 0.239215 -0.3801399 0.8934596 0.4079111 0 0.9130218 0.4805091 0.7956274 0.3689013 0 0.7422217 0.6701544 0.3688517 0.9294884 0 0.06893599 0.9913785 -0.1114297 0 0 -1 0.3688517 -0.6572475 -0.6572475 -0.003159701 -0.7082999 -0.7059046 0.06035602 -0.9916307 -0.1141307 0.3688517 -0.9294883 0 0 -0.7422217 0.6701544 0.3688514 -0.6572477 0.6572475 1.39328e-6 0 1 0.3688514 0.6572477 0.6572475 0.3688516 0.6572476 -0.6572474 0.003139138 0.705897 -0.7083076 -1 0 -1.57437e-7 -1 0 0 -1 0 0 -0.04807376 0.9930212 0.1076939 0 0.9807854 0.1950902 0.8991192 0.3095033 -0.3095033 0.8991192 0 -0.437704 0.3688514 0 -0.9294884 0.8991193 -0.3095033 -0.3095034 0.8991192 -0.4377039 0 0.899119 -0.3095037 0.3095037 0.3688522 0 0.9294881 0.8991191 0 0.4377042 0.899119 0.3095037 0.3095037 0.8991192 0.4377039 0 0 0 1 1 0 0 1 0 2.67506e-7 1 0 2.03789e-7 0.00647068 -0.7123686 0.7017758 0 -0.9807854 0.1950903 0.05315113 -0.9933234 0.1023905 0 0.7071068 0.7071068 1 0 2.67506e-7 0 -0.7071068 0.7071068 -1 0 0 -1 -1.86833e-7 0 -1 -3.16964e-7 0 -1 1.95925e-7 0 -1 8.61561e-7 0 1 0 2.03789e-7 1 0 0 -1 -4.3078e-7 0 1 0 0 -1.49826e-7 0 -1 0 -0.008525431 -0.9999637 0 0.008525431 -0.9999637 -1.49826e-7 0 -1 0 0.008645474 -0.9999627 0 0.00852549 -0.9999637 0 -0.008645474 -0.9999627 -1 3.16964e-7 0 1 1.3215e-7 2.56806e-7 1 -1.3215e-7 2.56807e-7 -1 1.86833e-7 0 -0.03309178 0.7107377 -0.7026785 3.72794e-4 -0.01233124 -0.999924 -0.07675266 0.691084 -0.7186877 -9.85964e-5 -0.01396483 -0.9999025 -0.04790616 0.9947645 -0.09026962 0 0 1 -0.9847 -0.1672022 0.04908591 -0.8717796 -0.4898426 0.007399499 -0.9405794 -0.3395741 0 -1 0 0 -0.9405793 0.3395741 0 -0.9868316 0.1534656 0.05110621 0.04308396 -0.9935277 -0.1051037 -0.8756948 0.482782 0.008954763 -0.9884222 0.1299585 0.07830971 0.07971847 -0.7177836 -0.6916877 0.03204077 -0.7025204 -0.710942 -0.01302564 0.7148487 0.6991579 1 0 0 0.941802 -0.3361681 0 0.922512 -0.3859687 0 1.60931e-7 1.30839e-7 -1 3.73718e-7 0 -1 0 0 -1 4.0165e-7 0 -1 -2.24091e-6 0 -1 -1.08421e-6 -1.36797e-7 -1 0 1.36797e-7 -1 0 0 -1 0.9225119 0.3859688 0 0.5192247 0.8546378 0 0.941802 0.3361681 0 1 0 1.59662e-7 -0.006194233 -0.9999609 -0.006321549 0.006194174 0.9999609 0.006321489 0.5192247 -0.8546378 0 -1 0 0 -0.9405794 0.3395739 0 -0.4883896 0.8726257 -4.82172e-7 -0.4883894 0.8726259 -5.57337e-7 -0.9405792 -0.3395743 0 -1 0 0 -1 1.38963e-7 0 0.5192247 0.8546378 0 0.519225 0.8546376 0 0.9418021 -0.3361679 0 0.5192248 -0.8546378 0 4.0165e-7 0 -1 -3.41288e-7 0 -1 -9.27775e-7 -1.3084e-7 -1 -2.15546e-6 0 -1 0 0 -1 1.51781e-7 0 1 3.12531e-7 0 1 6.30221e-7 0 1 -1.52768e-7 0 1 -3.16809e-7 0 1 -1.59224e-7 0 1 3.68192e-7 0 1 9.65264e-7 0 1 3.12531e-7 0 1 1 2.22936e-7 0 0.9418022 -0.3361675 0 -0.9405795 0.3395738 0 0.9418023 0.3361675 0 0.9418024 0.3361672 0 -0.4883894 -0.8726259 -2.73379e-7 -0.4883894 -0.8726259 -1.57739e-7 1 1.26007e-7 0 -1 2.38394e-7 0 -0.8765469 0.3057176 0.3717559 -0.9405794 0.3395739 0 -0.3935505 0 0.9193031 0.3835385 0.1479821 0.9115918 -0.392498 0.159893 0.9057481 -0.92206 1.5099e-7 0.3870472 0.5192248 0.8546378 0 0.8756064 0.3050272 0.374529 0.941802 0.3361681 0 -6.50487e-7 0 1 -4.0001e-7 0 1 5.02595e-7 0 1 -1.84096e-7 0 1 -4.82632e-7 0 1 1.73541e-7 0 1 2.00005e-7 0 1 -1.00519e-6 0 1 0.9250451 -2.1515e-7 0.3798572 0.8756064 -0.305027 0.374529 0.4805089 -0.7956277 0.368901 -0.4512014 0.8144971 0.3647077 -0.2307273 -0.3899881 0.8914451 0.3835386 -0.1479821 0.9115917 -0.392498 -0.159893 0.9057481 -0.4512015 -0.8144972 0.3647078 -0.8765468 -0.3057177 0.3717559 -0.2307273 0.3899881 0.8914451 0.2392149 0.3801397 0.8934596 0.239215 -0.3801398 0.8934596 0.4079111 0 0.9130218 0.4805089 0.7956276 0.368901 0.3688511 0.9294886 0 0.06893604 0.9913785 -0.1114296 0 0 -1 0.3688516 -0.6572475 -0.6572475 -0.003159642 -0.7082999 -0.7059046 0.06035602 -0.9916307 -0.1141306 0.3688515 -0.9294884 0 0 -0.7422218 0.6701544 0.3688511 -0.6572477 0.6572477 1.39327e-6 0 1 0.3688515 0.6572476 0.6572475 0.3688518 0.6572476 -0.6572474 0.003139138 0.705897 -0.7083076 -1 0 0 -1 0 0 -1 0 0 -0.04807412 0.9930212 0.1076939 0.899119 0.4377046 0 0.8991194 0.3095028 -0.3095033 0.3688516 0 -0.9294884 0.8991193 0 -0.4377039 0.8991192 -0.3095034 -0.3095034 0.8991192 -0.4377041 0 0.899119 -0.3095037 0.309504 0.3688524 0 0.929488 0.8991193 1.29122e-7 0.4377037 0.8991191 0.3095031 0.3095036 0 1.23216e-7 1 1 0 0 0.00647068 -0.7123686 0.7017758 0 -0.9807854 0.1950902 0.05315071 -0.9933234 0.1023905 1 0 2.67506e-7 1 0 0 0 -0.7071067 0.7071069 1 0 2.03789e-7 -1 0 0 -1 -4.3078e-7 0 -1 0 0 -1 0 0 -1.49826e-7 0 -1 0 -0.008525431 -0.9999637 0 0.008525431 -0.9999637 -1.49826e-7 0 -1 0 0.008645474 -0.9999627 1 -1.3215e-7 2.56806e-7 -1 1.86833e-7 0 -0.03309202 0.7107377 -0.7026783 3.7272e-4 -0.01233112 -0.999924 -0.07675307 0.691084 -0.7186877 -9.8578e-5 -0.01396477 -0.9999025 -0.04790651 0.9947645 -0.09026956 0 1.32616e-7 1 -0.9847 -0.1672022 0.04908591 -0.8717796 -0.4898425 0.007399559 -0.9405793 -0.3395742 0 -1 0 0 -0.9405793 0.3395741 0 -0.9868316 0.1534656 0.05110615 0.0430836 -0.9935277 -0.1051037 -0.8756949 0.4827818 0.008954763 -0.9884222 0.1299584 0.07830971 0.07971781 -0.7177835 -0.6916878 0.03204053 -0.7025204 -0.710942 -0.0130257 0.7148485 0.6991581 1 0 0 0.941802 -0.3361681 0 0.9225119 -0.3859687 0 1.13691e-6 1.3084e-7 -1 0 0 -1 2.26522e-6 0 -1 4.01649e-7 0 -1 0 0 -1 2.31573e-7 -1.36797e-7 -1 -1.08421e-6 1.36796e-7 -1 2.61704e-6 0 -1 -2.24091e-6 0 -1 0.9225119 0.3859688 0 0.5192247 0.8546378 0 0.941802 0.3361681 0 1 0 1.66603e-7 -0.006194174 -0.9999609 -0.006321489 0.006194233 0.9999609 0.006321549 0.5192247 -0.8546378 0 -1 0 0 -0.9405795 0.3395739 -1.48887e-7 -0.48839 0.8726255 -1.61898e-6 -0.48839 0.8726255 -1.69259e-6 -0.9405794 -0.339574 0 -1 0 0 -1 1.67714e-7 0 0.5192252 0.8546375 0 0.5192251 0.8546376 0 0.5192251 -0.8546376 0 0.5192249 -0.8546377 0 3.22154e-6 0 -1 2.99554e-7 0 -1 -4.0165e-7 0 -1 8.03655e-7 0 -1 8.43599e-7 0 -1 1.60931e-7 -1.30839e-7 -1 0 0 -1 0 0 1 -3.12531e-7 0 1 0 0 1 0 0 1 -3.16809e-7 0 1 3.68192e-7 0 1 9.65265e-7 0 1 3.12531e-7 0 1 1 1.93857e-7 0 0.9418022 -0.3361675 0 -0.9405795 0.3395739 0 0.9418022 0.3361675 0 0.9418022 0.3361676 0 -0.4883894 -0.8726259 2.13078e-7 -0.4883896 -0.8726257 2.83535e-7 -0.9405794 -0.339574 0 1 1.76895e-7 0 -0.8765468 0.3057175 0.3717559 -0.3935503 0 0.9193032 0.3835381 0.1479819 0.911592 -0.3924982 0.1598931 0.905748 -0.9405794 -0.339574 0 -0.9220599 1.86041e-7 0.3870472 0.8756063 0.3050272 0.3745291 0 0 1 -4.0001e-7 0 1 3.16809e-7 0 1 -1.00519e-6 0 1 3.68192e-7 0 1 9.65264e-7 0 1 6.3022e-7 0 1 -4.0001e-7 0 1 -1.00519e-6 0 1 0.9250451 0 0.3798572 1 0 0 0.8756065 -0.305027 0.3745291 0.4805088 -0.7956277 0.3689009 -0.4512014 0.814497 0.364708 -0.2307273 -0.3899883 0.891445 0.3835386 -0.1479821 0.9115917 -0.3924977 -0.1598929 0.9057483 -0.4512015 -0.8144972 0.3647075 -0.8765468 -0.3057175 0.371756 -0.2307273 0.3899878 0.8914452 0.2392147 0.3801393 0.8934599 0.2392149 -0.38014 0.8934594 0.480509 0.7956274 0.3689013 0.587768 0.8089919 0.007803976 0.5877711 0.8089993 0.006737887 0.587768 0.8089919 0.007804751 0.9510185 -0.309005 0.00894165 0.9510282 -0.3090078 0.00772053 0.9510184 -0.309005 0.0089432 0 -0.9999535 0.009645581 0 -0.9999654 0.008328258 0 -0.9999535 0.0096457 1.32969e-7 0 1 1.32969e-7 0 1 -0.951029 -0.3090055 0.007720947 -0.9510185 -0.3090047 0.008942008 -0.9510184 -0.3090051 0.008943498 -0.5877717 0.8089988 0.006738185 -0.5877676 0.8089922 0.007803857 -0.5877677 0.8089922 0.007804572 0.5579239 -0.7545564 0.3454935 0.9552293 0.2945738 -0.02763056 0.9150942 -0.2973345 0.2723872 -0.5803912 -0.8138472 -0.0282638 0.3310824 -0.4380678 -0.8357518 0.5803909 -0.8138474 -0.02826601 -0.5694563 0.7837892 0.2477784 -1.16634e-6 0.9996348 -0.02702564 -0.9552292 0.2945743 -0.02762722 0.5694562 0.7837901 0.2477757 0.5699611 0.7844859 0.2443897 -0.5579218 -0.7545565 0.3454964 0.5396855 0.1938232 -0.819251 -0.3310828 -0.4380679 -0.8357515 2.97954e-7 0.587849 -0.8089708 -0.5396857 0.193823 -0.819251 0 -0.3090169 -0.9510567 0 0.8090169 0.5877853 0 0.809017 0.5877854 0 0.8090172 -0.587785 0 0.8090172 -0.587785 0 0.809017 -0.5877854 0 -0.3090158 0.9510569 0 -0.3090158 0.9510569 0 -0.3090154 0.9510571 -0.5699616 0.7844844 0.2443936 -0.9150937 -0.297332 0.272392 0.9939125 0 -0.110173 0.999743 0 -0.02267438 0.9939124 0 -0.1101731 -0.01833438 -0.9998319 3.92835e-5 0.02004545 -0.9996734 -0.01585286 0.02392208 -0.9995744 -0.01669752 -0.9953911 0 0.09589904 -0.9649329 0 -0.2624968 -0.9953911 0 0.09589904 -0.01833426 0.9998319 3.83615e-5 0.02004545 0.9996734 -0.0158534 -0.02262711 0.9997439 3.39925e-4 -0.9958222 0 0.09131366 -0.964933 0 -0.2624964 -0.8595379 0 -0.511072 -0.9999612 1.04077e-4 0.008818686 -0.9958222 0 0.09131366 0.01241713 0.9192124 -0.3935661 0.01241379 -0.9192124 -0.3935664 -0.02262711 -0.9997439 3.40691e-4 0.9981404 0 -0.06095719 -1.48437e-5 0.8882884 0.4592862 -0.001480519 0.9117125 -0.4108263 -1.3312e-4 0.9116345 -0.411002 0.9999529 1.00786e-4 0.009712159 0.9981404 0 -0.06095725 0.01138639 0.9084451 -0.4178494 -0.001481294 -0.9117123 -0.4108266 0.01138263 -0.9084445 -0.4178506 -1.48438e-5 -0.8882889 0.4592853 -1.33589e-4 -0.9116345 -0.411002 -0.9999994 2.30981e-4 0.001050591 -0.9999989 8.63763e-4 0.001231729 0.9999995 -2.25055e-4 0.001022934 0.999999 -8.41643e-4 0.001199305 0.9999529 -1.0123e-4 0.009712159 0 -0.3039051 0.9527024 0 -0.3039032 0.9527029 0 0.8882845 0.4592939 0 0.3039065 0.9527019 0 0.3039067 0.9527018 -0.707109 0 0.7071046 -0.678542 -0.2813638 0.678539 -0.7071091 0 0.7071046 0.6785439 -0.2813585 0.6785394 0.6186437 -0.4843148 0.6186431 0.6186462 -0.4843164 0.6186394 0.6785434 -0.2813479 -0.6785442 0.7071091 0 -0.7071045 0.678546 -0.2813475 -0.6785418 -0.6785425 -0.2813531 -0.6785429 -0.7071091 0 -0.7071045 -0.6785441 -0.2813575 -0.6785396 0.7071084 0 0.7071052 0.6785422 -0.2813552 0.6785424 -0.6785432 -0.2813621 0.6785385 -0.6186416 -0.4843247 0.6186374 0.6186494 -0.4842996 -0.6186493 -0.6186445 -0.4843125 -0.6186439 0.5877674 0.8089923 0.007804155 0.5877716 0.8089989 0.006737947 0.5877674 0.8089923 0.00780493 0.9510185 -0.3090049 0.008941769 0.9510281 -0.309008 0.00772047 0.9510184 -0.3090049 0.008943259 0 -0.9999535 0.009645998 0 -0.9999654 0.008327901 0 -0.9999535 0.009645998 0 0 1 -2.65938e-7 0 1 2.65938e-7 0 1 -0.9510289 -0.3090056 0.007720768 -0.9510185 -0.3090046 0.008942008 -0.9510184 -0.3090049 0.008943498 -0.5877723 0.8089985 0.006738007 -0.587767 0.8089926 0.007804214 -0.5877671 0.8089925 0.007805049 0.557924 -0.7545564 0.3454932 0.9552289 0.294575 -0.0276311 0.9150943 -0.2973344 0.2723871 -0.5803911 -0.8138473 -0.02826404 0.3310823 -0.438068 -0.8357517 0.5803909 -0.8138474 -0.02826601 -0.5694563 0.7837894 0.2477778 -1.07535e-6 0.9996348 -0.02702564 -0.9552289 0.294575 -0.02762722 0.5694565 0.7837904 0.2477743 0.5699616 0.7844858 0.2443891 -0.557922 -0.7545567 0.3454959 0.5396857 0.193823 -0.8192508 -0.3310828 -0.4380682 -0.8357514 1.81363e-7 0.5878497 -0.8089702 -0.5396865 0.1938229 -0.8192504 0 -0.3090173 -0.9510565 0 -0.3090172 -0.9510565 0 0.8090167 0.5877856 0 0.8090168 0.5877857 0 0.809017 -0.5877853 0 0.8090168 -0.5877856 0 -0.3090161 0.9510568 0 -0.3090158 0.951057 -0.5699621 0.7844842 0.2443927 -0.9150938 -0.2973319 0.2723916 0.9939125 0 -0.110173 0.999743 0 -0.02267438 0.999743 0 -0.02267438 -0.01833784 -0.9998319 3.86967e-5 0.02004426 -0.9996734 -0.01585412 0.02392107 -0.9995745 -0.01669889 -0.9953911 0 0.09589922 -0.9649329 0 -0.2624966 -0.01833796 0.9998319 3.87044e-5 0.02004277 0.9996734 -0.01585376 -0.02263087 0.9997439 3.40207e-4 -0.9958222 0 0.09131366 -0.8595378 0 -0.5110721 -0.9999612 -1.04299e-4 0.008818686 -0.9958222 0 0.09131366 0.01241433 0.9192127 -0.3935655 0.01241391 -0.9192126 -0.3935661 -0.02263081 -0.9997439 3.40223e-4 0.9981404 0 -0.06095731 -1.46484e-5 0.8882887 0.4592858 -0.001479387 0.9117123 -0.4108267 -1.31331e-4 0.9116345 -0.411002 0.9999529 1.00786e-4 0.009712159 0.9981404 0 -0.06095731 0.01138323 0.908445 -0.4178496 -0.001479268 -0.911712 -0.4108272 0.01138263 -0.9084447 -0.4178502 -1.46486e-5 -0.8882888 0.4592855 -1.31071e-4 -0.9116343 -0.4110025 -0.9999994 2.30981e-4 0.001050591 -0.9999989 8.63762e-4 0.001231729 -0.9999612 1.04077e-4 0.008818686 0.9999995 -2.25055e-4 0.001022934 0.9999989 -8.41642e-4 0.001199305 0.9999529 -1.0123e-4 0.009712159 0 -0.3039053 0.9527022 0 -0.3039035 0.9527029 0 0.8882843 0.459294 0 0.3039059 0.9527021 0 0.3039056 0.9527022 -0.707109 0 0.7071046 -0.6785425 -0.281364 0.6785385 0.6785438 -0.2813584 0.6785395 0.618645 -0.4843158 0.618641 0.618645 -0.4843155 0.6186411 0.6785454 -0.2813494 -0.6785416 0.707109 0 -0.7071046 0.678546 -0.2813474 -0.6785418 -0.6785444 -0.2813544 -0.6785405 -0.707109 0 -0.7071046 -0.6785439 -0.2813575 -0.6785396 0.707109 0 0.7071046 0.6785442 -0.2813567 0.6785398 -0.6785431 -0.2813618 0.6785387 -0.6186415 -0.4843245 0.6186376 0.6186507 -0.4843006 -0.6186472 -0.6186457 -0.4843136 -0.618642 0.5877673 0.8089924 0.007804155 0.5877716 0.8089989 0.006738066 0.5877674 0.8089924 0.007805049 0.9510185 -0.309005 0.008941769 0.9510281 -0.3090081 0.00772041 0.9510183 -0.309005 0.008943259 0 -0.9999535 0.009645998 0 -0.9999654 0.008327901 0 -0.9999535 0.009645998 1.32969e-7 0 1 1.32969e-7 0 1 -0.9510288 -0.3090057 0.007720649 -0.9510185 -0.3090047 0.008942008 -0.9510185 -0.309005 0.008943557 -0.5877723 0.8089984 0.006738364 -0.587767 0.8089927 0.007804095 -0.587767 0.8089926 0.007804989 0.9552289 0.2945748 -0.02763032 0.9150942 -0.2973345 0.2723873 -0.5803911 -0.8138473 -0.02826404 0.3310824 -0.4380687 -0.8357513 0.5803908 -0.8138476 -0.02826553 -0.5694562 0.7837893 0.2477782 -1.28215e-6 0.9996348 -0.02702504 -0.9552289 0.2945753 -0.02762711 0.5694562 0.7837902 0.2477755 0.569961 0.7844859 0.2443896 -0.5579218 -0.7545568 0.3454957 0.5396856 0.1938234 -0.8192509 -0.331083 -0.4380685 -0.8357512 0 0.5878495 -0.8089703 -0.5396862 0.1938233 -0.8192505 0 0.8090166 0.5877859 0 0.8090162 0.5877864 0 0.8090168 -0.5877855 -0.5699615 0.7844844 0.2443934 -0.9150938 -0.2973321 0.2723917 0.9939124 0 -0.110173 0.999743 0 -0.02267444 0.9939125 0 -0.110173 -0.01833426 -0.9998319 3.84137e-5 0.02004545 -0.9996734 -0.0158534 0.02392208 -0.9995744 -0.01669818 -0.9953911 0 0.09589928 -0.964933 0 -0.2624964 -0.9953911 0 0.09589934 -0.01833426 0.9998319 3.831e-5 0.02004545 0.9996734 -0.01585286 -0.02262711 0.9997439 3.39702e-4 -0.9958222 0 0.0913136 -0.964933 0 -0.2624964 -0.859538 0 -0.5110719 -0.9999612 -1.04299e-4 0.008818686 -0.9958222 0 0.09131354 0.01241713 0.9192126 -0.3935657 0.01241666 -0.9192123 -0.3935667 -0.02262711 -0.9997439 3.39968e-4 0.9981404 0 -0.06095743 -1.48437e-5 0.8882888 0.4592854 -0.001480519 0.9117127 -0.4108259 -1.3312e-4 0.9116348 -0.4110015 0.9981405 0 -0.06095743 0.01138645 0.908445 -0.4178493 -0.001480996 -0.9117122 -0.4108268 0.01138585 -0.9084446 -0.4178502 -1.48438e-5 -0.8882886 0.4592857 -1.33589e-4 -0.9116343 -0.4110023 -0.9999612 1.04077e-4 0.008818686 0 -0.3039053 0.9527024 0 0.8882842 0.4592946 0 0.3039062 0.9527021 0 0.3039053 0.9527024 -0.6785411 -0.2813654 0.6785392 0.678543 -0.2813598 0.6785396 0.6186431 -0.4843178 0.6186413 0.6186438 -0.4843176 0.6186408 0.6785448 -0.2813504 -0.6785418 0.6785453 -0.2813488 -0.678542 -0.6785435 -0.2813557 -0.6785409 -0.6785433 -0.2813588 -0.6785399 0.678543 -0.281358 0.6785404 -0.678542 -0.2813632 0.6785393 -0.6186396 -0.4843266 0.618638 0.6186492 -0.4843024 -0.6186473 -0.618644 -0.4843153 -0.6186423 -0.9665457 0 -0.2564947 0 0.9665453 -0.2564962 0.9665457 0 -0.2564945 0 -0.9665453 -0.2564962 0.9665457 0 -0.2564948 0 0.9665462 -0.2564929 -0.9665455 0 -0.2564951 0 -0.9665453 -0.2564964 -0.9665458 0 -0.2564945 0 -0.9665455 -0.2564953 0.9665458 0 -0.2564942 0 0.9665457 -0.2564951 0.9665455 0 -0.2564951 0 -0.9665459 -0.2564938 -0.9665455 0 -0.2564954 0 0.9665453 -0.256496 -1 0 -8.06288e-7 0 0.008645474 -0.9999626 0 -0.008645474 -0.9999626 -0.9856378 -0.1515623 0.07447814 0 -0.7323 0.6809822 0 0.008645474 -0.9999627 -0.9856379 -0.1515625 0.07447826 0 -0.7323002 0.6809821 -1 0 -1.57438e-7 -0.9856379 -0.1515625 0.0744782 0 -0.7323001 0.6809821 0.5877707 0.8089995 0.006737947 0.9510282 -0.3090078 0.007720589 0 -0.9999653 0.008328378 3.98906e-7 0 1 -0.9510291 -0.3090049 0.007721006 -0.5877715 0.808999 0.006738364 0 0.8090175 -0.5877846 0.999743 0 -0.02267438 0.02392208 0.9995744 -0.01669818 -0.8595383 0 -0.5110713 -0.9999612 -1.04299e-4 0.008818686 0 -0.8882858 0.4592913 -0.9999989 -8.65609e-4 0.001231729 -0.9999994 -2.31475e-4 0.001050591 0.999999 8.37951e-4 0.001199305 0.9999995 2.24068e-4 0.001022934 0.7071091 0 -0.7071046 -0.7071091 0 -0.7071046 0.7071083 0 0.7071053 -0.6186438 -0.4843223 0.618637 0.6186531 -0.4842987 -0.6186463 -0.6186462 -0.4843164 -0.6186394 0.5877715 0.808999 0.006737947 0.9510282 -0.309008 0.00772047 0 -0.9999653 0.008327901 7.97813e-7 0 1 -7.97814e-7 0 1 -0.9510291 -0.3090052 0.007720768 -0.5877723 0.8089984 0.006737947 0 0.8090168 0.5877856 0 0.8090173 -0.5877849 0 -0.3090165 0.9510568 0.02391946 0.9995745 -0.01669853 -0.859538 0 -0.5110721 0 -0.8882856 0.4592918 -0.9999989 -8.65608e-4 0.001231729 -0.9999994 -2.31475e-4 0.001050591 0.999999 8.37951e-4 0.001199305 0.9999995 2.24068e-4 0.001022934 -0.6186429 -0.4843215 0.6186385 0.618652 -0.4842978 -0.6186481 -0.6186452 -0.4843156 -0.6186408 0.5877715 0.808999 0.006737947 0.9510281 -0.3090081 0.00772041 0 -0.9999653 0.00832802 3.98907e-7 0 1 -0.9510291 -0.3090053 0.007720649 -0.5877723 0.8089984 0.006738364 0 0.8090167 -0.5877856 0.999743 0 -0.02267444 0.02392208 0.9995744 -0.01669752 0 -0.8882854 0.4592919 -0.9999989 -8.65609e-4 0.001231729 -0.9999994 -2.31475e-4 0.001050591 0.999999 8.37951e-4 0.001199305 0.9999995 2.24068e-4 0.001022934 -0.6186414 -0.4843235 0.6186386 0.6186504 -0.4843 -0.618648 -0.6186438 -0.4843176 -0.6186408 -0.9665457 0 -0.2564945 0 0.9665462 -0.256493 0.9665457 0 -0.2564947 0 -0.9665458 -0.2564945 0 0.9665455 -0.2564952 -0.9665457 0 -0.2564948 0 -0.966546 -0.2564935 -0.9665457 0 -0.2564947 0 -0.9665459 -0.2564936 0.9665456 0 -0.2564948 0 0.9665455 -0.2564954 0 -0.9665458 -0.2564946 -0.9665455 0 -0.256495 0 0.9665459 -0.2564937</float_array>
          <technique_common>
            <accessor source="#Smoothie_Machine-mesh-normals-array" count="874" stride="3">
              <param name="X" type="float"/>
              <param name="Y" type="float"/>
              <param name="Z" type="float"/>
            </accessor>
          </technique_common>
        </source>
        <source id="Smoothie_Machine-mesh-map-0">
          <float_array id="Smoothie_Machine-mesh-map-0-array" count="7236">0.1272484 0.2374438 0.3759241 0.2707988 0.3759241 0.2374437 0.3778291 0.2669537 0.1257815 0.2331305 0.3778291 0.2331423 0.3783164 0.03699612 0.1257815 0.2331305 0.3783164 0.2331188 0.3745205 0.2602597 0.1293249 0.02149736 0.1293249 0.2602597 0.3850576 0.3792042 0.1440704 0.3460094 0.3858426 0.3456158 0.1257511 0.04248803 0.3778291 0.009562551 0.3778291 0.04248803 0.3633295 0.2542853 0.1305322 0.02759593 0.1305322 0.2542853 0.3759241 0.04936265 0.1272484 0.01688158 0.1272484 0.04936265 0.1301192 0.04275691 0.3736535 0.01009029 0.3736535 0.04275691 0.232929 0.388455 0.2803668 0.4036326 0.232929 0.4036326 0.1434977 0.4036326 0.2566479 0.388455 0.2566479 0.4036326 0.2357468 0.254161 0.3307855 0.02747172 0.2357468 0.02747172 0.007965445 0.008011102 0.1108753 0.2534751 0.007965445 0.2534751 0.232929 0.4036326 0.2803668 0.388455 0.232929 0.388455 0.007965445 0.2534751 0.1108753 0.4989391 0.007965445 0.4989391 0.2357468 0.2542853 0.3307855 0.02759593 0.2357468 0.02759593 0.2566479 0.4036326 0.3697982 0.388455 0.3697982 0.4036326 0.3783164 0.03699612 0.1258119 0.003126263 0.1258119 0.03699612 0.3633295 0.254161 0.1305322 0.02747172 0.1305322 0.254161 0.1484439 0.3780307 0.3858426 0.3456158 0.1484439 0.3452221 0.1330332 0.2636745 0.3755373 0.02753311 0.3755373 0.2636745 0.1301192 0.04275691 0.3736535 0.2319123 0.1301192 0.2319123 0.1301192 0.2319123 0.3736535 0.2654579 0.1301192 0.2654579 0.126207 0.2268046 0.3843384 0.02631151 0.126207 0.02631151 0.3834876 0.2272313 0.1214672 0.024805 0.3826368 0.024805 0.3783164 0.2331188 0.1258119 0.2679 0.3783164 0.2679 0.3778291 0.2331423 0.1257511 0.04248803 0.3778291 0.04248803 0.1272484 0.04936265 0.3759241 0.2374437 0.3759241 0.04936265 0.4162521 0.1354329 0.3926157 0.1862678 0.4271852 0.1862678 0.3107893 0.7057367 0.2599544 0.7403061 0.2599544 0.7057367 0.6157846 0.2538007 0.5812152 0.3046356 0.5812152 0.2538006 0.6157846 0.3046356 0.5921482 0.3554705 0.5812152 0.3046356 0.7539524 0.5324462 0.7031175 0.5454185 0.7539524 0.5560826 0.7031175 0.5454185 0.6522826 0.5324462 0.6522826 0.5560826 0.4271852 0.1862678 0.3926157 0.2371027 0.4271852 0.2371027 0.315757 0.3175148 0.168134 0.3175148 0.168134 0.4651379 0.3616242 0.7403061 0.3107893 0.7057367 0.3616242 0.7057367 0.2419456 0.3948456 0.3027312 0.3476586 0.2419456 0.3476586 0.6242005 0.9825263 0.5935991 0.9401785 0.627641 0.9742203 0.6242005 0.9825263 0.6757833 0.9742203 0.6792238 0.9825263 0.7181311 0.9436189 0.6757833 0.9742203 0.7098252 0.9401785 0.7181311 0.8885956 0.7098252 0.9401785 0.7098252 0.892036 0.6792238 0.8496882 0.7098252 0.892036 0.6757833 0.8579942 0.6792238 0.8496882 0.6276409 0.8579942 0.6242005 0.8496882 0.6242005 0.8496882 0.5935991 0.892036 0.5852931 0.8885956 0.5852931 0.8885956 0.5935991 0.9401785 0.5852931 0.9436189 0.5935991 0.9401785 0.6276409 0.8579942 0.7098252 0.892036 0.2486439 0.3948456 0.3224555 0.3476586 0.2486439 0.3476586 0.3463308 0.3913263 0.3593886 0.4651379 0.315757 0.4651379 0.168134 0.3948456 0.2419456 0.3476586 0.2419456 0.3948456 0.2419456 0.3948456 0.168134 0.3476586 0.168134 0.3948456 0.3463308 0.3913263 0.3593886 0.3175148 0.3587682 0.3913263 0.2486439 0.3948456 0.1748324 0.3476586 0.1748324 0.3948456 0.315757 0.4651379 0.3596529 0.4957116 0.3593886 0.4651379 0.315757 0.4651379 0.2419456 0.4957116 0.3027312 0.4957116 0.315757 0.3175148 0.2419456 0.2869411 0.3027312 0.2869411 0.2419456 0.2869411 0.315757 0.3175148 0.3027312 0.2869411 0.2419456 0.4957116 0.315757 0.4651379 0.3027312 0.4957116 0.2419456 0.3476586 0.3027312 0.3948456 0.2419456 0.3948456 0.3463308 0.3913263 0.3593886 0.4651379 0.3587682 0.3913263 0.2486439 0.3948456 0.3224555 0.3476586 0.3224555 0.3948456 0.1748324 0.3948456 0.2486439 0.3476586 0.2486439 0.3948456 0.1748324 0.3948456 0.1442586 0.3476586 0.1748324 0.3476586 0.3224555 0.3476586 0.3530291 0.3948456 0.3224555 0.3948456 0.3463308 0.3913263 0.3593886 0.3175148 0.315757 0.3175148 0.315757 0.4651379 0.3596529 0.4957116 0.3027312 0.4957116 0.3027312 0.3948456 0.3596529 0.3476586 0.3027312 0.3476586 0.315757 0.3175148 0.3596529 0.2869411 0.3593886 0.3175148 0.3027312 0.3948456 0.3596529 0.3476586 0.3596529 0.3948456 0.315757 0.3175148 0.3596529 0.2869411 0.3027312 0.2869411 0.3257925 0.4248926 0.2486439 0.3948456 0.3224555 0.3948456 0.3616242 0.7057367 0.3107893 0.5231075 0.3616242 0.5231075 0.2419456 0.3948456 0.3157571 0.4248926 0.315757 0.3948456 0.4271852 0.1862678 0.6098144 0.2371027 0.6098144 0.1862678 0.2486439 0.415683 0.3224555 0.3948456 0.2486439 0.3948456 0.8563883 0.450141 0.8353318 0.5782576 0.8563883 0.5782576 0.1748324 0.3948456 0.2486439 0.415683 0.2486439 0.3948456 0.9072232 0.4711976 0.9580581 0.5782576 0.9580581 0.450141 0.2419456 0.4248926 0.168134 0.3948456 0.2419456 0.3948456 0.9580581 0.450141 0.9791147 0.5782576 0.9791147 0.3993061 0.315757 0.3948456 0.2419456 0.4248926 0.2419456 0.3948456 0.5812152 0.2538006 0.3985859 0.3046356 0.3985859 0.2538007 0.2486439 0.3948456 0.1781694 0.4248926 0.1748324 0.3948456 0.3107893 0.5231075 0.2599544 0.7057367 0.2599544 0.5231075 0.168134 0.4262818 0.2419456 0.3948456 0.168134 0.3948456 0.08910399 0.8219345 0.1961641 0.8727694 0.06804752 0.8727694 0.3477749 0.308928 0.3308102 0.2905592 0.3519794 0.3035472 0.2315691 0.2966956 0.2797031 0.2832205 0.2797031 0.2897838 0.3477749 0.308928 0.3519794 0.4871542 0.3477749 0.481854 0.2116314 0.481854 0.228596 0.4981458 0.2074268 0.4871542 0.06804752 0.7710996 0.1961641 0.7500431 0.1961641 0.7710996 0.08910399 0.8219345 0.1961641 0.7710996 0.1961641 0.8219345 0.5812152 0.3046356 0.3985859 0.483587 0.3985859 0.3046356 0.4271852 0.1862678 0.6098144 0.007316291 0.4271851 0.00731635 0.06804752 0.8727694 0.1961641 0.8938259 0.01721262 0.8938259 0.9072232 0.4711976 0.8563883 0.5782576 0.9072232 0.5782576 0.3051719 0.2953706 0.2857187 0.3165398 0.3051719 0.3165398 0.309637 0.3256214 0.2901838 0.3767285 0.309637 0.3767285 0.3051719 0.3035472 0.2857187 0.4871542 0.3051719 0.4871542 0.309637 0.3256214 0.2901838 0.3044522 0.309637 0.3044522 0.2315691 0.4922062 0.2797031 0.508867 0.228596 0.4981458 0.3278372 0.2966956 0.2797031 0.2832205 0.3308102 0.2905592 0.3477749 0.481854 0.3308102 0.4981458 0.3278372 0.4922062 0.2116314 0.308928 0.2074268 0.4871542 0.2074268 0.3035472 0.2116314 0.308928 0.228596 0.2905592 0.2315691 0.2966956 0.3278372 0.4922062 0.2797031 0.508867 0.2797031 0.5023037 0.2797031 0.2832205 0.3240022 0.3046107 0.3308102 0.2905592 0.2797031 0.508867 0.235404 0.4845448 0.228596 0.4981458 0.3308102 0.2905592 0.3423516 0.3158686 0.3519794 0.3035472 0.2797031 0.2832205 0.235404 0.3046107 0.2797031 0.2982497 0.309637 0.3767285 0.2901838 0.3256214 0.309637 0.3256214 0.309637 0.3767285 0.2901838 0.4278356 0.309637 0.4278356 0.3051719 0.3165398 0.2857187 0.2953706 0.3051719 0.2953706 0.3051719 0.3035472 0.2857187 0.4871542 0.2857187 0.3035472 0.309637 0.3256214 0.2901838 0.3044522 0.2901838 0.3256214 0.309637 0.4278356 0.2901838 0.3767285 0.309637 0.3767285 0.2901838 0.3767285 0.2786668 0.4210276 0.2901838 0.4210276 0.2797031 0.3102086 0.3240022 0.4726728 0.3240022 0.3165993 0.2901838 0.3324294 0.2786668 0.3767285 0.2901838 0.3767285 0.2857187 0.306912 0.2742017 0.2885626 0.2857187 0.2885626 0.3308102 0.4981458 0.3423516 0.4750174 0.3240022 0.4845448 0.2074268 0.4871542 0.2170547 0.3158686 0.2074268 0.3035472 0.228596 0.2905592 0.2170547 0.3158686 0.235404 0.3046107 0.2797031 0.508867 0.3240022 0.4845448 0.2797031 0.4938378 0.228596 0.4981458 0.2170547 0.4750174 0.2074268 0.4871542 0.3519794 0.4871542 0.3423516 0.3158686 0.3423516 0.4750174 0.2901838 0.4210276 0.2786668 0.3767285 0.2901838 0.3767285 0.2901838 0.3767285 0.2786668 0.3324294 0.2901838 0.3324294 0.2901838 0.3324294 0.2786668 0.3140801 0.2901838 0.3140801 0.2857187 0.2885626 0.2742017 0.306912 0.2857187 0.306912 0.228159 0.3210843 0.235404 0.4726728 0.235404 0.3165993 0.235404 0.4726728 0.2797031 0.3102086 0.235404 0.3165993 0.2857187 0.4750174 0.2742017 0.3158686 0.2857187 0.3158686 0.2901838 0.3140801 0.2786668 0.3324294 0.2901838 0.3324294 0.3240022 0.4726728 0.3312473 0.3210843 0.3240022 0.3165993 0.3312473 0.4688863 0.3423516 0.3158686 0.3312473 0.3210843 0.228159 0.4688863 0.2170547 0.3158686 0.2170547 0.4750174 0.2797031 0.3102086 0.3240022 0.3046107 0.2797031 0.2982497 0.3240022 0.4845448 0.2797031 0.4819861 0.2797031 0.4938378 0.2797031 0.3102086 0.235404 0.3046107 0.235404 0.3165993 0.235404 0.4845448 0.2797031 0.4819861 0.235404 0.4726728 0.228159 0.3210843 0.235404 0.3046107 0.2170547 0.3158686 0.235404 0.4845448 0.228159 0.4688863 0.2170547 0.4750174 0.3312473 0.3210843 0.3240022 0.3046107 0.3240022 0.3165993 0.3240022 0.4845448 0.3312473 0.4688863 0.3240022 0.4726728 0.2857187 0.3158686 0.2742017 0.4750174 0.2857187 0.4750174 0.5064316 0.522863 0.4555967 0.4992266 0.4555967 0.5337961 0.6775308 0.1905928 0.6266959 0.2251622 0.6266959 0.1905928 0.007316291 0.5162844 0.05815112 0.5508538 0.007316231 0.5508539 0.05815112 0.5162844 0.1089861 0.5399208 0.05815112 0.5508538 0.6993675 0.4915075 0.6485326 0.5044798 0.6993675 0.5151439 0.6485326 0.5044798 0.5976977 0.4915075 0.5976977 0.5151439 0.4555967 0.5337961 0.4047618 0.4992266 0.4047617 0.5337961 0.1375603 0.3946806 0.168134 0.4684922 0.315757 0.3208691 0.7283657 0.2251622 0.6775308 0.1905928 0.7283657 0.1905928 0.2419456 0.3948456 0.3027312 0.3476586 0.2419456 0.3476586 0.4694135 0.9859378 0.5000149 0.94359 0.5083208 0.9470305 0.5083208 0.9470305 0.5000149 0.8954476 0.5083208 0.8920072 0.4694135 0.8530998 0.5000149 0.8954476 0.465973 0.8614058 0.4694135 0.8530998 0.4178306 0.8614058 0.4143902 0.8530998 0.3754828 0.8920072 0.4178306 0.8614058 0.3837888 0.8954476 0.3754828 0.9470304 0.3837888 0.8954476 0.3837888 0.94359 0.3754828 0.9470304 0.4178306 0.9776319 0.4143902 0.9859378 0.4143902 0.9859378 0.465973 0.9776319 0.4694135 0.9859378 0.465973 0.8614058 0.5000149 0.8954476 0.3837888 0.94359 0.2469381 0.3948456 0.3207496 0.3476586 0.2469381 0.3476586 0.3463308 0.3946806 0.3593886 0.4684922 0.315757 0.4684922 0.168134 0.3948456 0.2419456 0.3476586 0.2419456 0.3948456 0.2419456 0.3948456 0.168134 0.3476586 0.168134 0.3948456 0.3463308 0.3946806 0.3593886 0.3208691 0.3587682 0.3946806 0.2469381 0.3948456 0.1731265 0.3476586 0.1731265 0.3948456 0.315757 0.4684922 0.3596529 0.4990659 0.3593886 0.4684922 0.315757 0.4684922 0.2419456 0.4990659 0.3027312 0.4990659 0.315757 0.3208691 0.2419456 0.2902954 0.3027312 0.2902954 0.2419456 0.2902954 0.315757 0.3208691 0.3027312 0.2902954 0.2419456 0.4990659 0.315757 0.4684922 0.3027312 0.4990659 0.2419456 0.3476586 0.3027312 0.3948456 0.2419456 0.3948456 0.3463308 0.3946806 0.3593886 0.4684922 0.3587682 0.3946806 0.2469381 0.3948456 0.3207496 0.3476586 0.3207496 0.3948456 0.1731265 0.3948456 0.2469381 0.3476586 0.2469381 0.3948456 0.1731265 0.3948456 0.1425528 0.3476586 0.1731265 0.3476586 0.3207496 0.3476586 0.3513233 0.3948456 0.3207496 0.3948456 0.3463308 0.3946806 0.3593886 0.3208691 0.315757 0.3208691 0.315757 0.4684922 0.3596529 0.4990659 0.3027312 0.4990659 0.3027312 0.3948456 0.3596529 0.3476586 0.3027312 0.3476586 0.315757 0.3208691 0.3596529 0.2902954 0.3593886 0.3208691 0.3027312 0.3948456 0.3596529 0.3476586 0.3596529 0.3948456 0.315757 0.3208691 0.3596529 0.2902954 0.3027312 0.2902954 0.3240867 0.4248926 0.2469381 0.3948456 0.3207496 0.3948456 0.7283657 0.1905928 0.6775308 0.007963538 0.7283657 0.007963538 0.2419456 0.3948456 0.3157571 0.4248926 0.315757 0.3948456 0.4555967 0.5337961 0.4047618 0.7164253 0.4555967 0.7164253 0.2469381 0.415683 0.3207496 0.3948456 0.2469381 0.3948456 0.8700345 0.6599513 0.8489781 0.7880679 0.8700345 0.7880679 0.1731265 0.3948456 0.2469381 0.415683 0.2469381 0.3948456 0.9208694 0.6810079 0.9717044 0.7880679 0.9717043 0.6599513 0.2419456 0.4248926 0.168134 0.3948456 0.2419456 0.3948456 0.9717043 0.6599513 0.9927608 0.7880679 0.9927608 0.6091164 0.315757 0.3948456 0.2419456 0.4248926 0.2419456 0.3948456 0.007316231 0.5508539 0.05815118 0.733483 0.007316291 0.733483 0.2469381 0.3948456 0.1764636 0.4248926 0.1731265 0.3948456 0.6775308 0.007963538 0.6266959 0.1905928 0.6266959 0.007963538 0.168134 0.4262818 0.2419456 0.3948456 0.168134 0.3948456 0.2863212 0.8277044 0.2354863 0.9347645 0.2354863 0.8066479 0.3522065 0.308928 0.3352418 0.2905592 0.356411 0.3035472 0.2360007 0.2966956 0.2841347 0.2832205 0.2841347 0.2897838 0.3522065 0.308928 0.356411 0.4871542 0.3522065 0.481854 0.2160629 0.481854 0.2330276 0.4981458 0.2118583 0.4871542 0.3371561 0.8066479 0.3582127 0.9347645 0.3371561 0.9347645 0.2863212 0.8277044 0.3371561 0.9347645 0.2863212 0.9347645 0.05815112 0.5508538 0.2371026 0.733483 0.05815118 0.733483 0.4555967 0.5337961 0.6345482 0.7164253 0.6345482 0.5337961 0.2354863 0.8066479 0.2144298 0.9347645 0.2144298 0.755813 0.9208694 0.6810079 0.8700345 0.7880679 0.9208694 0.7880679 0.3051719 0.4471509 0.2857187 0.4683201 0.3051719 0.4683201 0.3051719 0.3449367 0.2857187 0.3960438 0.3051719 0.3960438 0.3051719 0.3035472 0.2857187 0.4871542 0.3051719 0.4871542 0.3051719 0.3449367 0.2857187 0.3237674 0.3051719 0.3237674 0.2360007 0.4922062 0.2841347 0.508867 0.2330276 0.4981458 0.3322687 0.2966956 0.2841347 0.2832205 0.3352418 0.2905592 0.3522065 0.481854 0.3352418 0.4981458 0.3322687 0.4922062 0.2160629 0.308928 0.2118583 0.4871542 0.2118583 0.3035472 0.2160629 0.308928 0.2330276 0.2905592 0.2360007 0.2966956 0.3322687 0.4922062 0.2841347 0.508867 0.2841347 0.5023037 0.2841347 0.2832205 0.3284338 0.3046107 0.3352418 0.2905592 0.2841347 0.508867 0.2398355 0.4845448 0.2330276 0.4981458 0.3352418 0.2905592 0.3467831 0.3158686 0.356411 0.3035472 0.2841347 0.2832205 0.2398355 0.3046107 0.2841347 0.2982497 0.3051719 0.3960438 0.2857187 0.3449367 0.3051719 0.3449367 0.3051719 0.3960438 0.2857187 0.4471509 0.3051719 0.4471509 0.3051719 0.4683201 0.2857187 0.4471509 0.3051719 0.4471509 0.3051719 0.3035472 0.2857187 0.4871542 0.2857187 0.3035472 0.3051719 0.3449367 0.2857187 0.3237674 0.2857187 0.3449367 0.3051719 0.4471509 0.2857187 0.3960438 0.3051719 0.3960438 0.2857187 0.3960438 0.2742017 0.4403429 0.2857187 0.4403429 0.2841347 0.3102086 0.3284338 0.4726728 0.3284338 0.3165993 0.2857187 0.3517447 0.2742017 0.3960438 0.2857187 0.3960438 0.2857187 0.4586922 0.2742017 0.4403429 0.2857187 0.4403429 0.3352418 0.4981458 0.3467831 0.4750174 0.3284338 0.4845448 0.2118583 0.4871542 0.2214862 0.3158686 0.2118583 0.3035472 0.2330276 0.2905592 0.2214862 0.3158686 0.2398355 0.3046107 0.2841347 0.508867 0.3284338 0.4845448 0.2841347 0.4938378 0.2330276 0.4981458 0.2214862 0.4750174 0.2118583 0.4871542 0.356411 0.4871542 0.3467831 0.3158686 0.3467831 0.4750174 0.2857187 0.4403429 0.2742017 0.3960438 0.2857187 0.3960438 0.2857187 0.3960438 0.2742017 0.3517447 0.2857187 0.3517447 0.2857187 0.3517447 0.2742017 0.3333954 0.2857187 0.3333954 0.2857187 0.4403429 0.2742017 0.4586922 0.2857187 0.4586922 0.2325905 0.3210843 0.2398355 0.4726728 0.2398355 0.3165993 0.2398355 0.4726728 0.2841347 0.3102086 0.2398355 0.3165993 0.2857187 0.4750174 0.2742017 0.3158686 0.2857187 0.3158686 0.2857187 0.3333954 0.2742017 0.3517447 0.2857187 0.3517447 0.3284338 0.4726728 0.3356789 0.3210843 0.3284338 0.3165993 0.2630975 0.4688863 0.2742017 0.3158686 0.2630975 0.3210843 0.2630975 0.4688863 0.2742017 0.3158686 0.2742017 0.4750174 0.2841347 0.3102086 0.3284338 0.3046107 0.2841347 0.2982497 0.3284338 0.4845448 0.2841347 0.4819861 0.2841347 0.4938378 0.2841347 0.3102086 0.2398355 0.3046107 0.2398355 0.3165993 0.2398355 0.4845448 0.2841347 0.4819861 0.2398355 0.4726728 0.2325905 0.3210843 0.2398355 0.3046107 0.2214862 0.3158686 0.2398355 0.4845448 0.2325905 0.4688863 0.2214862 0.4750174 0.3356789 0.3210843 0.3284338 0.3046107 0.3284338 0.3165993 0.3284338 0.4845448 0.3356789 0.4688863 0.3284338 0.4726728 0.2857187 0.3158686 0.2742017 0.4750174 0.2857187 0.4750174 0.6235038 0.3725356 0.5998674 0.4233705 0.6344368 0.4233705 0.5607458 0.7849947 0.5953153 0.8358296 0.5607458 0.8358296 0.6152192 0.8341239 0.6497887 0.783289 0.6497887 0.8341239 0.6152192 0.783289 0.6388556 0.7324541 0.6497887 0.783289 0.7068675 0.5884922 0.7577024 0.5755199 0.7068675 0.5648558 0.7577024 0.5755199 0.8085373 0.5884921 0.8085373 0.5648557 0.6344368 0.4233705 0.5998674 0.4742054 0.6344368 0.4742054 0.168134 0.4684731 0.315757 0.4684731 0.315757 0.32085 0.5953153 0.7341598 0.5607458 0.7849947 0.5607458 0.7341598 0.2419456 0.3948456 0.3027312 0.3476586 0.2419456 0.3476586 0.869832 0.9654685 0.8392307 0.9231207 0.8732725 0.9571625 0.9248554 0.9654685 0.8732725 0.9571625 0.9214149 0.9571626 0.9248554 0.9654685 0.9554567 0.9231207 0.9637627 0.9265612 0.9637627 0.9265612 0.9554568 0.8749783 0.9637627 0.8715379 0.9248554 0.8326305 0.9554568 0.8749783 0.9214149 0.8409365 0.8698321 0.8326305 0.9214149 0.8409365 0.8732725 0.8409365 0.8698321 0.8326305 0.8392307 0.8749783 0.8309248 0.8715379 0.8309248 0.8715379 0.8392307 0.9231207 0.8309248 0.9265611 0.9554567 0.9231207 0.9214149 0.9571626 0.8732725 0.8409365 0.2553526 0.3948456 0.329164 0.3476586 0.2553526 0.3476586 0.3463308 0.3946616 0.3593886 0.4684731 0.315757 0.4684731 0.168134 0.3948456 0.2419456 0.3476586 0.2419456 0.3948456 0.2419456 0.3948456 0.168134 0.3476586 0.168134 0.3948456 0.3463308 0.3946616 0.3593886 0.32085 0.3587682 0.3946616 0.2553526 0.3948456 0.181541 0.3476586 0.181541 0.3948456 0.315757 0.4684731 0.3596529 0.4990468 0.3593886 0.4684731 0.315757 0.4684731 0.2419456 0.4990468 0.3027312 0.4990468 0.315757 0.32085 0.2419456 0.2902763 0.3027312 0.2902763 0.2419456 0.2902763 0.315757 0.32085 0.3027312 0.2902763 0.2419456 0.4990468 0.315757 0.4684731 0.3027312 0.4990468 0.2419456 0.3476586 0.3027312 0.3948456 0.2419456 0.3948456 0.3463308 0.3946616 0.3593886 0.4684731 0.3587682 0.3946616 0.2553526 0.3948456 0.329164 0.3476586 0.329164 0.3948456 0.181541 0.3948456 0.2553526 0.3476586 0.2553526 0.3948456 0.181541 0.3948456 0.1509672 0.3476586 0.181541 0.3476586 0.329164 0.3476586 0.3597378 0.3948456 0.329164 0.3948456 0.3463308 0.3946616 0.3593886 0.32085 0.315757 0.32085 0.315757 0.4684731 0.3596529 0.4990468 0.3027312 0.4990468 0.3027312 0.3948456 0.3596529 0.3476586 0.3027312 0.3476586 0.315757 0.32085 0.3596529 0.2902763 0.3593886 0.32085 0.3027312 0.3948456 0.3596529 0.3476586 0.3596529 0.3948456 0.315757 0.32085 0.3596529 0.2902763 0.3027312 0.2902763 0.3325012 0.4248926 0.2553526 0.3948456 0.329164 0.3948456 0.5607458 0.7341598 0.3781166 0.7849947 0.3781166 0.7341598 0.2419456 0.3948456 0.3157571 0.4248926 0.315757 0.3948456 0.6344368 0.4233705 0.817066 0.4742054 0.817066 0.4233705 0.2553526 0.415683 0.329164 0.3948456 0.2553526 0.3948456 0.8529768 0.2539769 0.8319203 0.3820935 0.8529768 0.3820935 0.181541 0.3948456 0.2553526 0.415683 0.2553526 0.3948456 0.9038117 0.2750334 0.9546466 0.3820935 0.9546466 0.2539769 0.2419456 0.4248926 0.168134 0.3948456 0.2419456 0.3948456 0.9546466 0.2539769 0.9757031 0.3820935 0.9757031 0.203142 0.315757 0.3948456 0.2419456 0.4248926 0.2419456 0.3948456 0.6497887 0.8341239 0.8324179 0.783289 0.8324179 0.8341239 0.2553526 0.3948456 0.1848781 0.4248926 0.181541 0.3948456 0.3781166 0.7849947 0.5607458 0.8358296 0.3781166 0.8358296 0.168134 0.4262818 0.2419456 0.3948456 0.168134 0.3948456 0.8185229 0.0805751 0.7676881 0.1876352 0.7676881 0.05951863 0.3581264 0.308928 0.3411616 0.2905592 0.3623309 0.3035472 0.2419205 0.2966956 0.2900546 0.2832205 0.2900546 0.2897838 0.3581264 0.308928 0.3623309 0.4871542 0.3581264 0.481854 0.2219828 0.481854 0.2389475 0.4981458 0.2177783 0.4871542 0.8693579 0.05951863 0.8904144 0.1876352 0.8693579 0.1876352 0.8185229 0.0805751 0.8693579 0.1876352 0.8185229 0.1876352 0.6497887 0.783289 0.8324179 0.6043375 0.8324179 0.783289 0.6344368 0.4233705 0.817066 0.244419 0.6344368 0.244419 0.7676881 0.05951863 0.7466316 0.1876352 0.7466316 0.008683681 0.9038117 0.2750334 0.8529768 0.3820935 0.9038117 0.3820935 0.29773 0.4530708 0.2782769 0.4742401 0.29773 0.4742401 0.29773 0.3508566 0.2782769 0.4019637 0.29773 0.4019637 0.3051719 0.3035472 0.2857187 0.4871542 0.3051719 0.4871542 0.3051719 0.4967169 0.2857187 0.4755477 0.3051719 0.4755477 0.2419205 0.4922062 0.2900546 0.508867 0.2389475 0.4981458 0.3381885 0.2966956 0.2900546 0.2832205 0.3411616 0.2905592 0.3581264 0.481854 0.3411616 0.4981458 0.3381885 0.4922062 0.2219828 0.308928 0.2177783 0.4871542 0.2177783 0.3035472 0.2219828 0.308928 0.2389475 0.2905592 0.2419205 0.2966956 0.3381885 0.4922062 0.2900546 0.508867 0.2900546 0.5023037 0.2900546 0.2832205 0.3343537 0.3046107 0.3411616 0.2905592 0.2900546 0.508867 0.2457554 0.4845448 0.2389475 0.4981458 0.3411616 0.2905592 0.352703 0.3158686 0.3623309 0.3035472 0.2900546 0.2832205 0.2457554 0.3046107 0.2900546 0.2982497 0.29773 0.4019637 0.2782769 0.3508566 0.29773 0.3508566 0.29773 0.4019637 0.2782769 0.4530708 0.29773 0.4530708 0.29773 0.4742401 0.2782769 0.4530708 0.29773 0.4530708 0.3051719 0.3035472 0.2857187 0.4871542 0.2857187 0.3035472 0.3051719 0.4967169 0.2857187 0.4755477 0.2857187 0.4967169 0.29773 0.4530708 0.2782769 0.4019637 0.29773 0.4019637 0.2782769 0.4019637 0.2667599 0.4462628 0.2782769 0.4462628 0.2900546 0.3102086 0.3343537 0.4726728 0.3343537 0.3165993 0.2782769 0.3576646 0.2667599 0.4019637 0.2782769 0.4019637 0.2782769 0.4646121 0.2667599 0.4462628 0.2782769 0.4462628 0.3411616 0.4981458 0.352703 0.4750174 0.3343537 0.4845448 0.2177783 0.4871542 0.2274062 0.3158686 0.2177783 0.3035472 0.2389475 0.2905592 0.2274062 0.3158686 0.2457554 0.3046107 0.2900546 0.508867 0.3343537 0.4845448 0.2900546 0.4938378 0.2389475 0.4981458 0.2274062 0.4750174 0.2177783 0.4871542 0.3623309 0.4871542 0.352703 0.3158686 0.352703 0.4750174 0.2782769 0.4462628 0.2667599 0.4019637 0.2782769 0.4019637 0.2782769 0.4019637 0.2667599 0.3576646 0.2782769 0.3576646 0.2857187 0.5035249 0.2742017 0.4851756 0.2857187 0.4851756 0.2782769 0.4462628 0.2667599 0.4646121 0.2782769 0.4646121 0.2385104 0.3210843 0.2457554 0.4726728 0.2457554 0.3165993 0.2457554 0.4726728 0.2900546 0.3102086 0.2457554 0.3165993 0.2857187 0.4750174 0.2742017 0.3158686 0.2857187 0.3158686 0.2857187 0.4851756 0.2742017 0.5035249 0.2857187 0.5035249 0.3343537 0.4726728 0.3415988 0.3210843 0.3343537 0.3165993 0.2630975 0.4688863 0.2742017 0.3158686 0.2630975 0.3210843 0.2630975 0.4688863 0.2742017 0.3158686 0.2742017 0.4750174 0.2900546 0.3102086 0.3343537 0.3046107 0.2900546 0.2982497 0.3343537 0.4845448 0.2900546 0.4819861 0.2900546 0.4938378 0.2900546 0.3102086 0.2457554 0.3046107 0.2457554 0.3165993 0.2457554 0.4845448 0.2900546 0.4819861 0.2457554 0.4726728 0.2385104 0.3210843 0.2457554 0.3046107 0.2274062 0.3158686 0.2457554 0.4845448 0.2385104 0.4688863 0.2274062 0.4750174 0.3415988 0.3210843 0.3343537 0.3046107 0.3343537 0.3165993 0.3343537 0.4845448 0.3415988 0.4688863 0.3343537 0.4726728 0.2857187 0.3158686 0.2742017 0.4750174 0.2857187 0.4750174 0.8523027 0.5563178 0.9430748 0.5372235 0.8523027 0.5364286 0.8523027 0.5547826 0.9430748 0.5774077 0.8523027 0.5781638 0.8523027 0.5440255 0.9430748 0.5681187 0.8523027 0.5686099 0.9158485 0.5563178 0.8795291 0.5681187 0.8795291 0.5445169 0.9430748 0.5774077 0.8523027 0.5547826 0.8523027 0.5781638 0.9430748 0.575412 0.8523027 0.5563178 0.8523027 0.5762069 0.4457125 0.4801818 0.468348 0.4680691 0.4666621 0.4801818 0.4470074 0.4680691 0.4725909 0.4551005 0.4783153 0.4680691 0.4448406 0.4801818 0.4626613 0.4680691 0.4373326 0.4680691 0.4804822 0.4801818 0.4626613 0.4680691 0.4626615 0.4801818 0.4516475 0.4801818 0.4783153 0.4680691 0.4736753 0.4801818 0.4457125 0.4801818 0.468348 0.4680691 0.4385724 0.4680691 0.4787278 0.4712483 0.4725909 0.4523611 0.4527317 0.4523611 0.4626613 0.4680691 0.4787278 0.4551005 0.4626613 0.4551005 0.468348 0.4680691 0.4473813 0.4551005 0.4385724 0.4680691 0.468348 0.4680691 0.4473813 0.4551005 0.4662685 0.4551005 0.4626613 0.4680691 0.4465949 0.4551005 0.4373326 0.4680691 0.8798026 0.5820673 0.9011592 0.5590576 0.8798026 0.5590576 0.8736685 0.5820673 0.8918356 0.5590576 0.8736685 0.5590576 0.8848964 0.5820673 0.8624406 0.5590576 0.8848964 0.5590576 0.8555015 0.5820673 0.8736685 0.5590576 0.8555015 0.5590576 0.9011592 0.5820673 0.8798026 0.5590576 0.9011592 0.5590576 0.2757008 0.4981828 0.3033498 0.4022474 0.2745957 0.4022474 0.277054 0.4981828 0.3098055 0.4022474 0.2760031 0.4022474 0.3211207 0.4022474 0.2862618 0.4981828 0.2855789 0.4022474 0.3098055 0.4022474 0.277054 0.4981828 0.2760031 0.4022474 0.3033498 0.4022474 0.3309988 0.4981828 0.3321038 0.4022474 0.3322353 0.350812 0.3472601 0.29793 0.3478672 0.350812 0.3345298 0.350812 0.3257667 0.3106508 0.3333303 0.29793 0.3477259 0.3512693 0.3325629 0.3106508 0.3323767 0.3512693 0.3345298 0.350812 0.3257667 0.3106508 0.3257425 0.3512693 0.3326037 0.4502447 0.3477259 0.3512693 0.3323767 0.3512693 0.3475396 0.3106508 0.3328425 0.29793 0.3325629 0.3106508 0.3326037 0.4502447 0.3612987 0.4675402 0.3474988 0.4502447 0.3450328 0.4502447 0.3345298 0.350812 0.3257425 0.3512693 0.3345298 0.350812 0.3450328 0.4502447 0.3257425 0.3512693 0.3472778 0.449822 0.3322353 0.350812 0.3478672 0.350812 0.3455123 0.4970219 0.3538569 0.4675403 0.345476 0.4675402 0.3612996 0.4675403 0.3328248 0.449822 0.3472778 0.449822 0.3450328 0.4502447 0.3538569 0.4675403 0.3543602 0.449822 0.3538569 0.4675403 0.3450328 0.4502447 0.3543602 0.449822 0.3538569 0.4675403 0.3455123 0.4970219 0.345476 0.4675402 0.3538017 0.5044863 0.3612665 0.4970219 0.3612987 0.4675402 0.3263009 0.5044863 0.318836 0.4970219 0.318803 0.4675403 0.3455123 0.3799929 0.3538215 0.3874577 0.3455125 0.3874577 0.3538215 0.4224234 0.3455125 0.4149586 0.3538215 0.4149586 0.3538215 0.4149586 0.3455125 0.3874577 0.3538215 0.3874577 0.1861557 0.4809089 0.3088961 0.4639329 0.1861557 0.4639329 0.3088961 0.4809089 0.3214532 0.4639331 0.3214532 0.4925164 0.3088961 0.4639329 0.1861557 0.4469569 0.3088961 0.4469569 0.2707805 0.4639329 0.2368288 0.4639329 0.2538046 0.4469569 0.3088961 0.4469569 0.1861557 0.4639329 0.3088961 0.4639329 0.3088961 0.4809089 0.1861557 0.4639329 0.3088961 0.4639329 0.2252214 0.4639331 0.2823875 0.4639331 0.2538045 0.4353499 0.3088961 0.4809089 0.3214532 0.4639331 0.3088961 0.4639329 0.3088961 0.4469569 0.3214532 0.4639331 0.3088961 0.4639329 0.3088961 0.4639329 0.3214532 0.4353499 0.3088961 0.4469569 0.9131263 0.5383011 0.8615273 0.5714677 0.9131263 0.5714677 0.8604974 0.5383011 0.9141563 0.5714677 0.8604974 0.5714677 0.8615273 0.5383011 0.9131263 0.5714677 0.8615273 0.5714677 0.8615273 0.5280549 0.9131263 0.5817139 0.9131263 0.5280549 0.9131263 0.5280549 0.8615273 0.5817139 0.8615273 0.5280549 0.8523027 0.5563178 0.9430748 0.5372235 0.8523027 0.5364286 0.8523027 0.5547826 0.9430748 0.5774077 0.8523027 0.5781638 0.8523027 0.5440255 0.9430748 0.5681187 0.8523027 0.5686099 0.9158485 0.5563178 0.8795291 0.5681187 0.8795291 0.5445169 0.9430748 0.5774077 0.8523027 0.5547826 0.8523027 0.5781638 0.9430748 0.575412 0.8523027 0.5563178 0.8523027 0.5762069 0.4457125 0.4801818 0.468348 0.4680691 0.4666621 0.4801818 0.4470074 0.4680691 0.4725909 0.4551005 0.4783153 0.4680691 0.4448406 0.4801818 0.4626613 0.4680691 0.4373326 0.4680691 0.4804822 0.4801818 0.4626613 0.4680691 0.4626615 0.4801818 0.4516475 0.4801818 0.4783153 0.4680691 0.4736753 0.4801818 0.4457125 0.4801818 0.468348 0.4680691 0.4385724 0.4680691 0.4787278 0.4712483 0.4725909 0.4523611 0.4527317 0.4523611 0.4626613 0.4680691 0.4787278 0.4551005 0.4626613 0.4551005 0.468348 0.4680691 0.4473813 0.4551005 0.4385724 0.4680691 0.468348 0.4680691 0.4473813 0.4551005 0.4662685 0.4551005 0.4626613 0.4680691 0.4465949 0.4551005 0.4373326 0.4680691 0.8798026 0.5820673 0.9011592 0.5590576 0.8798026 0.5590576 0.8736685 0.5820673 0.8918356 0.5590576 0.8736685 0.5590576 0.8848964 0.5820673 0.8624406 0.5590576 0.8848964 0.5590576 0.8555015 0.5820673 0.8736685 0.5590576 0.8555015 0.5590576 0.9011592 0.5820673 0.8798026 0.5590576 0.9011592 0.5590576 0.2757008 0.4981828 0.3033498 0.4022474 0.2745957 0.4022474 0.277054 0.4981828 0.3098055 0.4022474 0.2760031 0.4022474 0.3211207 0.4022474 0.2862618 0.4981828 0.2855789 0.4022474 0.3098055 0.4022474 0.277054 0.4981828 0.2760031 0.4022474 0.3033498 0.4022474 0.3309988 0.4981828 0.3321038 0.4022474 0.3478672 0.350812 0.3328425 0.29793 0.3472601 0.29793 0.3345298 0.350812 0.3257667 0.3106508 0.3333303 0.29793 0.3477259 0.3512693 0.3325629 0.3106508 0.3323767 0.3512693 0.3345298 0.350812 0.3257667 0.3106508 0.3257425 0.3512693 0.3326037 0.4502447 0.3477259 0.3512693 0.3323767 0.3512693 0.3475396 0.3106508 0.3328425 0.29793 0.3325629 0.3106508 0.3188039 0.4675402 0.3474988 0.4502447 0.3326037 0.4502447 0.3450328 0.4502447 0.3345298 0.350812 0.3257425 0.3512693 0.3345298 0.350812 0.3450328 0.4502447 0.3257425 0.3512693 0.3472778 0.449822 0.3322353 0.350812 0.3478672 0.350812 0.3455123 0.4970219 0.3538569 0.4675403 0.345476 0.4675402 0.3612996 0.4675403 0.3328248 0.449822 0.3472778 0.449822 0.3450328 0.4502447 0.3538569 0.4675403 0.3543602 0.449822 0.3538569 0.4675403 0.3450328 0.4502447 0.3543602 0.449822 0.3538569 0.4675403 0.3455123 0.4970219 0.345476 0.4675402 0.3538017 0.5044863 0.3612665 0.4970219 0.3612987 0.4675402 0.3263009 0.5044863 0.318836 0.4970219 0.318803 0.4675403 0.3455123 0.3799929 0.3538215 0.3874577 0.3455125 0.3874577 0.3538215 0.4224234 0.3455125 0.4149586 0.3538215 0.4149586 0.3538215 0.4149586 0.3455125 0.3874577 0.3538215 0.3874577 0.1861557 0.4809089 0.3088961 0.4639329 0.1861557 0.4639329 0.3088961 0.4809089 0.3214532 0.4639331 0.3214532 0.4925164 0.3088961 0.4639329 0.1861557 0.4469569 0.3088961 0.4469569 0.2707805 0.4639329 0.2368288 0.4639329 0.2538046 0.4469569 0.3088961 0.4469569 0.1861557 0.4639329 0.3088961 0.4639329 0.3088961 0.4809089 0.1861557 0.4639329 0.3088961 0.4639329 0.2252214 0.4639331 0.2823875 0.4639331 0.2538045 0.4353499 0.3088961 0.4809089 0.3214532 0.4639331 0.3088961 0.4639329 0.3088961 0.4469569 0.3214532 0.4639331 0.3088961 0.4639329 0.3088961 0.4639329 0.3214532 0.4353499 0.3088961 0.4469569 0.9131263 0.5383011 0.8615273 0.5714677 0.9131263 0.5714677 0.8604974 0.5383011 0.9141563 0.5714677 0.8604974 0.5714677 0.8615273 0.5383011 0.9131263 0.5714677 0.8615273 0.5714677 0.8615273 0.5280549 0.9131263 0.5817139 0.9131263 0.5280549 0.9131263 0.5280549 0.8615273 0.5817139 0.8615273 0.5280549 0.8523027 0.5563178 0.9430748 0.5372235 0.8523027 0.5364286 0.8523027 0.5547826 0.9430748 0.5774077 0.8523027 0.5781638 0.8523027 0.5440255 0.9430748 0.5681187 0.8523027 0.5686099 0.9158485 0.5563178 0.8795291 0.5681187 0.8795291 0.5445169 0.9430748 0.5774077 0.8523027 0.5547826 0.8523027 0.5781638 0.9430748 0.575412 0.8523027 0.5563178 0.8523027 0.5762069 0.4457125 0.4801818 0.468348 0.4680691 0.4666621 0.4801818 0.4470074 0.4680691 0.4725909 0.4551005 0.4783153 0.4680691 0.4448406 0.4801818 0.4626613 0.4680691 0.4373326 0.4680691 0.4804822 0.4801818 0.4626613 0.4680691 0.4626615 0.4801818 0.4516475 0.4801818 0.4783153 0.4680691 0.4736753 0.4801818 0.4457125 0.4801818 0.468348 0.4680691 0.4385724 0.4680691 0.4787278 0.4712483 0.4725909 0.4523611 0.4527317 0.4523611 0.4626613 0.4680691 0.4787278 0.4551005 0.4626613 0.4551005 0.468348 0.4680691 0.4473813 0.4551005 0.4385724 0.4680691 0.468348 0.4680691 0.4473813 0.4551005 0.4662685 0.4551005 0.4626613 0.4680691 0.4465949 0.4551005 0.4373326 0.4680691 0.8798026 0.5820673 0.9011592 0.5590576 0.8798026 0.5590576 0.8736685 0.5820673 0.8918356 0.5590576 0.8736685 0.5590576 0.8848964 0.5820673 0.8624406 0.5590576 0.8848964 0.5590576 0.8555015 0.5820673 0.8736685 0.5590576 0.8555015 0.5590576 0.9011592 0.5820673 0.8798026 0.5590576 0.9011592 0.5590576 0.2757008 0.4981828 0.3033498 0.4022474 0.2745957 0.4022474 0.277054 0.4981828 0.3098055 0.4022474 0.2760031 0.4022474 0.3211207 0.4022474 0.2862618 0.4981828 0.2855789 0.4022474 0.3098055 0.4022474 0.277054 0.4981828 0.2760031 0.4022474 0.3033498 0.4022474 0.3309988 0.4981828 0.3321038 0.4022474 0.3322353 0.350812 0.3472601 0.29793 0.3478672 0.350812 0.3345298 0.350812 0.3257667 0.3106508 0.3333303 0.29793 0.3477259 0.3512693 0.3325629 0.3106508 0.3323767 0.3512693 0.3345298 0.350812 0.3257667 0.3106508 0.3257425 0.3512693 0.3326037 0.4502447 0.3477259 0.3512693 0.3323767 0.3512693 0.3475396 0.3106508 0.3328425 0.29793 0.3325629 0.3106508 0.3188039 0.4675402 0.3474988 0.4502447 0.3326037 0.4502447 0.3450328 0.4502447 0.3345298 0.350812 0.3257425 0.3512693 0.3345298 0.350812 0.3450328 0.4502447 0.3257425 0.3512693 0.3472778 0.449822 0.3322353 0.350812 0.3478672 0.350812 0.3455123 0.4970219 0.3538569 0.4675403 0.345476 0.4675402 0.3612996 0.4675403 0.3328248 0.449822 0.3472778 0.449822 0.3450328 0.4502447 0.3538569 0.4675403 0.3543602 0.449822 0.3538569 0.4675403 0.3450328 0.4502447 0.3543602 0.449822 0.3538569 0.4675403 0.3455123 0.4970219 0.345476 0.4675402 0.3538017 0.5044863 0.3612665 0.4970219 0.3612987 0.4675402 0.3263009 0.5044863 0.318836 0.4970219 0.318803 0.4675403 0.3455123 0.3799929 0.3538215 0.3874577 0.3455125 0.3874577 0.3538215 0.4224234 0.3455125 0.4149586 0.3538215 0.4149586 0.3538215 0.4149586 0.3455125 0.3874577 0.3538215 0.3874577 0.1861557 0.4809089 0.3088961 0.4639329 0.1861557 0.4639329 0.3088961 0.4809089 0.3214532 0.4639331 0.3214532 0.4925164 0.3088961 0.4639329 0.1861557 0.4469569 0.3088961 0.4469569 0.2707805 0.4639329 0.2368288 0.4639329 0.2538046 0.4469569 0.3088961 0.4469569 0.1861557 0.4639329 0.3088961 0.4639329 0.3088961 0.4809089 0.1861557 0.4639329 0.3088961 0.4639329 0.2252214 0.4639331 0.2823875 0.4639331 0.2538045 0.4353499 0.3088961 0.4809089 0.3214532 0.4639331 0.3088961 0.4639329 0.3088961 0.4469569 0.3214532 0.4639331 0.3088961 0.4639329 0.3088961 0.4639329 0.3214532 0.4353499 0.3088961 0.4469569 0.9131263 0.5383011 0.8615273 0.5714677 0.9131263 0.5714677 0.8604974 0.5383011 0.9141563 0.5714677 0.8604974 0.5714677 0.8615273 0.5383011 0.9131263 0.5714677 0.8615273 0.5714677 0.8615273 0.5280549 0.9131263 0.5817139 0.9131263 0.5280549 0.9131263 0.5280549 0.8615273 0.5817139 0.8615273 0.5280549 0.2908955 0.4734328 0.3526098 0.4418885 0.2992665 0.4418885 0.2908955 0.4734328 0.3526098 0.4418885 0.2992665 0.4418885 0.3609808 0.4734328 0.2992665 0.4418885 0.3526098 0.4418885 0.3609808 0.4734328 0.2992665 0.4418885 0.3526098 0.4418885 0.3526098 0.4843323 0.2992665 0.430989 0.2992665 0.4843323 0.2992665 0.4418885 0.3609808 0.4734328 0.2908955 0.4734328 0.3526098 0.4418885 0.2908955 0.4734328 0.2992665 0.4418885 0.2992665 0.4418885 0.3609808 0.4734328 0.3526098 0.4418885 0.2992665 0.4418885 0.3609808 0.4734328 0.3526098 0.4418885 0.2992665 0.430989 0.3526098 0.4843323 0.2992665 0.4843323 0.3526098 0.4418885 0.2908955 0.4734328 0.2992665 0.4418885 0.3526098 0.4418885 0.2908955 0.4734328 0.2992665 0.4418885 0.2992665 0.4418885 0.3609808 0.4734328 0.3526098 0.4418885 0.2992665 0.4418885 0.3609808 0.4734328 0.3526098 0.4418885 0.2992665 0.430989 0.3526098 0.4843323 0.2992665 0.4843323 0.2992665 0.4418885 0.3609808 0.4734328 0.3526098 0.4418885 0.2908955 0.4734328 0.3526098 0.4418885 0.2992665 0.4418885 0.3609808 0.4734328 0.2992665 0.4418885 0.3526098 0.4418885 0.3609808 0.4734328 0.2992665 0.4418885 0.3526098 0.4418885 0.3526098 0.4843323 0.2992665 0.430989 0.2992665 0.4843323 0.1272484 0.2374438 0.1272484 0.2707988 0.3759241 0.2707988 0.3778291 0.2669537 0.1257511 0.2669537 0.1257815 0.2331305 0.3783164 0.03699612 0.1258119 0.03699612 0.1257815 0.2331305 0.3745205 0.2602597 0.3745205 0.02149736 0.1293249 0.02149736 0.3850576 0.3792042 0.1440704 0.3792042 0.1440704 0.3460094 0.1257511 0.04248803 0.1257511 0.009562551 0.3778291 0.009562551 0.3633295 0.2542853 0.3633295 0.02759593 0.1305322 0.02759593 0.3759241 0.04936265 0.3759241 0.01688158 0.1272484 0.01688158 0.1301192 0.04275691 0.1301192 0.01009029 0.3736535 0.01009029 0.232929 0.388455 0.2803668 0.388455 0.2803668 0.4036326 0.1434977 0.4036326 0.1434977 0.388455 0.2566479 0.388455 0.2357468 0.254161 0.3307855 0.254161 0.3307855 0.02747172 0.007965445 0.008011102 0.1108753 0.008011102 0.1108753 0.2534751 0.232929 0.4036326 0.2803668 0.4036326 0.2803668 0.388455 0.007965445 0.2534751 0.1108753 0.2534751 0.1108753 0.4989391 0.2357468 0.2542853 0.3307855 0.2542853 0.3307855 0.02759593 0.2566479 0.4036326 0.2566479 0.388455 0.3697982 0.388455 0.3783164 0.03699612 0.3783164 0.003126263 0.1258119 0.003126263 0.3633295 0.254161 0.3633295 0.02747172 0.1305322 0.02747172 0.1484439 0.3780307 0.3866276 0.3780307 0.3858426 0.3456158 0.1330332 0.2636745 0.1330332 0.02753311 0.3755373 0.02753311 0.1301192 0.04275691 0.3736535 0.04275691 0.3736535 0.2319123 0.1301192 0.2319123 0.3736535 0.2319123 0.3736535 0.2654579 0.126207 0.2268046 0.3834876 0.2272313 0.3843384 0.02631151 0.3834876 0.2272313 0.1214672 0.227658 0.1214672 0.024805 0.3783164 0.2331188 0.1257815 0.2331305 0.1258119 0.2679 0.3778291 0.2331423 0.1257815 0.2331305 0.1257511 0.04248803 0.1272484 0.04936265 0.1272484 0.2374438 0.3759241 0.2374437 0.4162521 0.1354329 0.3926157 0.1354329 0.3926157 0.1862678 0.3107893 0.7057367 0.3107893 0.7403061 0.2599544 0.7403061 0.6157846 0.2538007 0.6157846 0.3046356 0.5812152 0.3046356 0.6157846 0.3046356 0.6157846 0.3554705 0.5921482 0.3554705 0.7539524 0.5324462 0.7031175 0.5324462 0.7031175 0.5454185 0.7031175 0.5454185 0.7031175 0.5324462 0.6522826 0.5324462 0.4271852 0.1862678 0.3926157 0.1862678 0.3926157 0.2371027 0.168134 0.4651379 0.2419456 0.4957116 0.315757 0.4651379 0.315757 0.4651379 0.3463308 0.3913263 0.315757 0.3175148 0.315757 0.3175148 0.2419456 0.2869411 0.168134 0.3175148 0.168134 0.3175148 0.1375603 0.3913263 0.168134 0.4651379 0.168134 0.4651379 0.315757 0.4651379 0.315757 0.3175148 0.3616242 0.7403061 0.3107893 0.7403061 0.3107893 0.7057367 0.2419456 0.3948456 0.3027312 0.3948456 0.3027312 0.3476586 0.6242005 0.9825263 0.5852931 0.9436189 0.5935991 0.9401785 0.6242005 0.9825263 0.627641 0.9742203 0.6757833 0.9742203 0.7181311 0.9436189 0.6792238 0.9825263 0.6757833 0.9742203 0.7181311 0.8885956 0.7181311 0.9436189 0.7098252 0.9401785 0.6792238 0.8496882 0.7181311 0.8885956 0.7098252 0.892036 0.6792238 0.8496882 0.6757833 0.8579942 0.6276409 0.8579942 0.6242005 0.8496882 0.6276409 0.8579942 0.5935991 0.892036 0.5852931 0.8885956 0.5935991 0.892036 0.5935991 0.9401785 0.6757833 0.9742203 0.627641 0.9742203 0.5935991 0.9401785 0.5935991 0.9401785 0.5935991 0.892036 0.6276409 0.8579942 0.6276409 0.8579942 0.6757833 0.8579942 0.7098252 0.892036 0.7098252 0.892036 0.7098252 0.9401785 0.6757833 0.9742203 0.6757833 0.9742203 0.5935991 0.9401785 0.7098252 0.892036 0.2486439 0.3948456 0.3224555 0.3948456 0.3224555 0.3476586 0.3463308 0.3913263 0.3587682 0.3913263 0.3593886 0.4651379 0.168134 0.3948456 0.168134 0.3476586 0.2419456 0.3476586 0.2419456 0.3948456 0.2419456 0.3476586 0.168134 0.3476586 0.3463308 0.3913263 0.315757 0.3175148 0.3593886 0.3175148 0.2486439 0.3948456 0.2486439 0.3476586 0.1748324 0.3476586 0.315757 0.4651379 0.3027312 0.4957116 0.3596529 0.4957116 0.2419456 0.3476586 0.3027312 0.3476586 0.3027312 0.3948456 0.3463308 0.3913263 0.315757 0.4651379 0.3593886 0.4651379 0.2486439 0.3948456 0.2486439 0.3476586 0.3224555 0.3476586 0.1748324 0.3948456 0.1748324 0.3476586 0.2486439 0.3476586 0.1748324 0.3948456 0.1442586 0.3948456 0.1442586 0.3476586 0.3224555 0.3476586 0.3530291 0.3476586 0.3530291 0.3948456 0.3463308 0.3913263 0.3587682 0.3913263 0.3593886 0.3175148 0.315757 0.4651379 0.3593886 0.4651379 0.3596529 0.4957116 0.3027312 0.3948456 0.3596529 0.3948456 0.3596529 0.3476586 0.315757 0.3175148 0.3027312 0.2869411 0.3596529 0.2869411 0.3027312 0.3948456 0.3027312 0.3476586 0.3596529 0.3476586 0.315757 0.3175148 0.3593886 0.3175148 0.3596529 0.2869411 0.3257925 0.4248926 0.2486439 0.4450398 0.2486439 0.3948456 0.3616242 0.7057367 0.3107893 0.7057367 0.3107893 0.5231075 0.2419456 0.3948456 0.2419456 0.4248926 0.3157571 0.4248926 0.4271852 0.1862678 0.4271852 0.2371027 0.6098144 0.2371027 0.2486439 0.415683 0.3224555 0.4262818 0.3224555 0.3948456 0.8563883 0.450141 0.8353318 0.3993061 0.8353318 0.5782576 0.1748324 0.3948456 0.1748324 0.4262818 0.2486439 0.415683 0.9072232 0.4711976 0.9072232 0.5782576 0.9580581 0.5782576 0.2419456 0.4248926 0.168134 0.4262818 0.168134 0.3948456 0.9580581 0.450141 0.9580581 0.5782576 0.9791147 0.5782576 0.315757 0.3948456 0.3157571 0.4248926 0.2419456 0.4248926 0.5812152 0.2538006 0.5812152 0.3046356 0.3985859 0.3046356 0.2486439 0.3948456 0.2486439 0.4450398 0.1781694 0.4248926 0.3107893 0.5231075 0.3107893 0.7057367 0.2599544 0.7057367 0.168134 0.4262818 0.2419456 0.4248926 0.2419456 0.3948456 0.08910399 0.8219345 0.1961641 0.8219345 0.1961641 0.8727694 0.3477749 0.308928 0.3278372 0.2966956 0.3308102 0.2905592 0.2315691 0.2966956 0.228596 0.2905592 0.2797031 0.2832205 0.3477749 0.308928 0.3519794 0.3035472 0.3519794 0.4871542 0.2116314 0.481854 0.2315691 0.4922062 0.228596 0.4981458 0.06804752 0.7710996 0.01721256 0.7500431 0.1961641 0.7500431 0.08910399 0.8219345 0.06804752 0.7710996 0.1961641 0.7710996 0.5812152 0.3046356 0.5812152 0.483587 0.3985859 0.483587 0.4271852 0.1862678 0.6098144 0.1862678 0.6098144 0.007316291 0.06804752 0.8727694 0.1961641 0.8727694 0.1961641 0.8938259 0.9072232 0.4711976 0.8563883 0.450141 0.8563883 0.5782576 0.3051719 0.2953706 0.2857187 0.2953706 0.2857187 0.3165398 0.309637 0.3256214 0.2901838 0.3256214 0.2901838 0.3767285 0.3051719 0.3035472 0.2857187 0.3035472 0.2857187 0.4871542 0.309637 0.3256214 0.2901838 0.3256214 0.2901838 0.3044522 0.2315691 0.4922062 0.2797031 0.5023037 0.2797031 0.508867 0.3278372 0.2966956 0.2797031 0.2897838 0.2797031 0.2832205 0.3477749 0.481854 0.3519794 0.4871542 0.3308102 0.4981458 0.2116314 0.308928 0.2116314 0.481854 0.2074268 0.4871542 0.2116314 0.308928 0.2074268 0.3035472 0.228596 0.2905592 0.3278372 0.4922062 0.3308102 0.4981458 0.2797031 0.508867 0.2797031 0.2832205 0.2797031 0.2982497 0.3240022 0.3046107 0.2797031 0.508867 0.2797031 0.4938378 0.235404 0.4845448 0.3308102 0.2905592 0.3240022 0.3046107 0.3423516 0.3158686 0.2797031 0.2832205 0.228596 0.2905592 0.235404 0.3046107 0.309637 0.3767285 0.2901838 0.3767285 0.2901838 0.3256214 0.309637 0.3767285 0.2901838 0.3767285 0.2901838 0.4278356 0.3051719 0.3165398 0.2857187 0.3165398 0.2857187 0.2953706 0.3051719 0.3035472 0.3051719 0.4871542 0.2857187 0.4871542 0.309637 0.3256214 0.309637 0.3044522 0.2901838 0.3044522 0.309637 0.4278356 0.2901838 0.4278356 0.2901838 0.3767285 0.2901838 0.3767285 0.2786668 0.3767285 0.2786668 0.4210276 0.2797031 0.3102086 0.2797031 0.4819861 0.3240022 0.4726728 0.2901838 0.3324294 0.2786668 0.3324294 0.2786668 0.3767285 0.2857187 0.306912 0.2742017 0.306912 0.2742017 0.2885626 0.3308102 0.4981458 0.3519794 0.4871542 0.3423516 0.4750174 0.2074268 0.4871542 0.2170547 0.4750174 0.2170547 0.3158686 0.228596 0.2905592 0.2074268 0.3035472 0.2170547 0.3158686 0.2797031 0.508867 0.3308102 0.4981458 0.3240022 0.4845448 0.228596 0.4981458 0.235404 0.4845448 0.2170547 0.4750174 0.3519794 0.4871542 0.3519794 0.3035472 0.3423516 0.3158686 0.2901838 0.4210276 0.2786668 0.4210276 0.2786668 0.3767285 0.2901838 0.3767285 0.2786668 0.3767285 0.2786668 0.3324294 0.2901838 0.3324294 0.2786668 0.3324294 0.2786668 0.3140801 0.2857187 0.2885626 0.2742017 0.2885626 0.2742017 0.306912 0.228159 0.3210843 0.228159 0.4688863 0.235404 0.4726728 0.235404 0.4726728 0.2797031 0.4819861 0.2797031 0.3102086 0.2857187 0.4750174 0.2742017 0.4750174 0.2742017 0.3158686 0.2901838 0.3140801 0.2786668 0.3140801 0.2786668 0.3324294 0.3240022 0.4726728 0.3312473 0.4688863 0.3312473 0.3210843 0.3312473 0.4688863 0.3423516 0.4750174 0.3423516 0.3158686 0.228159 0.4688863 0.228159 0.3210843 0.2170547 0.3158686 0.2797031 0.3102086 0.3240022 0.3165993 0.3240022 0.3046107 0.3240022 0.4845448 0.3240022 0.4726728 0.2797031 0.4819861 0.2797031 0.3102086 0.2797031 0.2982497 0.235404 0.3046107 0.235404 0.4845448 0.2797031 0.4938378 0.2797031 0.4819861 0.228159 0.3210843 0.235404 0.3165993 0.235404 0.3046107 0.235404 0.4845448 0.235404 0.4726728 0.228159 0.4688863 0.3312473 0.3210843 0.3423516 0.3158686 0.3240022 0.3046107 0.3240022 0.4845448 0.3423516 0.4750174 0.3312473 0.4688863 0.2857187 0.3158686 0.2742017 0.3158686 0.2742017 0.4750174 0.5064316 0.522863 0.5064316 0.4992266 0.4555967 0.4992266 0.6775308 0.1905928 0.6775308 0.2251622 0.6266959 0.2251622 0.007316291 0.5162844 0.05815112 0.5162844 0.05815112 0.5508538 0.05815112 0.5162844 0.108986 0.5162844 0.1089861 0.5399208 0.6993675 0.4915075 0.6485326 0.4915075 0.6485326 0.5044798 0.6485326 0.5044798 0.6485326 0.4915075 0.5976977 0.4915075 0.4555967 0.5337961 0.4555967 0.4992266 0.4047618 0.4992266 0.168134 0.4684922 0.2419456 0.4990659 0.315757 0.3208691 0.2419456 0.4990659 0.315757 0.4684922 0.315757 0.3208691 0.315757 0.4684922 0.3463308 0.3946806 0.315757 0.3208691 0.315757 0.3208691 0.2419456 0.2902954 0.168134 0.3208691 0.168134 0.3208691 0.1375603 0.3946806 0.315757 0.3208691 0.7283657 0.2251622 0.6775308 0.2251622 0.6775308 0.1905928 0.2419456 0.3948456 0.3027312 0.3948456 0.3027312 0.3476586 0.4694135 0.9859378 0.465973 0.9776319 0.5000149 0.94359 0.5083208 0.9470305 0.5000149 0.94359 0.5000149 0.8954476 0.4694135 0.8530998 0.5083208 0.8920072 0.5000149 0.8954476 0.4694135 0.8530998 0.465973 0.8614058 0.4178306 0.8614058 0.3754828 0.8920072 0.4143902 0.8530998 0.4178306 0.8614058 0.3754828 0.9470304 0.3754828 0.8920072 0.3837888 0.8954476 0.3754828 0.9470304 0.3837888 0.94359 0.4178306 0.9776319 0.4143902 0.9859378 0.4178306 0.9776319 0.465973 0.9776319 0.5000149 0.8954476 0.5000149 0.94359 0.3837888 0.94359 0.5000149 0.94359 0.465973 0.9776319 0.3837888 0.94359 0.465973 0.9776319 0.4178306 0.9776319 0.3837888 0.94359 0.3837888 0.94359 0.3837888 0.8954476 0.4178306 0.8614058 0.4178306 0.8614058 0.465973 0.8614058 0.3837888 0.94359 0.2469381 0.3948456 0.3207496 0.3948456 0.3207496 0.3476586 0.3463308 0.3946806 0.3587682 0.3946806 0.3593886 0.4684922 0.168134 0.3948456 0.168134 0.3476586 0.2419456 0.3476586 0.2419456 0.3948456 0.2419456 0.3476586 0.168134 0.3476586 0.3463308 0.3946806 0.315757 0.3208691 0.3593886 0.3208691 0.2469381 0.3948456 0.2469381 0.3476586 0.1731265 0.3476586 0.315757 0.4684922 0.3027312 0.4990659 0.3596529 0.4990659 0.2419456 0.3476586 0.3027312 0.3476586 0.3027312 0.3948456 0.3463308 0.3946806 0.315757 0.4684922 0.3593886 0.4684922 0.2469381 0.3948456 0.2469381 0.3476586 0.3207496 0.3476586 0.1731265 0.3948456 0.1731265 0.3476586 0.2469381 0.3476586 0.1731265 0.3948456 0.1425528 0.3948456 0.1425528 0.3476586 0.3207496 0.3476586 0.3513233 0.3476586 0.3513233 0.3948456 0.3463308 0.3946806 0.3587682 0.3946806 0.3593886 0.3208691 0.315757 0.4684922 0.3593886 0.4684922 0.3596529 0.4990659 0.3027312 0.3948456 0.3596529 0.3948456 0.3596529 0.3476586 0.315757 0.3208691 0.3027312 0.2902954 0.3596529 0.2902954 0.3027312 0.3948456 0.3027312 0.3476586 0.3596529 0.3476586 0.315757 0.3208691 0.3593886 0.3208691 0.3596529 0.2902954 0.3240867 0.4248926 0.2469381 0.4450398 0.2469381 0.3948456 0.7283657 0.1905928 0.6775308 0.1905928 0.6775308 0.007963538 0.2419456 0.3948456 0.2419456 0.4248926 0.3157571 0.4248926 0.4555967 0.5337961 0.4047617 0.5337961 0.4047618 0.7164253 0.2469381 0.415683 0.3207496 0.4262818 0.3207496 0.3948456 0.8700345 0.6599513 0.8489781 0.6091164 0.8489781 0.7880679 0.1731265 0.3948456 0.1731265 0.4262818 0.2469381 0.415683 0.9208694 0.6810079 0.9208694 0.7880679 0.9717044 0.7880679 0.2419456 0.4248926 0.168134 0.4262818 0.168134 0.3948456 0.9717043 0.6599513 0.9717044 0.7880679 0.9927608 0.7880679 0.315757 0.3948456 0.3157571 0.4248926 0.2419456 0.4248926 0.007316231 0.5508539 0.05815112 0.5508538 0.05815118 0.733483 0.2469381 0.3948456 0.2469381 0.4450398 0.1764636 0.4248926 0.6775308 0.007963538 0.6775308 0.1905928 0.6266959 0.1905928 0.168134 0.4262818 0.2419456 0.4248926 0.2419456 0.3948456 0.2863212 0.8277044 0.2863212 0.9347645 0.2354863 0.9347645 0.3522065 0.308928 0.3322687 0.2966956 0.3352418 0.2905592 0.2360007 0.2966956 0.2330276 0.2905592 0.2841347 0.2832205 0.3522065 0.308928 0.356411 0.3035472 0.356411 0.4871542 0.2160629 0.481854 0.2360007 0.4922062 0.2330276 0.4981458 0.3371561 0.8066479 0.3582127 0.755813 0.3582127 0.9347645 0.2863212 0.8277044 0.3371561 0.8066479 0.3371561 0.9347645 0.05815112 0.5508538 0.2371026 0.5508538 0.2371026 0.733483 0.4555967 0.5337961 0.4555967 0.7164253 0.6345482 0.7164253 0.2354863 0.8066479 0.2354863 0.9347645 0.2144298 0.9347645 0.9208694 0.6810079 0.8700345 0.6599513 0.8700345 0.7880679 0.3051719 0.4471509 0.2857187 0.4471509 0.2857187 0.4683201 0.3051719 0.3449367 0.2857187 0.3449367 0.2857187 0.3960438 0.3051719 0.3035472 0.2857187 0.3035472 0.2857187 0.4871542 0.3051719 0.3449367 0.2857187 0.3449367 0.2857187 0.3237674 0.2360007 0.4922062 0.2841347 0.5023037 0.2841347 0.508867 0.3322687 0.2966956 0.2841347 0.2897838 0.2841347 0.2832205 0.3522065 0.481854 0.356411 0.4871542 0.3352418 0.4981458 0.2160629 0.308928 0.2160629 0.481854 0.2118583 0.4871542 0.2160629 0.308928 0.2118583 0.3035472 0.2330276 0.2905592 0.3322687 0.4922062 0.3352418 0.4981458 0.2841347 0.508867 0.2841347 0.2832205 0.2841347 0.2982497 0.3284338 0.3046107 0.2841347 0.508867 0.2841347 0.4938378 0.2398355 0.4845448 0.3352418 0.2905592 0.3284338 0.3046107 0.3467831 0.3158686 0.2841347 0.2832205 0.2330276 0.2905592 0.2398355 0.3046107 0.3051719 0.3960438 0.2857187 0.3960438 0.2857187 0.3449367 0.3051719 0.3960438 0.2857187 0.3960438 0.2857187 0.4471509 0.3051719 0.4683201 0.2857187 0.4683201 0.2857187 0.4471509 0.3051719 0.3035472 0.3051719 0.4871542 0.2857187 0.4871542 0.3051719 0.3449367 0.3051719 0.3237674 0.2857187 0.3237674 0.3051719 0.4471509 0.2857187 0.4471509 0.2857187 0.3960438 0.2857187 0.3960438 0.2742017 0.3960438 0.2742017 0.4403429 0.2841347 0.3102086 0.2841347 0.4819861 0.3284338 0.4726728 0.2857187 0.3517447 0.2742017 0.3517447 0.2742017 0.3960438 0.2857187 0.4586922 0.2742017 0.4586922 0.2742017 0.4403429 0.3352418 0.4981458 0.356411 0.4871542 0.3467831 0.4750174 0.2118583 0.4871542 0.2214862 0.4750174 0.2214862 0.3158686 0.2330276 0.2905592 0.2118583 0.3035472 0.2214862 0.3158686 0.2841347 0.508867 0.3352418 0.4981458 0.3284338 0.4845448 0.2330276 0.4981458 0.2398355 0.4845448 0.2214862 0.4750174 0.356411 0.4871542 0.356411 0.3035472 0.3467831 0.3158686 0.2857187 0.4403429 0.2742017 0.4403429 0.2742017 0.3960438 0.2857187 0.3960438 0.2742017 0.3960438 0.2742017 0.3517447 0.2857187 0.3517447 0.2742017 0.3517447 0.2742017 0.3333954 0.2857187 0.4403429 0.2742017 0.4403429 0.2742017 0.4586922 0.2325905 0.3210843 0.2325905 0.4688863 0.2398355 0.4726728 0.2398355 0.4726728 0.2841347 0.4819861 0.2841347 0.3102086 0.2857187 0.4750174 0.2742017 0.4750174 0.2742017 0.3158686 0.2857187 0.3333954 0.2742017 0.3333954 0.2742017 0.3517447 0.3284338 0.4726728 0.3356789 0.4688863 0.3356789 0.3210843 0.2630975 0.4688863 0.2742017 0.4750174 0.2742017 0.3158686 0.2630975 0.4688863 0.2630975 0.3210843 0.2742017 0.3158686 0.2841347 0.3102086 0.3284338 0.3165993 0.3284338 0.3046107 0.3284338 0.4845448 0.3284338 0.4726728 0.2841347 0.4819861 0.2841347 0.3102086 0.2841347 0.2982497 0.2398355 0.3046107 0.2398355 0.4845448 0.2841347 0.4938378 0.2841347 0.4819861 0.2325905 0.3210843 0.2398355 0.3165993 0.2398355 0.3046107 0.2398355 0.4845448 0.2398355 0.4726728 0.2325905 0.4688863 0.3356789 0.3210843 0.3467831 0.3158686 0.3284338 0.3046107 0.3284338 0.4845448 0.3467831 0.4750174 0.3356789 0.4688863 0.2857187 0.3158686 0.2742017 0.3158686 0.2742017 0.4750174 0.6235038 0.3725356 0.5998674 0.3725356 0.5998674 0.4233705 0.5607458 0.7849947 0.5953153 0.7849947 0.5953153 0.8358296 0.6152192 0.8341239 0.6152192 0.783289 0.6497887 0.783289 0.6152192 0.783289 0.6152192 0.7324541 0.6388556 0.7324541 0.7068675 0.5884922 0.7577024 0.5884922 0.7577024 0.5755199 0.7577024 0.5755199 0.7577024 0.5884922 0.8085373 0.5884921 0.6344368 0.4233705 0.5998674 0.4233705 0.5998674 0.4742054 0.168134 0.4684731 0.2419456 0.4990468 0.315757 0.4684731 0.315757 0.4684731 0.3463308 0.3946616 0.315757 0.32085 0.315757 0.32085 0.2419456 0.2902763 0.168134 0.32085 0.168134 0.32085 0.1375603 0.3946616 0.315757 0.32085 0.1375603 0.3946616 0.168134 0.4684731 0.315757 0.32085 0.5953153 0.7341598 0.5953153 0.7849947 0.5607458 0.7849947 0.2419456 0.3948456 0.3027312 0.3948456 0.3027312 0.3476586 0.869832 0.9654685 0.8309248 0.9265611 0.8392307 0.9231207 0.9248554 0.9654685 0.869832 0.9654685 0.8732725 0.9571625 0.9248554 0.9654685 0.9214149 0.9571626 0.9554567 0.9231207 0.9637627 0.9265612 0.9554567 0.9231207 0.9554568 0.8749783 0.9248554 0.8326305 0.9637627 0.8715379 0.9554568 0.8749783 0.8698321 0.8326305 0.9248554 0.8326305 0.9214149 0.8409365 0.8698321 0.8326305 0.8732725 0.8409365 0.8392307 0.8749783 0.8309248 0.8715379 0.8392307 0.8749783 0.8392307 0.9231207 0.9214149 0.9571626 0.8732725 0.9571625 0.8732725 0.8409365 0.8732725 0.9571625 0.8392307 0.9231207 0.8732725 0.8409365 0.8392307 0.9231207 0.8392307 0.8749783 0.8732725 0.8409365 0.8732725 0.8409365 0.9214149 0.8409365 0.9554568 0.8749783 0.9554568 0.8749783 0.9554567 0.9231207 0.8732725 0.8409365 0.2553526 0.3948456 0.329164 0.3948456 0.329164 0.3476586 0.3463308 0.3946616 0.3587682 0.3946616 0.3593886 0.4684731 0.168134 0.3948456 0.168134 0.3476586 0.2419456 0.3476586 0.2419456 0.3948456 0.2419456 0.3476586 0.168134 0.3476586 0.3463308 0.3946616 0.315757 0.32085 0.3593886 0.32085 0.2553526 0.3948456 0.2553526 0.3476586 0.181541 0.3476586 0.315757 0.4684731 0.3027312 0.4990468 0.3596529 0.4990468 0.2419456 0.3476586 0.3027312 0.3476586 0.3027312 0.3948456 0.3463308 0.3946616 0.315757 0.4684731 0.3593886 0.4684731 0.2553526 0.3948456 0.2553526 0.3476586 0.329164 0.3476586 0.181541 0.3948456 0.181541 0.3476586 0.2553526 0.3476586 0.181541 0.3948456 0.1509672 0.3948456 0.1509672 0.3476586 0.329164 0.3476586 0.3597378 0.3476586 0.3597378 0.3948456 0.3463308 0.3946616 0.3587682 0.3946616 0.3593886 0.32085 0.315757 0.4684731 0.3593886 0.4684731 0.3596529 0.4990468 0.3027312 0.3948456 0.3596529 0.3948456 0.3596529 0.3476586 0.315757 0.32085 0.3027312 0.2902763 0.3596529 0.2902763 0.3027312 0.3948456 0.3027312 0.3476586 0.3596529 0.3476586 0.315757 0.32085 0.3593886 0.32085 0.3596529 0.2902763 0.3325012 0.4248926 0.2553526 0.4450398 0.2553526 0.3948456 0.5607458 0.7341598 0.5607458 0.7849947 0.3781166 0.7849947 0.2419456 0.3948456 0.2419456 0.4248926 0.3157571 0.4248926 0.6344368 0.4233705 0.6344368 0.4742054 0.817066 0.4742054 0.2553526 0.415683 0.329164 0.4262818 0.329164 0.3948456 0.8529768 0.2539769 0.8319203 0.203142 0.8319203 0.3820935 0.181541 0.3948456 0.181541 0.4262818 0.2553526 0.415683 0.9038117 0.2750334 0.9038117 0.3820935 0.9546466 0.3820935 0.2419456 0.4248926 0.168134 0.4262818 0.168134 0.3948456 0.9546466 0.2539769 0.9546466 0.3820935 0.9757031 0.3820935 0.315757 0.3948456 0.3157571 0.4248926 0.2419456 0.4248926 0.6497887 0.8341239 0.6497887 0.783289 0.8324179 0.783289 0.2553526 0.3948456 0.2553526 0.4450398 0.1848781 0.4248926 0.3781166 0.7849947 0.5607458 0.7849947 0.5607458 0.8358296 0.168134 0.4262818 0.2419456 0.4248926 0.2419456 0.3948456 0.8185229 0.0805751 0.8185229 0.1876352 0.7676881 0.1876352 0.3581264 0.308928 0.3381885 0.2966956 0.3411616 0.2905592 0.2419205 0.2966956 0.2389475 0.2905592 0.2900546 0.2832205 0.3581264 0.308928 0.3623309 0.3035472 0.3623309 0.4871542 0.2219828 0.481854 0.2419205 0.4922062 0.2389475 0.4981458 0.8693579 0.05951863 0.8904144 0.008683681 0.8904144 0.1876352 0.8185229 0.0805751 0.8693579 0.05951863 0.8693579 0.1876352 0.6497887 0.783289 0.6497887 0.6043375 0.8324179 0.6043375 0.6344368 0.4233705 0.817066 0.4233705 0.817066 0.244419 0.7676881 0.05951863 0.7676881 0.1876352 0.7466316 0.1876352 0.9038117 0.2750334 0.8529768 0.2539769 0.8529768 0.3820935 0.29773 0.4530708 0.2782769 0.4530708 0.2782769 0.4742401 0.29773 0.3508566 0.2782769 0.3508566 0.2782769 0.4019637 0.3051719 0.3035472 0.2857187 0.3035472 0.2857187 0.4871542 0.3051719 0.4967169 0.2857187 0.4967169 0.2857187 0.4755477 0.2419205 0.4922062 0.2900546 0.5023037 0.2900546 0.508867 0.3381885 0.2966956 0.2900546 0.2897838 0.2900546 0.2832205 0.3581264 0.481854 0.3623309 0.4871542 0.3411616 0.4981458 0.2219828 0.308928 0.2219828 0.481854 0.2177783 0.4871542 0.2219828 0.308928 0.2177783 0.3035472 0.2389475 0.2905592 0.3381885 0.4922062 0.3411616 0.4981458 0.2900546 0.508867 0.2900546 0.2832205 0.2900546 0.2982497 0.3343537 0.3046107 0.2900546 0.508867 0.2900546 0.4938378 0.2457554 0.4845448 0.3411616 0.2905592 0.3343537 0.3046107 0.352703 0.3158686 0.2900546 0.2832205 0.2389475 0.2905592 0.2457554 0.3046107 0.29773 0.4019637 0.2782769 0.4019637 0.2782769 0.3508566 0.29773 0.4019637 0.2782769 0.4019637 0.2782769 0.4530708 0.29773 0.4742401 0.2782769 0.4742401 0.2782769 0.4530708 0.3051719 0.3035472 0.3051719 0.4871542 0.2857187 0.4871542 0.3051719 0.4967169 0.3051719 0.4755477 0.2857187 0.4755477 0.29773 0.4530708 0.2782769 0.4530708 0.2782769 0.4019637 0.2782769 0.4019637 0.2667599 0.4019637 0.2667599 0.4462628 0.2900546 0.3102086 0.2900546 0.4819861 0.3343537 0.4726728 0.2782769 0.3576646 0.2667599 0.3576646 0.2667599 0.4019637 0.2782769 0.4646121 0.2667599 0.4646121 0.2667599 0.4462628 0.3411616 0.4981458 0.3623309 0.4871542 0.352703 0.4750174 0.2177783 0.4871542 0.2274062 0.4750174 0.2274062 0.3158686 0.2389475 0.2905592 0.2177783 0.3035472 0.2274062 0.3158686 0.2900546 0.508867 0.3411616 0.4981458 0.3343537 0.4845448 0.2389475 0.4981458 0.2457554 0.4845448 0.2274062 0.4750174 0.3623309 0.4871542 0.3623309 0.3035472 0.352703 0.3158686 0.2782769 0.4462628 0.2667599 0.4462628 0.2667599 0.4019637 0.2782769 0.4019637 0.2667599 0.4019637 0.2667599 0.3576646 0.2857187 0.5035249 0.2742017 0.5035249 0.2742017 0.4851756 0.2782769 0.4462628 0.2667599 0.4462628 0.2667599 0.4646121 0.2385104 0.3210843 0.2385104 0.4688863 0.2457554 0.4726728 0.2457554 0.4726728 0.2900546 0.4819861 0.2900546 0.3102086 0.2857187 0.4750174 0.2742017 0.4750174 0.2742017 0.3158686 0.2857187 0.4851756 0.2742017 0.4851756 0.2742017 0.5035249 0.3343537 0.4726728 0.3415988 0.4688863 0.3415988 0.3210843 0.2630975 0.4688863 0.2742017 0.4750174 0.2742017 0.3158686 0.2630975 0.4688863 0.2630975 0.3210843 0.2742017 0.3158686 0.2900546 0.3102086 0.3343537 0.3165993 0.3343537 0.3046107 0.3343537 0.4845448 0.3343537 0.4726728 0.2900546 0.4819861 0.2900546 0.3102086 0.2900546 0.2982497 0.2457554 0.3046107 0.2457554 0.4845448 0.2900546 0.4938378 0.2900546 0.4819861 0.2385104 0.3210843 0.2457554 0.3165993 0.2457554 0.3046107 0.2457554 0.4845448 0.2457554 0.4726728 0.2385104 0.4688863 0.3415988 0.3210843 0.352703 0.3158686 0.3343537 0.3046107 0.3343537 0.4845448 0.352703 0.4750174 0.3415988 0.4688863 0.2857187 0.3158686 0.2742017 0.3158686 0.2742017 0.4750174 0.8523027 0.5563178 0.9430748 0.5563178 0.9430748 0.5372235 0.8523027 0.5547826 0.9430748 0.5549611 0.9430748 0.5774077 0.8523027 0.5440255 0.9430748 0.5445169 0.9430748 0.5681187 0.8795291 0.5445169 0.9019757 0.5372235 0.9158485 0.5563178 0.9158485 0.5563178 0.9019757 0.575412 0.8795291 0.5681187 0.9430748 0.5774077 0.9430748 0.5549611 0.8523027 0.5547826 0.9430748 0.575412 0.9430748 0.5563178 0.8523027 0.5563178 0.4457125 0.4801818 0.4385724 0.4680691 0.468348 0.4680691 0.4470074 0.4680691 0.4527317 0.4551005 0.4725909 0.4551005 0.4448406 0.4801818 0.4626615 0.4801818 0.4626613 0.4680691 0.4804822 0.4801818 0.48799 0.4680691 0.4626613 0.4680691 0.4516475 0.4801818 0.4470074 0.4680691 0.4783153 0.4680691 0.4457125 0.4801818 0.4666621 0.4801818 0.468348 0.4680691 0.4465949 0.4712483 0.4626613 0.4829213 0.4527317 0.4523611 0.4626613 0.4829213 0.4787278 0.4712483 0.4527317 0.4523611 0.4626613 0.4680691 0.48799 0.4680691 0.4787278 0.4551005 0.468348 0.4680691 0.4662685 0.4551005 0.4473813 0.4551005 0.468348 0.4680691 0.4385724 0.4680691 0.4473813 0.4551005 0.4626613 0.4680691 0.4626613 0.4551005 0.4465949 0.4551005 0.8798026 0.5820673 0.9011592 0.5820673 0.9011592 0.5590576 0.8736685 0.5820673 0.8918356 0.5820673 0.8918356 0.5590576 0.8848964 0.5820673 0.8624406 0.5820673 0.8624406 0.5590576 0.8555015 0.5820673 0.8736685 0.5820673 0.8736685 0.5590576 0.9011592 0.5820673 0.8798026 0.5820673 0.8798026 0.5590576 0.2757008 0.4981828 0.3033498 0.4981828 0.3033498 0.4022474 0.277054 0.4981828 0.3095573 0.4981828 0.3098055 0.4022474 0.3211207 0.4022474 0.3204378 0.4981828 0.2862618 0.4981828 0.3098055 0.4022474 0.3095573 0.4981828 0.277054 0.4981828 0.3033498 0.4022474 0.3033498 0.4981828 0.3309988 0.4981828 0.3322353 0.350812 0.3328425 0.29793 0.3472601 0.29793 0.3345298 0.350812 0.3257425 0.3512693 0.3257667 0.3106508 0.3477259 0.3512693 0.3475396 0.3106508 0.3325629 0.3106508 0.3345298 0.350812 0.3333303 0.29793 0.3257667 0.3106508 0.3326037 0.4502447 0.3474988 0.4502447 0.3477259 0.3512693 0.3475396 0.3106508 0.3472601 0.29793 0.3328425 0.29793 0.3326037 0.4502447 0.3188039 0.4675402 0.3612987 0.4675402 0.3450328 0.4502447 0.3543602 0.449822 0.3345298 0.350812 0.3345298 0.350812 0.3543602 0.449822 0.3450328 0.4502447 0.3472778 0.449822 0.3328248 0.449822 0.3322353 0.350812 0.3455123 0.4970219 0.3538215 0.4970219 0.3538569 0.4675403 0.3612996 0.4675403 0.318803 0.4675403 0.3328248 0.449822 0.3450328 0.4502447 0.345476 0.4675402 0.3538569 0.4675403 0.3538569 0.4675403 0.345476 0.4675402 0.3450328 0.4502447 0.3538569 0.4675403 0.3538215 0.4970219 0.3455123 0.4970219 0.3612987 0.4675402 0.3188039 0.4675402 0.3538017 0.5044863 0.3188039 0.4675402 0.318836 0.4970219 0.3263009 0.5044863 0.3538017 0.5044863 0.3188039 0.4675402 0.3263009 0.5044863 0.318803 0.4675403 0.3612996 0.4675403 0.3263009 0.5044863 0.3612996 0.4675403 0.3612665 0.4970219 0.3538017 0.5044863 0.3263009 0.5044863 0.3612996 0.4675403 0.3538017 0.5044863 0.3455123 0.3799929 0.3538215 0.3799929 0.3538215 0.3874577 0.3538215 0.4224234 0.3455123 0.4224234 0.3455125 0.4149586 0.3538215 0.4149586 0.3455125 0.4149586 0.3455125 0.3874577 0.1861557 0.4809089 0.3088961 0.4809089 0.3088961 0.4639329 0.3088961 0.4809089 0.3088961 0.4639329 0.3214532 0.4639331 0.3088961 0.4639329 0.1861557 0.4639329 0.1861557 0.4469569 0.2707805 0.4639329 0.2538046 0.4809089 0.2368288 0.4639329 0.3088961 0.4469569 0.1861557 0.4469569 0.1861557 0.4639329 0.3088961 0.4809089 0.1861557 0.4809089 0.1861557 0.4639329 0.2252214 0.4639331 0.2538045 0.4925164 0.2823875 0.4639331 0.3088961 0.4809089 0.3214532 0.4925164 0.3214532 0.4639331 0.3088961 0.4469569 0.3214532 0.4353499 0.3214532 0.4639331 0.3088961 0.4639329 0.3214532 0.4639331 0.3214532 0.4353499 0.9131263 0.5383011 0.8615273 0.5383011 0.8615273 0.5714677 0.8604974 0.5383011 0.9141563 0.5383011 0.9141563 0.5714677 0.8615273 0.5383011 0.9131263 0.5383011 0.9131263 0.5714677 0.8615273 0.5280549 0.8615273 0.5817139 0.9131263 0.5817139 0.9131263 0.5280549 0.9131263 0.5817139 0.8615273 0.5817139 0.8523027 0.5563178 0.9430748 0.5563178 0.9430748 0.5372235 0.8523027 0.5547826 0.9430748 0.5549611 0.9430748 0.5774077 0.8523027 0.5440255 0.9430748 0.5445169 0.9430748 0.5681187 0.8795291 0.5445169 0.9019757 0.5372235 0.9158485 0.5563178 0.9158485 0.5563178 0.9019757 0.575412 0.8795291 0.5681187 0.9430748 0.5774077 0.9430748 0.5549611 0.8523027 0.5547826 0.9430748 0.575412 0.9430748 0.5563178 0.8523027 0.5563178 0.4457125 0.4801818 0.4385724 0.4680691 0.468348 0.4680691 0.4470074 0.4680691 0.4527317 0.4551005 0.4725909 0.4551005 0.4448406 0.4801818 0.4626615 0.4801818 0.4626613 0.4680691 0.4804822 0.4801818 0.48799 0.4680691 0.4626613 0.4680691 0.4516475 0.4801818 0.4470074 0.4680691 0.4783153 0.4680691 0.4457125 0.4801818 0.4666621 0.4801818 0.468348 0.4680691 0.4465949 0.4712483 0.4626613 0.4829213 0.4527317 0.4523611 0.4626613 0.4829213 0.4787278 0.4712483 0.4527317 0.4523611 0.4626613 0.4680691 0.48799 0.4680691 0.4787278 0.4551005 0.468348 0.4680691 0.4662685 0.4551005 0.4473813 0.4551005 0.468348 0.4680691 0.4385724 0.4680691 0.4473813 0.4551005 0.4626613 0.4680691 0.4626613 0.4551005 0.4465949 0.4551005 0.8798026 0.5820673 0.9011592 0.5820673 0.9011592 0.5590576 0.8736685 0.5820673 0.8918356 0.5820673 0.8918356 0.5590576 0.8848964 0.5820673 0.8624406 0.5820673 0.8624406 0.5590576 0.8555015 0.5820673 0.8736685 0.5820673 0.8736685 0.5590576 0.9011592 0.5820673 0.8798026 0.5820673 0.8798026 0.5590576 0.2757008 0.4981828 0.3033498 0.4981828 0.3033498 0.4022474 0.277054 0.4981828 0.3095573 0.4981828 0.3098055 0.4022474 0.3211207 0.4022474 0.3204378 0.4981828 0.2862618 0.4981828 0.3098055 0.4022474 0.3095573 0.4981828 0.277054 0.4981828 0.3033498 0.4022474 0.3033498 0.4981828 0.3309988 0.4981828 0.3478672 0.350812 0.3322353 0.350812 0.3328425 0.29793 0.3345298 0.350812 0.3257425 0.3512693 0.3257667 0.3106508 0.3477259 0.3512693 0.3475396 0.3106508 0.3325629 0.3106508 0.3345298 0.350812 0.3333303 0.29793 0.3257667 0.3106508 0.3326037 0.4502447 0.3474988 0.4502447 0.3477259 0.3512693 0.3475396 0.3106508 0.3472601 0.29793 0.3328425 0.29793 0.3188039 0.4675402 0.3612987 0.4675402 0.3474988 0.4502447 0.3450328 0.4502447 0.3543602 0.449822 0.3345298 0.350812 0.3345298 0.350812 0.3543602 0.449822 0.3450328 0.4502447 0.3472778 0.449822 0.3328248 0.449822 0.3322353 0.350812 0.3455123 0.4970219 0.3538215 0.4970219 0.3538569 0.4675403 0.3612996 0.4675403 0.318803 0.4675403 0.3328248 0.449822 0.3450328 0.4502447 0.345476 0.4675402 0.3538569 0.4675403 0.3538569 0.4675403 0.345476 0.4675402 0.3450328 0.4502447 0.3538569 0.4675403 0.3538215 0.4970219 0.3455123 0.4970219 0.3612987 0.4675402 0.3188039 0.4675402 0.3538017 0.5044863 0.3188039 0.4675402 0.318836 0.4970219 0.3263009 0.5044863 0.3538017 0.5044863 0.3188039 0.4675402 0.3263009 0.5044863 0.318803 0.4675403 0.3612996 0.4675403 0.3263009 0.5044863 0.3612996 0.4675403 0.3612665 0.4970219 0.3538017 0.5044863 0.3263009 0.5044863 0.3612996 0.4675403 0.3538017 0.5044863 0.3455123 0.3799929 0.3538215 0.3799929 0.3538215 0.3874577 0.3538215 0.4224234 0.3455123 0.4224234 0.3455125 0.4149586 0.3538215 0.4149586 0.3455125 0.4149586 0.3455125 0.3874577 0.1861557 0.4809089 0.3088961 0.4809089 0.3088961 0.4639329 0.3088961 0.4809089 0.3088961 0.4639329 0.3214532 0.4639331 0.3088961 0.4639329 0.1861557 0.4639329 0.1861557 0.4469569 0.2707805 0.4639329 0.2538046 0.4809089 0.2368288 0.4639329 0.3088961 0.4469569 0.1861557 0.4469569 0.1861557 0.4639329 0.3088961 0.4809089 0.1861557 0.4809089 0.1861557 0.4639329 0.2252214 0.4639331 0.2538045 0.4925164 0.2823875 0.4639331 0.3088961 0.4809089 0.3214532 0.4925164 0.3214532 0.4639331 0.3088961 0.4469569 0.3214532 0.4353499 0.3214532 0.4639331 0.3088961 0.4639329 0.3214532 0.4639331 0.3214532 0.4353499 0.9131263 0.5383011 0.8615273 0.5383011 0.8615273 0.5714677 0.8604974 0.5383011 0.9141563 0.5383011 0.9141563 0.5714677 0.8615273 0.5383011 0.9131263 0.5383011 0.9131263 0.5714677 0.8615273 0.5280549 0.8615273 0.5817139 0.9131263 0.5817139 0.9131263 0.5280549 0.9131263 0.5817139 0.8615273 0.5817139 0.8523027 0.5563178 0.9430748 0.5563178 0.9430748 0.5372235 0.8523027 0.5547826 0.9430748 0.5549611 0.9430748 0.5774077 0.8523027 0.5440255 0.9430748 0.5445169 0.9430748 0.5681187 0.8795291 0.5445169 0.9019757 0.5372235 0.9158485 0.5563178 0.9158485 0.5563178 0.9019757 0.575412 0.8795291 0.5681187 0.9430748 0.5774077 0.9430748 0.5549611 0.8523027 0.5547826 0.9430748 0.575412 0.9430748 0.5563178 0.8523027 0.5563178 0.4457125 0.4801818 0.4385724 0.4680691 0.468348 0.4680691 0.4470074 0.4680691 0.4527317 0.4551005 0.4725909 0.4551005 0.4448406 0.4801818 0.4626615 0.4801818 0.4626613 0.4680691 0.4804822 0.4801818 0.48799 0.4680691 0.4626613 0.4680691 0.4516475 0.4801818 0.4470074 0.4680691 0.4783153 0.4680691 0.4457125 0.4801818 0.4666621 0.4801818 0.468348 0.4680691 0.4465949 0.4712483 0.4626613 0.4829213 0.4527317 0.4523611 0.4626613 0.4829213 0.4787278 0.4712483 0.4527317 0.4523611 0.4626613 0.4680691 0.48799 0.4680691 0.4787278 0.4551005 0.468348 0.4680691 0.4662685 0.4551005 0.4473813 0.4551005 0.468348 0.4680691 0.4385724 0.4680691 0.4473813 0.4551005 0.4626613 0.4680691 0.4626613 0.4551005 0.4465949 0.4551005 0.8798026 0.5820673 0.9011592 0.5820673 0.9011592 0.5590576 0.8736685 0.5820673 0.8918356 0.5820673 0.8918356 0.5590576 0.8848964 0.5820673 0.8624406 0.5820673 0.8624406 0.5590576 0.8555015 0.5820673 0.8736685 0.5820673 0.8736685 0.5590576 0.9011592 0.5820673 0.8798026 0.5820673 0.8798026 0.5590576 0.2757008 0.4981828 0.3033498 0.4981828 0.3033498 0.4022474 0.277054 0.4981828 0.3095573 0.4981828 0.3098055 0.4022474 0.3211207 0.4022474 0.3204378 0.4981828 0.2862618 0.4981828 0.3098055 0.4022474 0.3095573 0.4981828 0.277054 0.4981828 0.3033498 0.4022474 0.3033498 0.4981828 0.3309988 0.4981828 0.3322353 0.350812 0.3328425 0.29793 0.3472601 0.29793 0.3345298 0.350812 0.3257425 0.3512693 0.3257667 0.3106508 0.3477259 0.3512693 0.3475396 0.3106508 0.3325629 0.3106508 0.3345298 0.350812 0.3333303 0.29793 0.3257667 0.3106508 0.3326037 0.4502447 0.3474988 0.4502447 0.3477259 0.3512693 0.3475396 0.3106508 0.3472601 0.29793 0.3328425 0.29793 0.3188039 0.4675402 0.3612987 0.4675402 0.3474988 0.4502447 0.3450328 0.4502447 0.3543602 0.449822 0.3345298 0.350812 0.3345298 0.350812 0.3543602 0.449822 0.3450328 0.4502447 0.3472778 0.449822 0.3328248 0.449822 0.3322353 0.350812 0.3455123 0.4970219 0.3538215 0.4970219 0.3538569 0.4675403 0.3612996 0.4675403 0.318803 0.4675403 0.3328248 0.449822 0.3450328 0.4502447 0.345476 0.4675402 0.3538569 0.4675403 0.3538569 0.4675403 0.345476 0.4675402 0.3450328 0.4502447 0.3538569 0.4675403 0.3538215 0.4970219 0.3455123 0.4970219 0.3612987 0.4675402 0.3188039 0.4675402 0.3538017 0.5044863 0.3188039 0.4675402 0.318836 0.4970219 0.3263009 0.5044863 0.3538017 0.5044863 0.3188039 0.4675402 0.3263009 0.5044863 0.318803 0.4675403 0.3612996 0.4675403 0.3263009 0.5044863 0.3612996 0.4675403 0.3612665 0.4970219 0.3538017 0.5044863 0.3263009 0.5044863 0.3612996 0.4675403 0.3538017 0.5044863 0.3455123 0.3799929 0.3538215 0.3799929 0.3538215 0.3874577 0.3538215 0.4224234 0.3455123 0.4224234 0.3455125 0.4149586 0.3538215 0.4149586 0.3455125 0.4149586 0.3455125 0.3874577 0.1861557 0.4809089 0.3088961 0.4809089 0.3088961 0.4639329 0.3088961 0.4809089 0.3088961 0.4639329 0.3214532 0.4639331 0.3088961 0.4639329 0.1861557 0.4639329 0.1861557 0.4469569 0.2707805 0.4639329 0.2538046 0.4809089 0.2368288 0.4639329 0.3088961 0.4469569 0.1861557 0.4469569 0.1861557 0.4639329 0.3088961 0.4809089 0.1861557 0.4809089 0.1861557 0.4639329 0.2252214 0.4639331 0.2538045 0.4925164 0.2823875 0.4639331 0.3088961 0.4809089 0.3214532 0.4925164 0.3214532 0.4639331 0.3088961 0.4469569 0.3214532 0.4353499 0.3214532 0.4639331 0.3088961 0.4639329 0.3214532 0.4639331 0.3214532 0.4353499 0.9131263 0.5383011 0.8615273 0.5383011 0.8615273 0.5714677 0.8604974 0.5383011 0.9141563 0.5383011 0.9141563 0.5714677 0.8615273 0.5383011 0.9131263 0.5383011 0.9131263 0.5714677 0.8615273 0.5280549 0.8615273 0.5817139 0.9131263 0.5817139 0.9131263 0.5280549 0.9131263 0.5817139 0.8615273 0.5817139 0.2908955 0.4734328 0.3609808 0.4734328 0.3526098 0.4418885 0.2908955 0.4734328 0.3609808 0.4734328 0.3526098 0.4418885 0.3609808 0.4734328 0.2908955 0.4734328 0.2992665 0.4418885 0.3609808 0.4734328 0.2908955 0.4734328 0.2992665 0.4418885 0.3526098 0.4843323 0.3526098 0.430989 0.2992665 0.430989 0.2992665 0.4418885 0.3526098 0.4418885 0.3609808 0.4734328 0.3526098 0.4418885 0.3609808 0.4734328 0.2908955 0.4734328 0.2992665 0.4418885 0.2908955 0.4734328 0.3609808 0.4734328 0.2992665 0.4418885 0.2908955 0.4734328 0.3609808 0.4734328 0.2992665 0.430989 0.3526098 0.430989 0.3526098 0.4843323 0.3526098 0.4418885 0.3609808 0.4734328 0.2908955 0.4734328 0.3526098 0.4418885 0.3609808 0.4734328 0.2908955 0.4734328 0.2992665 0.4418885 0.2908955 0.4734328 0.3609808 0.4734328 0.2992665 0.4418885 0.2908955 0.4734328 0.3609808 0.4734328 0.2992665 0.430989 0.3526098 0.430989 0.3526098 0.4843323 0.2992665 0.4418885 0.2908955 0.4734328 0.3609808 0.4734328 0.2908955 0.4734328 0.3609808 0.4734328 0.3526098 0.4418885 0.3609808 0.4734328 0.2908955 0.4734328 0.2992665 0.4418885 0.3609808 0.4734328 0.2908955 0.4734328 0.2992665 0.4418885 0.3526098 0.4843323 0.3526098 0.430989 0.2992665 0.430989</float_array>
          <technique_common>
            <accessor source="#Smoothie_Machine-mesh-map-0-array" count="3618" stride="2">
              <param name="S" type="float"/>
              <param name="T" type="float"/>
            </accessor>
          </technique_common>
        </source>
        <vertices id="Smoothie_Machine-mesh-vertices">
          <input semantic="POSITION" source="#Smoothie_Machine-mesh-positions"/>
        </vertices>
        <triangles material="Smoothie_Machine-material" count="1206">
          <input semantic="VERTEX" source="#Smoothie_Machine-mesh-vertices" offset="0"/>
          <input semantic="NORMAL" source="#Smoothie_Machine-mesh-normals" offset="1"/>
          <input semantic="TEXCOORD" source="#Smoothie_Machine-mesh-map-0" offset="2" set="0"/>
          <p>24 0 0 1 0 1 25 0 2 4 1 3 26 1 4 27 1 5 16 2 6 26 2 7 29 2 8 17 3 9 4 3 10 18 3 11 18 4 12 27 4 13 28 4 14 7 1 15 10 1 16 6 1 17 21 5 18 11 5 19 20 5 20 2 0 21 9 0 22 3 0 23 3 2 24 20 2 25 16 2 26 10 1 27 12 1 28 6 1 29 12 4 30 23 4 31 22 4 32 8 5 33 23 5 34 21 5 35 6 3 36 22 3 37 19 3 38 2 0 39 15 0 40 8 0 41 19 3 42 13 3 43 2 3 44 21 5 45 14 5 46 10 5 47 22 4 48 15 4 49 13 4 50 16 2 51 11 2 52 7 2 53 8 5 54 20 5 55 9 5 56 1 4 57 28 4 58 25 4 59 0 3 60 18 3 61 1 3 62 3 2 63 29 2 64 24 2 65 24 2 66 17 2 67 0 2 68 25 4 69 19 4 70 2 4 71 28 4 72 6 4 73 19 4 74 29 2 75 5 2 76 17 2 77 27 1 78 7 1 79 6 1 80 3 0 81 25 0 82 2 0 83 81 6 84 47 7 85 77 8 86 82 9 87 53 10 88 84 11 89 53 10 90 86 12 91 84 11 92 55 13 93 88 14 94 86 12 95 57 15 96 90 16 97 88 14 98 90 16 99 61 17 100 81 6 101 77 8 102 49 18 103 78 19 104 39 20 105 35 21 106 31 21 107 49 18 108 82 9 109 78 19 110 30 22 111 63 0 112 45 23 113 49 18 114 46 24 115 48 25 116 49 18 117 50 26 118 51 27 119 53 10 120 50 26 121 52 28 122 55 13 123 52 28 124 54 29 125 57 15 126 54 29 127 56 30 128 57 15 129 58 31 130 59 32 131 59 32 132 60 33 133 61 17 134 61 17 135 46 24 136 47 7 137 46 24 138 58 31 139 54 29 140 42 34 141 31 35 142 33 36 143 34 37 144 68 38 145 32 39 146 40 40 147 37 41 148 38 42 149 30 22 150 31 35 151 44 43 152 34 37 153 69 44 154 66 4 155 42 34 156 35 45 157 40 40 158 43 46 159 73 47 160 71 48 161 43 46 162 45 49 163 63 50 164 36 51 165 38 4 166 64 52 167 37 53 168 39 20 169 65 54 170 30 4 171 32 39 172 62 55 173 37 41 174 64 1 175 38 42 176 41 56 177 71 48 178 67 2 179 66 57 180 71 58 181 68 59 182 69 60 183 67 61 184 66 57 185 69 60 186 75 62 187 70 63 188 71 58 189 72 64 190 68 59 191 41 56 192 70 65 193 39 20 194 32 39 195 72 66 196 62 55 197 62 0 198 73 0 199 63 0 200 36 51 201 74 67 202 69 44 203 64 1 204 75 1 205 74 1 206 39 20 207 75 68 208 65 54 209 79 69 210 34 70 211 32 71 212 78 19 213 83 72 214 79 69 215 30 22 216 79 69 217 32 71 218 77 8 219 79 69 220 76 73 221 91 74 222 44 43 223 42 34 224 89 75 225 97 76 226 99 77 227 40 40 228 91 74 229 42 34 230 91 78 231 94 79 232 80 80 233 87 81 234 40 40 235 38 42 236 80 80 237 92 82 238 76 83 239 36 84 240 87 81 241 38 42 242 84 11 243 87 81 244 85 85 245 34 70 246 85 85 247 36 84 248 83 72 249 84 11 250 85 85 251 80 86 252 30 22 253 44 43 254 90 87 255 98 88 256 88 89 257 92 90 258 104 91 259 102 92 260 99 93 261 111 94 262 101 5 263 92 90 264 103 95 265 93 96 266 96 97 267 108 98 268 106 99 269 81 100 270 93 101 271 95 102 272 90 87 273 95 102 274 100 103 275 86 12 276 97 104 277 87 81 278 77 8 279 92 105 280 93 101 281 88 89 282 96 106 283 86 12 284 91 78 285 99 77 286 101 107 287 104 108 288 112 109 289 102 110 290 109 111 291 121 112 292 111 113 293 102 110 294 113 114 295 103 114 296 108 115 297 116 116 298 106 117 299 98 118 300 110 5 301 108 98 302 94 119 303 111 94 304 104 91 305 93 96 306 105 5 307 95 5 308 97 120 309 106 99 310 107 121 311 97 120 312 109 122 313 99 93 314 95 5 315 110 5 316 100 5 317 121 123 318 124 124 319 114 125 320 120 126 321 128 127 322 118 128 323 114 125 324 122 129 325 112 130 326 121 123 327 129 131 328 131 3 329 110 132 330 118 133 331 108 115 332 111 113 333 114 134 334 104 108 335 103 114 336 115 135 337 105 135 338 107 136 339 116 116 340 117 137 341 109 111 342 117 137 343 119 138 344 105 135 345 120 139 346 110 132 347 131 140 348 137 141 349 124 142 350 151 143 351 139 144 352 136 145 353 129 146 354 150 147 355 131 140 356 123 148 357 138 149 358 125 150 359 115 151 360 123 152 361 125 153 362 116 3 363 127 154 364 117 3 365 119 155 366 127 154 367 129 131 368 120 126 369 125 153 370 130 3 371 118 128 372 126 156 373 116 3 374 113 157 375 122 129 376 123 152 377 125 150 378 149 158 379 130 159 380 130 159 381 145 160 382 128 115 383 128 115 384 140 161 385 126 162 386 124 142 387 133 163 388 122 164 389 142 165 390 144 166 391 147 167 392 144 166 393 151 143 394 147 167 395 126 162 396 143 168 397 127 169 398 127 169 399 146 170 400 129 146 401 139 144 402 132 171 403 136 145 404 134 172 405 133 163 406 132 171 407 141 173 408 143 168 409 140 161 410 151 143 411 137 141 412 150 147 413 138 149 414 148 174 415 149 158 416 151 143 417 146 170 418 147 167 419 145 160 420 148 174 421 144 166 422 142 165 423 146 170 424 143 168 425 145 160 426 141 173 427 140 161 428 132 171 429 137 141 430 136 145 431 138 149 432 134 172 433 139 144 434 122 164 435 135 175 436 123 148 437 203 176 438 169 177 439 199 178 440 204 179 441 175 180 442 206 181 443 175 180 444 208 182 445 206 181 446 177 183 447 210 184 448 208 182 449 179 185 450 212 186 451 210 184 452 212 186 453 183 187 454 203 176 455 199 178 456 171 188 457 200 189 458 155 190 459 153 191 460 161 192 461 171 188 462 204 179 463 200 189 464 152 193 465 185 0 466 167 194 467 169 177 468 170 195 469 171 188 470 171 188 471 172 196 472 173 197 473 175 180 474 172 196 475 174 198 476 175 180 477 176 199 478 177 183 479 179 185 480 176 199 481 178 200 482 181 201 483 178 200 484 180 202 485 181 201 486 182 203 487 183 187 488 183 187 489 168 204 490 169 177 491 174 198 492 172 196 493 180 202 494 164 205 495 153 43 496 155 3 497 156 206 498 190 207 499 154 208 500 162 209 501 159 210 502 160 211 503 152 193 504 153 43 505 166 212 506 156 206 507 191 213 508 188 4 509 164 205 510 157 214 511 162 209 512 165 215 513 195 216 514 193 217 515 165 215 516 167 218 517 185 219 518 158 220 519 160 4 520 186 221 521 159 53 522 161 192 523 187 222 524 152 4 525 154 208 526 184 223 527 159 210 528 186 1 529 160 211 530 163 2 531 193 217 532 189 2 533 188 224 534 193 225 535 190 59 536 191 226 537 189 227 538 188 224 539 191 226 540 197 228 541 192 229 542 193 225 543 194 230 544 190 59 545 163 2 546 192 231 547 161 192 548 154 208 549 194 232 550 184 223 551 184 0 552 195 0 553 185 0 554 158 220 555 196 233 556 191 213 557 186 1 558 197 1 559 196 1 560 161 192 561 197 234 562 187 222 563 201 235 564 156 236 565 154 237 566 200 189 567 205 238 568 201 235 569 152 193 570 201 235 571 154 237 572 199 178 573 201 235 574 198 239 575 213 240 576 166 212 577 164 205 578 211 241 579 219 242 580 221 243 581 162 209 582 213 240 583 164 205 584 213 244 585 216 245 586 202 246 587 209 247 588 162 209 589 160 211 590 202 246 591 214 248 592 198 249 593 158 250 594 209 247 595 160 211 596 206 181 597 209 247 598 207 251 599 156 236 600 207 251 601 158 250 602 205 238 603 206 181 604 207 251 605 202 252 606 152 193 607 166 212 608 212 253 609 220 254 610 210 255 611 214 256 612 226 257 613 224 258 614 221 259 615 233 5 616 223 5 617 214 256 618 225 260 619 215 261 620 218 262 621 230 5 622 228 263 623 203 264 624 215 265 625 217 266 626 212 253 627 217 266 628 222 267 629 208 182 630 219 268 631 209 247 632 199 178 633 214 269 634 215 265 635 210 255 636 218 270 637 208 182 638 213 244 639 221 243 640 223 271 641 226 272 642 234 273 643 224 274 644 231 275 645 243 276 646 233 277 647 224 274 648 235 278 649 225 279 650 230 280 651 238 281 652 228 117 653 220 5 654 232 5 655 230 5 656 216 282 657 233 5 658 226 257 659 215 261 660 227 283 661 217 5 662 219 284 663 228 263 664 229 285 665 219 284 666 231 286 667 221 259 668 217 5 669 232 5 670 222 5 671 243 287 672 246 288 673 236 289 674 242 290 675 250 291 676 240 292 677 236 289 678 244 293 679 234 294 680 243 287 681 251 295 682 253 3 683 232 296 684 240 297 685 230 280 686 233 277 687 236 298 688 226 272 689 225 279 690 237 299 691 227 300 692 229 301 693 238 281 694 239 302 695 231 275 696 239 302 697 241 138 698 227 300 699 242 303 700 232 296 701 253 304 702 259 305 703 246 306 704 273 307 705 261 308 706 258 309 707 251 146 708 272 310 709 253 304 710 245 311 711 260 312 712 247 313 713 237 314 714 245 315 715 247 291 716 238 316 717 249 317 718 239 318 719 241 319 720 249 317 721 251 295 722 242 290 723 247 291 724 252 3 725 240 292 726 248 320 727 238 316 728 235 321 729 244 293 730 245 315 731 247 313 732 271 322 733 252 159 734 252 159 735 267 323 736 250 115 737 250 115 738 262 324 739 248 162 740 246 306 741 255 325 742 244 164 743 264 326 744 266 327 745 269 328 746 266 327 747 273 307 748 269 328 749 248 162 750 265 329 751 249 169 752 249 169 753 268 330 754 251 146 755 261 308 756 254 331 757 258 309 758 256 332 759 255 325 760 254 331 761 263 333 762 265 329 763 262 324 764 273 307 765 259 305 766 272 310 767 260 312 768 270 334 769 271 322 770 273 307 771 268 330 772 269 328 773 267 323 774 270 334 775 266 327 776 264 326 777 268 330 778 265 329 779 267 323 780 263 333 781 262 324 782 254 331 783 259 305 784 258 309 785 260 312 786 256 332 787 261 308 788 244 164 789 257 335 790 245 311 791 325 176 792 291 336 793 321 337 794 326 338 795 297 339 796 328 340 797 297 339 798 330 341 799 328 340 800 299 342 801 332 343 802 330 341 803 301 344 804 334 345 805 332 343 806 334 345 807 305 346 808 325 176 809 321 337 810 293 347 811 322 348 812 275 349 813 287 350 814 283 351 815 293 347 816 326 338 817 322 348 818 274 352 819 307 0 820 289 23 821 293 347 822 290 353 823 292 354 824 295 355 825 292 354 826 294 356 827 295 355 828 296 357 829 297 339 830 297 339 831 298 358 832 299 342 833 301 344 834 298 358 835 300 359 836 303 360 837 300 359 838 302 361 839 303 360 840 304 362 841 305 346 842 305 346 843 290 353 844 291 336 845 296 357 846 294 356 847 302 361 848 286 363 849 275 43 850 277 363 851 278 364 852 312 207 853 276 208 854 284 365 855 281 366 856 282 367 857 274 352 858 275 43 859 288 43 860 278 364 861 313 368 862 310 369 863 286 363 864 279 370 865 284 365 866 287 350 867 317 216 868 315 217 869 287 350 870 289 218 871 307 219 872 280 371 873 282 4 874 308 223 875 281 372 876 283 351 877 309 373 878 274 4 879 276 208 880 306 223 881 281 366 882 308 1 883 282 367 884 285 374 885 315 217 886 311 375 887 310 376 888 315 377 889 312 59 890 313 378 891 311 379 892 310 376 893 313 378 894 319 380 895 314 229 896 315 377 897 316 230 898 312 59 899 285 374 900 314 231 901 283 351 902 276 208 903 316 232 904 306 223 905 306 0 906 317 0 907 307 0 908 280 371 909 318 381 910 313 368 911 308 1 912 319 1 913 318 1 914 283 351 915 319 382 916 309 373 917 323 383 918 278 384 919 276 385 920 322 348 921 327 386 922 323 383 923 274 352 924 323 383 925 276 385 926 321 337 927 323 383 928 320 387 929 335 388 930 288 43 931 286 363 932 333 389 933 341 390 934 343 391 935 284 365 936 335 388 937 286 363 938 335 392 939 338 393 940 324 394 941 331 395 942 284 365 943 282 367 944 324 394 945 336 396 946 320 397 947 280 398 948 331 395 949 282 367 950 328 340 951 331 395 952 329 399 953 278 384 954 329 399 955 280 398 956 327 386 957 328 340 958 329 399 959 324 400 960 274 352 961 288 43 962 334 401 963 342 402 964 332 403 965 336 404 966 348 405 967 346 406 968 343 407 969 355 5 970 345 5 971 336 404 972 347 408 973 337 409 974 340 410 975 352 411 976 350 412 977 325 413 978 337 414 979 339 415 980 334 401 981 339 415 982 344 416 983 330 341 984 341 417 985 331 395 986 321 337 987 336 418 988 337 414 989 332 403 990 340 419 991 330 341 992 335 392 993 343 391 994 345 420 995 348 421 996 356 422 997 346 423 998 353 424 999 365 425 1000 355 426 1001 346 423 1002 357 427 1003 347 428 1004 352 115 1005 360 429 1006 350 430 1007 342 431 1008 354 432 1009 352 411 1010 338 433 1011 355 5 1012 348 405 1013 337 409 1014 349 434 1015 339 435 1016 341 436 1017 350 412 1018 351 437 1019 341 436 1020 353 257 1021 343 407 1022 339 435 1023 354 432 1024 344 5 1025 365 438 1026 368 439 1027 358 440 1028 364 441 1029 372 442 1030 362 314 1031 358 440 1032 366 443 1033 356 444 1034 365 438 1035 373 445 1036 375 3 1037 354 446 1038 362 447 1039 352 115 1040 355 426 1041 358 448 1042 348 421 1043 347 428 1044 359 449 1045 349 450 1046 351 451 1047 360 429 1048 361 452 1049 353 424 1050 361 452 1051 363 453 1052 349 450 1053 364 454 1054 354 446 1055 375 304 1056 381 455 1057 368 306 1058 395 456 1059 383 457 1060 380 458 1061 373 459 1062 394 460 1063 375 304 1064 367 311 1065 382 461 1066 369 313 1067 359 462 1068 367 463 1069 369 464 1070 360 465 1071 371 466 1072 361 467 1073 363 468 1074 371 466 1075 373 445 1076 364 441 1077 369 464 1078 374 3 1079 362 314 1080 370 469 1081 360 465 1082 357 470 1083 366 443 1084 367 463 1085 369 313 1086 393 471 1087 374 472 1088 374 472 1089 389 473 1090 372 115 1091 372 115 1092 384 474 1093 370 162 1094 368 306 1095 377 475 1096 366 164 1097 386 476 1098 388 477 1099 391 478 1100 388 477 1101 395 456 1102 391 478 1103 370 162 1104 387 479 1105 371 169 1106 371 169 1107 390 480 1108 373 459 1109 383 457 1110 376 481 1111 380 458 1112 378 482 1113 377 475 1114 376 481 1115 385 483 1116 387 479 1117 384 474 1118 395 456 1119 381 455 1120 394 460 1121 382 461 1122 392 174 1123 393 471 1124 395 456 1125 390 480 1126 391 478 1127 389 473 1128 392 174 1129 388 477 1130 386 476 1131 390 480 1132 387 479 1133 389 473 1134 385 483 1135 384 474 1136 376 481 1137 381 455 1138 380 458 1139 382 461 1140 378 482 1141 383 457 1142 366 164 1143 379 484 1144 367 311 1145 426 485 1146 399 486 1147 427 487 1148 427 488 1149 401 489 1150 428 490 1151 428 491 1152 403 492 1153 429 493 1154 397 494 1155 403 3 1156 401 495 1157 403 496 1158 430 497 1159 429 498 1160 405 499 1161 426 500 1162 430 501 1163 400 502 1164 407 503 1165 398 504 1166 409 505 1167 413 506 1168 408 507 1169 404 508 1170 406 509 1171 410 510 1172 398 511 1173 406 509 1174 396 512 1175 402 513 1176 408 507 1177 400 502 1178 402 513 1179 410 510 1180 409 505 1181 412 514 1182 413 506 1183 414 515 1184 406 509 1185 412 514 1186 411 516 1187 410 510 1188 414 515 1189 409 505 1190 407 503 1191 413 506 1192 412 514 1193 406 509 1194 415 517 1195 410 510 1196 423 518 1197 417 518 1198 418 518 1199 422 519 1200 420 519 1201 416 520 1202 424 1 1203 418 1 1204 419 1 1205 421 521 1206 416 522 1207 417 523 1208 425 524 1209 419 525 1210 420 526 1211 430 501 1212 396 527 1213 404 508 1214 429 498 1215 404 528 1216 402 513 1217 400 502 1218 429 493 1219 402 513 1220 398 504 1221 428 490 1222 400 502 1223 396 512 1224 427 487 1225 398 511 1226 433 529 1227 432 530 1228 431 531 1229 433 532 1230 438 533 1231 434 534 1232 435 535 1233 438 536 1234 437 537 1235 431 538 1236 436 539 1237 435 540 1238 441 541 1239 435 535 1240 437 537 1241 436 542 1242 434 543 1243 438 536 1244 441 541 1245 446 544 1246 442 545 1247 442 546 1248 431 538 1249 435 540 1250 433 532 1251 441 547 1252 437 548 1253 440 549 1254 433 529 1255 431 531 1256 453 550 1257 444 551 1258 446 552 1259 444 553 1260 439 554 1261 440 549 1262 442 546 1263 444 551 1264 440 555 1265 443 556 1266 441 547 1267 439 557 1268 443 556 1269 452 558 1270 445 559 1271 454 560 1272 453 561 1273 446 544 1274 448 562 1275 447 563 1276 443 564 1277 452 558 1278 448 565 1279 451 566 1280 450 567 1281 454 568 1282 449 569 1283 449 569 1284 451 566 1285 448 565 1286 456 570 1287 457 571 1288 455 572 1289 458 573 1290 466 574 1291 463 575 1292 462 576 1293 459 577 1294 461 578 1295 460 1 1296 455 1 1297 459 1 1298 461 579 1299 455 580 1300 457 581 1301 458 573 1302 460 582 1303 462 583 1304 464 0 1305 466 0 1306 465 0 1307 458 584 1308 464 585 1309 457 571 1310 461 578 1311 466 586 1312 462 576 1313 457 581 1314 465 587 1315 461 579 1316 470 0 1317 473 0 1318 469 0 1319 474 4 1320 471 4 1321 473 4 1322 472 1 1323 467 1 1324 471 1 1325 473 5 1326 467 5 1327 469 5 1328 470 3 1329 472 3 1330 474 3 1331 505 588 1332 478 589 1333 506 590 1334 506 591 1335 480 592 1336 507 593 1337 507 594 1338 482 595 1339 508 596 1340 476 597 1341 482 598 1342 480 599 1343 482 600 1344 509 601 1345 508 602 1346 484 603 1347 505 604 1348 509 605 1349 479 606 1350 486 607 1351 477 608 1352 488 609 1353 492 610 1354 487 611 1355 483 612 1356 485 613 1357 489 614 1358 477 615 1359 485 613 1360 475 616 1361 481 617 1362 487 611 1363 479 606 1364 481 617 1365 489 614 1366 488 609 1367 491 618 1368 492 610 1369 493 619 1370 485 613 1371 491 618 1372 490 620 1373 489 614 1374 493 619 1375 488 609 1376 486 607 1377 492 610 1378 491 618 1379 485 613 1380 494 621 1381 489 614 1382 502 622 1383 496 622 1384 497 623 1385 501 624 1386 499 624 1387 495 625 1388 503 1 1389 497 1 1390 498 1 1391 500 626 1392 495 626 1393 496 627 1394 504 628 1395 498 628 1396 499 629 1397 509 605 1398 475 630 1399 483 612 1400 508 602 1401 483 631 1402 481 617 1403 479 606 1404 508 596 1405 481 617 1406 477 608 1407 507 593 1408 479 606 1409 475 616 1410 506 590 1411 477 615 1412 510 632 1413 513 633 1414 511 634 1415 512 635 1416 517 636 1417 513 637 1418 514 638 1419 517 639 1420 516 638 1421 510 640 1422 515 641 1423 514 642 1424 520 643 1425 514 638 1426 516 638 1427 515 639 1428 513 644 1429 517 639 1430 524 645 1431 521 646 1432 520 643 1433 521 647 1434 510 640 1435 514 642 1436 512 635 1437 520 648 1438 516 649 1439 519 650 1440 512 529 1441 510 632 1442 532 651 1443 523 652 1444 525 653 1445 523 654 1446 518 655 1447 519 650 1448 521 647 1449 523 652 1450 519 656 1451 522 657 1452 520 648 1453 518 658 1454 522 657 1455 531 659 1456 524 660 1457 533 661 1458 532 662 1459 525 663 1460 527 664 1461 526 665 1462 522 666 1463 531 659 1464 527 667 1465 530 668 1466 529 669 1467 533 670 1468 528 671 1469 528 671 1470 530 668 1471 527 667 1472 535 672 1473 536 673 1474 534 672 1475 537 674 1476 545 675 1477 542 676 1478 541 677 1479 538 678 1480 540 679 1481 539 1 1482 534 1 1483 538 1 1484 540 680 1485 534 681 1486 536 682 1487 537 674 1488 539 683 1489 541 684 1490 543 0 1491 545 0 1492 544 0 1493 537 685 1494 543 686 1495 536 673 1496 540 679 1497 545 687 1498 541 677 1499 536 682 1500 544 688 1501 540 680 1502 549 0 1503 552 0 1504 548 0 1505 553 4 1506 550 4 1507 552 4 1508 551 1 1509 546 1 1510 550 1 1511 552 5 1512 546 5 1513 548 5 1514 549 3 1515 551 3 1516 553 3 1517 584 689 1518 557 690 1519 585 691 1520 585 692 1521 559 693 1522 586 694 1523 586 695 1524 561 696 1525 587 697 1526 555 698 1527 561 3 1528 559 699 1529 561 700 1530 588 701 1531 587 702 1532 563 703 1533 584 704 1534 588 705 1535 558 502 1536 565 706 1537 556 707 1538 567 708 1539 571 709 1540 566 710 1541 562 711 1542 564 712 1543 568 713 1544 556 714 1545 564 712 1546 554 715 1547 560 716 1548 566 710 1549 558 502 1550 560 716 1551 568 713 1552 567 708 1553 570 717 1554 571 709 1555 572 718 1556 564 712 1557 570 717 1558 569 719 1559 568 713 1560 572 718 1561 567 708 1562 565 706 1563 571 709 1564 570 717 1565 564 712 1566 573 720 1567 568 713 1568 581 518 1569 575 518 1570 576 518 1571 580 721 1572 578 721 1573 574 722 1574 582 1 1575 576 1 1576 577 1 1577 579 723 1578 574 723 1579 575 523 1580 583 524 1581 577 525 1582 578 526 1583 588 705 1584 554 724 1585 562 711 1586 587 702 1587 562 725 1588 560 716 1589 558 502 1590 587 697 1591 560 716 1592 556 707 1593 586 694 1594 558 502 1595 554 715 1596 585 691 1597 556 714 1598 591 726 1599 590 727 1600 589 728 1601 591 729 1602 596 730 1603 592 731 1604 593 732 1605 596 733 1606 595 734 1607 589 735 1608 594 736 1609 593 737 1610 599 738 1611 593 732 1612 595 734 1613 594 739 1614 592 740 1615 596 733 1616 603 741 1617 600 742 1618 599 738 1619 600 743 1620 589 735 1621 593 737 1622 591 729 1623 599 744 1624 595 745 1625 598 746 1626 591 726 1627 589 728 1628 611 747 1629 602 748 1630 604 749 1631 602 553 1632 597 750 1633 598 746 1634 600 743 1635 602 748 1636 598 751 1637 601 752 1638 599 744 1639 597 753 1640 601 752 1641 610 754 1642 603 755 1643 612 560 1644 611 561 1645 604 756 1646 606 562 1647 605 563 1648 601 564 1649 610 754 1650 606 757 1651 609 566 1652 608 758 1653 612 759 1654 607 760 1655 607 760 1656 609 566 1657 606 757 1658 614 570 1659 615 761 1660 613 572 1661 616 762 1662 624 763 1663 621 764 1664 620 765 1665 617 577 1666 619 766 1667 618 1 1668 613 1 1669 617 1 1670 619 767 1671 613 580 1672 615 768 1673 616 762 1674 618 582 1675 620 769 1676 622 0 1677 624 0 1678 623 0 1679 616 770 1680 622 771 1681 615 761 1682 619 766 1683 624 772 1684 620 765 1685 615 768 1686 623 773 1687 619 767 1688 628 0 1689 631 0 1690 627 0 1691 632 4 1692 629 4 1693 631 4 1694 630 1 1695 625 1 1696 629 1 1697 631 5 1698 625 5 1699 627 5 1700 628 3 1701 630 3 1702 632 3 1703 634 774 1704 635 774 1705 633 774 1706 636 775 1707 639 775 1708 635 775 1709 640 776 1710 637 776 1711 639 776 1712 638 777 1713 633 777 1714 637 777 1715 639 5 1716 633 5 1717 635 5 1718 641 778 1719 644 778 1720 642 778 1721 647 779 1722 644 779 1723 643 779 1724 645 780 1725 648 780 1726 647 780 1727 641 781 1728 646 781 1729 645 781 1730 641 5 1731 647 5 1732 643 5 1733 651 782 1734 650 782 1735 649 782 1736 655 783 1737 652 783 1738 651 783 1739 653 784 1740 656 784 1741 655 784 1742 649 785 1743 654 785 1744 653 785 1745 649 5 1746 655 5 1747 651 5 1748 657 786 1749 660 786 1750 659 786 1751 660 787 1752 663 787 1753 659 787 1754 664 788 1755 661 788 1756 663 788 1757 662 789 1758 657 789 1759 661 789 1760 663 5 1761 657 5 1762 659 5 1763 24 0 1764 0 0 1765 1 0 1766 4 1 1767 5 1 1768 26 1 1769 16 2 1770 7 2 1771 26 2 1772 17 3 1773 5 3 1774 4 3 1775 18 4 1776 4 4 1777 27 4 1778 7 1 1779 11 1 1780 10 1 1781 21 5 1782 10 5 1783 11 5 1784 2 0 1785 8 0 1786 9 0 1787 3 2 1788 9 2 1789 20 2 1790 10 1 1791 14 1 1792 12 1 1793 12 4 1794 14 4 1795 23 4 1796 8 5 1797 15 5 1798 23 5 1799 6 3 1800 12 3 1801 22 3 1802 2 0 1803 13 0 1804 15 0 1805 19 3 1806 22 3 1807 13 3 1808 21 5 1809 23 5 1810 14 5 1811 22 4 1812 23 4 1813 15 4 1814 16 2 1815 20 2 1816 11 2 1817 8 5 1818 21 5 1819 20 5 1820 1 4 1821 18 4 1822 28 4 1823 0 3 1824 17 3 1825 18 3 1826 3 2 1827 16 2 1828 29 2 1829 24 2 1830 29 2 1831 17 2 1832 25 4 1833 28 4 1834 19 4 1835 28 4 1836 27 4 1837 6 4 1838 29 2 1839 26 2 1840 5 2 1841 27 1 1842 26 1 1843 7 1 1844 3 0 1845 24 0 1846 25 0 1847 81 6 1848 61 17 1849 47 7 1850 82 9 1851 51 27 1852 53 10 1853 53 10 1854 55 13 1855 86 12 1856 55 13 1857 57 15 1858 88 14 1859 57 15 1860 59 32 1861 90 16 1862 90 16 1863 59 32 1864 61 17 1865 77 8 1866 47 7 1867 49 18 1868 31 21 1869 45 49 1870 43 46 1871 43 46 1872 41 56 1873 39 20 1874 39 20 1875 37 53 1876 35 21 1877 35 21 1878 33 790 1879 31 21 1880 31 21 1881 43 46 1882 39 20 1883 49 18 1884 51 27 1885 82 9 1886 30 22 1887 62 0 1888 63 0 1889 49 18 1890 47 7 1891 46 24 1892 49 18 1893 48 25 1894 50 26 1895 53 10 1896 51 27 1897 50 26 1898 55 13 1899 53 10 1900 52 28 1901 57 15 1902 55 13 1903 54 29 1904 57 15 1905 56 30 1906 58 31 1907 59 32 1908 58 31 1909 60 33 1910 61 17 1911 60 33 1912 46 24 1913 50 26 1914 48 25 1915 46 24 1916 46 24 1917 60 33 1918 58 31 1919 58 31 1920 56 30 1921 54 29 1922 54 29 1923 52 28 1924 50 26 1925 50 26 1926 46 24 1927 54 29 1928 42 34 1929 44 43 1930 31 35 1931 34 37 1932 66 4 1933 68 38 1934 40 40 1935 35 45 1936 37 41 1937 30 22 1938 45 23 1939 31 35 1940 34 37 1941 36 51 1942 69 44 1943 42 34 1944 33 36 1945 35 45 1946 43 46 1947 63 50 1948 73 47 1949 37 41 1950 65 1 1951 64 1 1952 41 56 1953 43 46 1954 71 48 1955 66 57 1956 67 61 1957 71 58 1958 69 60 1959 70 63 1960 67 61 1961 69 60 1962 74 791 1963 75 62 1964 71 58 1965 73 792 1966 72 64 1967 41 56 1968 67 2 1969 70 65 1970 32 39 1971 68 38 1972 72 66 1973 62 0 1974 72 0 1975 73 0 1976 36 51 1977 64 52 1978 74 67 1979 64 1 1980 65 1 1981 75 1 1982 39 20 1983 70 65 1984 75 68 1985 79 69 1986 83 72 1987 34 70 1988 78 19 1989 82 9 1990 83 72 1991 30 22 1992 76 73 1993 79 69 1994 77 8 1995 78 19 1996 79 69 1997 91 74 1998 80 86 1999 44 43 2000 89 75 2001 87 793 2002 97 76 2003 40 40 2004 89 794 2005 91 74 2006 91 78 2007 101 107 2008 94 79 2009 87 81 2010 89 794 2011 40 40 2012 80 80 2013 94 79 2014 92 82 2015 36 84 2016 85 85 2017 87 81 2018 84 11 2019 86 12 2020 87 81 2021 34 70 2022 83 72 2023 85 85 2024 83 72 2025 82 9 2026 84 11 2027 80 86 2028 76 73 2029 30 22 2030 90 87 2031 100 103 2032 98 88 2033 92 90 2034 94 119 2035 104 91 2036 99 93 2037 109 122 2038 111 94 2039 92 90 2040 102 92 2041 103 95 2042 96 97 2043 98 118 2044 108 98 2045 81 100 2046 77 8 2047 93 101 2048 90 87 2049 81 100 2050 95 102 2051 86 12 2052 96 106 2053 97 104 2054 77 8 2055 76 73 2056 92 105 2057 88 89 2058 98 88 2059 96 106 2060 91 78 2061 89 75 2062 99 77 2063 104 108 2064 114 134 2065 112 109 2066 109 111 2067 119 138 2068 121 112 2069 102 110 2070 112 109 2071 113 114 2072 108 115 2073 118 133 2074 116 116 2075 98 118 2076 100 5 2077 110 5 2078 94 119 2079 101 5 2080 111 94 2081 93 96 2082 103 95 2083 105 5 2084 97 120 2085 96 97 2086 106 99 2087 97 120 2088 107 121 2089 109 122 2090 95 5 2091 105 5 2092 110 5 2093 121 123 2094 131 3 2095 124 124 2096 120 126 2097 130 3 2098 128 127 2099 114 125 2100 124 124 2101 122 129 2102 121 123 2103 119 155 2104 129 131 2105 110 132 2106 120 139 2107 118 133 2108 111 113 2109 121 112 2110 114 134 2111 103 114 2112 113 114 2113 115 135 2114 107 136 2115 106 117 2116 116 116 2117 109 111 2118 107 136 2119 117 137 2120 105 135 2121 115 135 2122 120 139 2123 131 140 2124 150 147 2125 137 141 2126 151 143 2127 148 174 2128 139 144 2129 129 146 2130 146 170 2131 150 147 2132 123 148 2133 135 175 2134 138 149 2135 115 151 2136 113 157 2137 123 152 2138 116 3 2139 126 156 2140 127 154 2141 119 155 2142 117 3 2143 127 154 2144 120 126 2145 115 151 2146 125 153 2147 118 128 2148 128 127 2149 126 156 2150 113 157 2151 112 130 2152 122 129 2153 125 150 2154 138 149 2155 149 158 2156 130 159 2157 149 158 2158 145 160 2159 128 115 2160 145 160 2161 140 161 2162 124 142 2163 137 141 2164 133 163 2165 142 165 2166 141 173 2167 144 166 2168 144 166 2169 148 174 2170 151 143 2171 126 162 2172 140 161 2173 143 168 2174 127 169 2175 143 168 2176 146 170 2177 139 144 2178 134 172 2179 132 171 2180 134 172 2181 135 175 2182 133 163 2183 141 173 2184 142 165 2185 143 168 2186 151 143 2187 136 145 2188 137 141 2189 138 149 2190 139 144 2191 148 174 2192 151 143 2193 150 147 2194 146 170 2195 145 160 2196 149 158 2197 148 174 2198 142 165 2199 147 167 2200 146 170 2201 145 160 2202 144 166 2203 141 173 2204 132 171 2205 133 163 2206 137 141 2207 138 149 2208 135 175 2209 134 172 2210 122 164 2211 133 163 2212 135 175 2213 203 176 2214 183 187 2215 169 177 2216 204 179 2217 173 197 2218 175 180 2219 175 180 2220 177 183 2221 208 182 2222 177 183 2223 179 185 2224 210 184 2225 179 185 2226 181 201 2227 212 186 2228 212 186 2229 181 201 2230 183 187 2231 199 178 2232 169 177 2233 171 188 2234 153 191 2235 167 218 2236 161 192 2237 167 218 2238 165 215 2239 161 192 2240 165 215 2241 163 2 2242 161 192 2243 161 192 2244 159 53 2245 157 2 2246 157 2 2247 155 190 2248 161 192 2249 171 188 2250 173 197 2251 204 179 2252 152 193 2253 184 0 2254 185 0 2255 169 177 2256 168 204 2257 170 195 2258 171 188 2259 170 195 2260 172 196 2261 175 180 2262 173 197 2263 172 196 2264 175 180 2265 174 198 2266 176 199 2267 179 185 2268 177 183 2269 176 199 2270 181 201 2271 179 185 2272 178 200 2273 181 201 2274 180 202 2275 182 203 2276 183 187 2277 182 203 2278 168 204 2279 172 196 2280 170 195 2281 180 202 2282 170 195 2283 168 204 2284 180 202 2285 168 204 2286 182 203 2287 180 202 2288 180 202 2289 178 200 2290 176 199 2291 176 199 2292 174 198 2293 180 202 2294 164 205 2295 166 212 2296 153 43 2297 156 206 2298 188 4 2299 190 207 2300 162 209 2301 157 214 2302 159 210 2303 152 193 2304 167 194 2305 153 43 2306 156 206 2307 158 220 2308 191 213 2309 164 205 2310 155 3 2311 157 214 2312 165 215 2313 185 219 2314 195 216 2315 159 210 2316 187 1 2317 186 1 2318 163 2 2319 165 215 2320 193 217 2321 188 224 2322 189 227 2323 193 225 2324 191 226 2325 192 229 2326 189 227 2327 191 226 2328 196 795 2329 197 228 2330 193 225 2331 195 792 2332 194 230 2333 163 2 2334 189 2 2335 192 231 2336 154 208 2337 190 207 2338 194 232 2339 184 0 2340 194 0 2341 195 0 2342 158 220 2343 186 221 2344 196 233 2345 186 1 2346 187 1 2347 197 1 2348 161 192 2349 192 231 2350 197 234 2351 201 235 2352 205 238 2353 156 236 2354 200 189 2355 204 179 2356 205 238 2357 152 193 2358 198 239 2359 201 235 2360 199 178 2361 200 189 2362 201 235 2363 213 240 2364 202 252 2365 166 212 2366 211 241 2367 209 796 2368 219 242 2369 162 209 2370 211 797 2371 213 240 2372 213 244 2373 223 271 2374 216 245 2375 209 247 2376 211 797 2377 162 209 2378 202 246 2379 216 245 2380 214 248 2381 158 250 2382 207 251 2383 209 247 2384 206 181 2385 208 182 2386 209 247 2387 156 236 2388 205 238 2389 207 251 2390 205 238 2391 204 179 2392 206 181 2393 202 252 2394 198 239 2395 152 193 2396 212 253 2397 222 267 2398 220 254 2399 214 256 2400 216 282 2401 226 257 2402 221 259 2403 231 286 2404 233 5 2405 214 256 2406 224 258 2407 225 260 2408 218 262 2409 220 5 2410 230 5 2411 203 264 2412 199 178 2413 215 265 2414 212 253 2415 203 264 2416 217 266 2417 208 182 2418 218 270 2419 219 268 2420 199 178 2421 198 239 2422 214 269 2423 210 255 2424 220 254 2425 218 270 2426 213 244 2427 211 241 2428 221 243 2429 226 272 2430 236 298 2431 234 273 2432 231 275 2433 241 138 2434 243 276 2435 224 274 2436 234 273 2437 235 278 2438 230 280 2439 240 297 2440 238 281 2441 220 5 2442 222 5 2443 232 5 2444 216 282 2445 223 5 2446 233 5 2447 215 261 2448 225 260 2449 227 283 2450 219 284 2451 218 262 2452 228 263 2453 219 284 2454 229 285 2455 231 286 2456 217 5 2457 227 283 2458 232 5 2459 243 287 2460 253 3 2461 246 288 2462 242 290 2463 252 3 2464 250 291 2465 236 289 2466 246 288 2467 244 293 2468 243 287 2469 241 319 2470 251 295 2471 232 296 2472 242 303 2473 240 297 2474 233 277 2475 243 276 2476 236 298 2477 225 279 2478 235 278 2479 237 299 2480 229 301 2481 228 117 2482 238 281 2483 231 275 2484 229 301 2485 239 302 2486 227 300 2487 237 299 2488 242 303 2489 253 304 2490 272 310 2491 259 305 2492 273 307 2493 270 334 2494 261 308 2495 251 146 2496 268 330 2497 272 310 2498 245 311 2499 257 335 2500 260 312 2501 237 314 2502 235 321 2503 245 315 2504 238 316 2505 248 320 2506 249 317 2507 241 319 2508 239 318 2509 249 317 2510 242 290 2511 237 314 2512 247 291 2513 240 292 2514 250 291 2515 248 320 2516 235 321 2517 234 294 2518 244 293 2519 247 313 2520 260 312 2521 271 322 2522 252 159 2523 271 322 2524 267 323 2525 250 115 2526 267 323 2527 262 324 2528 246 306 2529 259 305 2530 255 325 2531 264 326 2532 263 333 2533 266 327 2534 266 327 2535 270 334 2536 273 307 2537 248 162 2538 262 324 2539 265 329 2540 249 169 2541 265 329 2542 268 330 2543 261 308 2544 256 332 2545 254 331 2546 256 332 2547 257 335 2548 255 325 2549 263 333 2550 264 326 2551 265 329 2552 273 307 2553 258 309 2554 259 305 2555 260 312 2556 261 308 2557 270 334 2558 273 307 2559 272 310 2560 268 330 2561 267 323 2562 271 322 2563 270 334 2564 264 326 2565 269 328 2566 268 330 2567 267 323 2568 266 327 2569 263 333 2570 254 331 2571 255 325 2572 259 305 2573 260 312 2574 257 335 2575 256 332 2576 244 164 2577 255 325 2578 257 335 2579 325 176 2580 305 346 2581 291 336 2582 326 338 2583 295 355 2584 297 339 2585 297 339 2586 299 342 2587 330 341 2588 299 342 2589 301 344 2590 332 343 2591 301 344 2592 303 360 2593 334 345 2594 334 345 2595 303 360 2596 305 346 2597 321 337 2598 291 336 2599 293 347 2600 275 349 2601 289 218 2602 287 350 2603 287 350 2604 285 374 2605 283 351 2606 283 351 2607 281 372 2608 279 2 2609 279 2 2610 277 798 2611 283 351 2612 277 798 2613 275 349 2614 283 351 2615 293 347 2616 295 355 2617 326 338 2618 274 352 2619 306 0 2620 307 0 2621 293 347 2622 291 336 2623 290 353 2624 295 355 2625 293 347 2626 292 354 2627 295 355 2628 294 356 2629 296 357 2630 297 339 2631 296 357 2632 298 358 2633 301 344 2634 299 342 2635 298 358 2636 303 360 2637 301 344 2638 300 359 2639 303 360 2640 302 361 2641 304 362 2642 305 346 2643 304 362 2644 290 353 2645 294 356 2646 292 354 2647 302 361 2648 292 354 2649 290 353 2650 302 361 2651 290 353 2652 304 362 2653 302 361 2654 302 361 2655 300 359 2656 298 358 2657 298 358 2658 296 357 2659 302 361 2660 286 363 2661 288 43 2662 275 43 2663 278 364 2664 310 369 2665 312 207 2666 284 365 2667 279 370 2668 281 366 2669 274 352 2670 289 23 2671 275 43 2672 278 364 2673 280 371 2674 313 368 2675 286 363 2676 277 363 2677 279 370 2678 287 350 2679 307 219 2680 317 216 2681 281 366 2682 309 1 2683 308 1 2684 285 374 2685 287 350 2686 315 217 2687 310 376 2688 311 379 2689 315 377 2690 313 378 2691 314 229 2692 311 379 2693 313 378 2694 318 791 2695 319 380 2696 315 377 2697 317 792 2698 316 230 2699 285 374 2700 311 375 2701 314 231 2702 276 208 2703 312 207 2704 316 232 2705 306 0 2706 316 0 2707 317 0 2708 280 371 2709 308 223 2710 318 381 2711 308 1 2712 309 1 2713 319 1 2714 283 351 2715 314 231 2716 319 382 2717 323 383 2718 327 386 2719 278 384 2720 322 348 2721 326 338 2722 327 386 2723 274 352 2724 320 387 2725 323 383 2726 321 337 2727 322 348 2728 323 383 2729 335 388 2730 324 400 2731 288 43 2732 333 389 2733 331 799 2734 341 390 2735 284 365 2736 333 800 2737 335 388 2738 335 392 2739 345 420 2740 338 393 2741 331 395 2742 333 800 2743 284 365 2744 324 394 2745 338 393 2746 336 396 2747 280 398 2748 329 399 2749 331 395 2750 328 340 2751 330 341 2752 331 395 2753 278 384 2754 327 386 2755 329 399 2756 327 386 2757 326 338 2758 328 340 2759 324 400 2760 320 387 2761 274 352 2762 334 401 2763 344 416 2764 342 402 2765 336 404 2766 338 433 2767 348 405 2768 343 407 2769 353 257 2770 355 5 2771 336 404 2772 346 406 2773 347 408 2774 340 410 2775 342 431 2776 352 411 2777 325 413 2778 321 337 2779 337 414 2780 334 401 2781 325 413 2782 339 415 2783 330 341 2784 340 419 2785 341 417 2786 321 337 2787 320 387 2788 336 418 2789 332 403 2790 342 402 2791 340 419 2792 335 392 2793 333 389 2794 343 391 2795 348 421 2796 358 448 2797 356 422 2798 353 424 2799 363 453 2800 365 425 2801 346 423 2802 356 422 2803 357 427 2804 352 115 2805 362 447 2806 360 429 2807 342 431 2808 344 5 2809 354 432 2810 338 433 2811 345 5 2812 355 5 2813 337 409 2814 347 408 2815 349 434 2816 341 436 2817 340 410 2818 350 412 2819 341 436 2820 351 437 2821 353 257 2822 339 435 2823 349 434 2824 354 432 2825 365 438 2826 375 3 2827 368 439 2828 364 441 2829 374 3 2830 372 442 2831 358 440 2832 368 439 2833 366 443 2834 365 438 2835 363 468 2836 373 445 2837 354 446 2838 364 454 2839 362 447 2840 355 426 2841 365 425 2842 358 448 2843 347 428 2844 357 427 2845 359 449 2846 351 451 2847 350 430 2848 360 429 2849 353 424 2850 351 451 2851 361 452 2852 349 450 2853 359 449 2854 364 454 2855 375 304 2856 394 460 2857 381 455 2858 395 456 2859 392 174 2860 383 457 2861 373 459 2862 390 480 2863 394 460 2864 367 311 2865 379 484 2866 382 461 2867 359 462 2868 357 470 2869 367 463 2870 360 465 2871 370 469 2872 371 466 2873 363 468 2874 361 467 2875 371 466 2876 364 441 2877 359 462 2878 369 464 2879 362 314 2880 372 442 2881 370 469 2882 357 470 2883 356 444 2884 366 443 2885 369 313 2886 382 461 2887 393 471 2888 374 472 2889 393 471 2890 389 473 2891 372 115 2892 389 473 2893 384 474 2894 368 306 2895 381 455 2896 377 475 2897 386 476 2898 385 483 2899 388 477 2900 388 477 2901 392 174 2902 395 456 2903 370 162 2904 384 474 2905 387 479 2906 371 169 2907 387 479 2908 390 480 2909 383 457 2910 378 482 2911 376 481 2912 378 482 2913 379 484 2914 377 475 2915 385 483 2916 386 476 2917 387 479 2918 395 456 2919 380 458 2920 381 455 2921 382 461 2922 383 457 2923 392 174 2924 395 456 2925 394 460 2926 390 480 2927 389 473 2928 393 471 2929 392 174 2930 386 476 2931 391 478 2932 390 480 2933 389 473 2934 388 477 2935 385 483 2936 376 481 2937 377 475 2938 381 455 2939 382 461 2940 379 484 2941 378 482 2942 366 164 2943 377 475 2944 379 484 2945 426 485 2946 397 801 2947 399 486 2948 427 488 2949 399 802 2950 401 489 2951 428 491 2952 401 803 2953 403 492 2954 401 495 2955 399 804 2956 397 494 2957 397 494 2958 405 3 2959 403 3 2960 403 496 2961 405 805 2962 430 497 2963 405 499 2964 397 806 2965 426 500 2966 400 502 2967 408 507 2968 407 503 2969 409 505 2970 414 515 2971 413 506 2972 404 508 2973 396 527 2974 406 509 2975 398 511 2976 407 503 2977 406 509 2978 402 513 2979 409 505 2980 408 507 2981 402 513 2982 404 528 2983 410 510 2984 415 517 2985 411 516 2986 414 515 2987 411 516 2988 412 514 2989 414 515 2990 406 509 2991 407 503 2992 412 514 2993 410 510 2994 415 517 2995 414 515 2996 407 503 2997 408 507 2998 413 506 2999 406 509 3000 411 516 3001 415 517 3002 423 518 3003 421 518 3004 417 518 3005 422 519 3006 425 520 3007 420 519 3008 424 1 3009 423 1 3010 418 1 3011 421 521 3012 422 807 3013 416 522 3014 425 524 3015 424 628 3016 419 525 3017 430 501 3018 426 500 3019 396 527 3020 429 498 3021 430 497 3022 404 528 3023 400 502 3024 428 491 3025 429 493 3026 398 504 3027 427 488 3028 428 490 3029 396 512 3030 426 485 3031 427 487 3032 433 529 3033 434 808 3034 432 530 3035 433 532 3036 437 548 3037 438 533 3038 435 535 3039 436 542 3040 438 536 3041 431 538 3042 432 809 3043 436 539 3044 441 541 3045 442 545 3046 435 535 3047 436 542 3048 432 810 3049 434 543 3050 441 541 3051 445 811 3052 446 544 3053 442 546 3054 440 555 3055 431 538 3056 433 532 3057 439 557 3058 441 547 3059 440 549 3060 439 554 3061 433 529 3062 453 550 3063 450 567 3064 444 551 3065 444 553 3066 443 564 3067 439 554 3068 442 546 3069 446 552 3070 444 551 3071 443 556 3072 445 559 3073 441 547 3074 443 556 3075 447 812 3076 452 558 3077 446 544 3078 445 811 3079 454 560 3080 445 811 3081 452 813 3082 451 814 3083 454 560 3084 445 811 3085 451 814 3086 443 564 3087 444 553 3088 448 562 3089 444 553 3090 450 815 3091 449 816 3092 448 562 3093 444 553 3094 449 816 3095 452 558 3096 447 812 3097 448 565 3098 450 567 3099 453 550 3100 454 568 3101 449 569 3102 454 568 3103 451 566 3104 456 570 3105 458 584 3106 457 571 3107 458 573 3108 462 583 3109 466 574 3110 462 576 3111 460 817 3112 459 577 3113 460 1 3114 456 1 3115 455 1 3116 461 579 3117 459 818 3118 455 580 3119 458 573 3120 456 819 3121 460 582 3122 464 0 3123 463 0 3124 466 0 3125 458 584 3126 463 820 3127 464 585 3128 461 578 3129 465 821 3130 466 586 3131 457 581 3132 464 822 3133 465 587 3134 470 0 3135 474 0 3136 473 0 3137 474 4 3138 472 4 3139 471 4 3140 472 1 3141 468 1 3142 467 1 3143 473 5 3144 471 5 3145 467 5 3146 470 3 3147 468 3 3148 472 3 3149 505 588 3150 476 823 3151 478 589 3152 506 591 3153 478 824 3154 480 592 3155 507 594 3156 480 825 3157 482 595 3158 480 599 3159 478 826 3160 476 597 3161 476 597 3162 484 827 3163 482 598 3164 482 600 3165 484 828 3166 509 601 3167 484 603 3168 476 829 3169 505 604 3170 479 606 3171 487 611 3172 486 607 3173 488 609 3174 493 619 3175 492 610 3176 483 612 3177 475 630 3178 485 613 3179 477 615 3180 486 607 3181 485 613 3182 481 617 3183 488 609 3184 487 611 3185 481 617 3186 483 631 3187 489 614 3188 494 621 3189 490 620 3190 493 619 3191 490 620 3192 491 618 3193 493 619 3194 485 613 3195 486 607 3196 491 618 3197 489 614 3198 494 621 3199 493 619 3200 486 607 3201 487 611 3202 492 610 3203 485 613 3204 490 620 3205 494 621 3206 502 622 3207 500 622 3208 496 622 3209 501 624 3210 504 830 3211 499 624 3212 503 1 3213 502 1 3214 497 1 3215 500 626 3216 501 831 3217 495 626 3218 504 628 3219 503 832 3220 498 628 3221 509 605 3222 505 604 3223 475 630 3224 508 602 3225 509 601 3226 483 631 3227 479 606 3228 507 594 3229 508 596 3230 477 608 3231 506 591 3232 507 593 3233 475 616 3234 505 588 3235 506 590 3236 510 632 3237 512 529 3238 513 633 3239 512 635 3240 516 649 3241 517 636 3242 514 638 3243 515 639 3244 517 639 3245 510 640 3246 511 833 3247 515 641 3248 520 643 3249 521 646 3250 514 638 3251 515 639 3252 511 834 3253 513 644 3254 524 645 3255 525 663 3256 521 646 3257 521 647 3258 519 656 3259 510 640 3260 512 635 3261 518 658 3262 520 648 3263 519 650 3264 518 655 3265 512 529 3266 532 651 3267 529 669 3268 523 652 3269 523 654 3270 522 666 3271 518 655 3272 521 647 3273 525 653 3274 523 652 3275 522 657 3276 524 660 3277 520 648 3278 522 657 3279 526 835 3280 531 659 3281 525 663 3282 524 645 3283 533 661 3284 524 645 3285 531 836 3286 530 837 3287 533 661 3288 524 645 3289 530 837 3290 522 666 3291 523 654 3292 527 664 3293 523 654 3294 529 838 3295 528 839 3296 527 664 3297 523 654 3298 528 839 3299 531 659 3300 526 835 3301 527 667 3302 529 669 3303 532 651 3304 533 670 3305 528 671 3306 533 670 3307 530 668 3308 535 672 3309 537 685 3310 536 673 3311 537 674 3312 541 684 3313 545 675 3314 541 677 3315 539 678 3316 538 678 3317 539 1 3318 535 1 3319 534 1 3320 540 680 3321 538 681 3322 534 681 3323 537 674 3324 535 683 3325 539 683 3326 543 0 3327 542 0 3328 545 0 3329 537 685 3330 542 840 3331 543 686 3332 540 679 3333 544 841 3334 545 687 3335 536 682 3336 543 842 3337 544 688 3338 549 0 3339 553 0 3340 552 0 3341 553 4 3342 551 4 3343 550 4 3344 551 1 3345 547 1 3346 546 1 3347 552 5 3348 550 5 3349 546 5 3350 549 3 3351 547 3 3352 551 3 3353 584 689 3354 555 843 3355 557 690 3356 585 692 3357 557 844 3358 559 693 3359 586 695 3360 559 845 3361 561 696 3362 559 699 3363 557 846 3364 555 698 3365 555 698 3366 563 3 3367 561 3 3368 561 700 3369 563 847 3370 588 701 3371 563 703 3372 555 848 3373 584 704 3374 558 502 3375 566 710 3376 565 706 3377 567 708 3378 572 718 3379 571 709 3380 562 711 3381 554 724 3382 564 712 3383 556 714 3384 565 706 3385 564 712 3386 560 716 3387 567 708 3388 566 710 3389 560 716 3390 562 725 3391 568 713 3392 573 720 3393 569 719 3394 572 718 3395 569 719 3396 570 717 3397 572 718 3398 564 712 3399 565 706 3400 570 717 3401 568 713 3402 573 720 3403 572 718 3404 565 706 3405 566 710 3406 571 709 3407 564 712 3408 569 719 3409 573 720 3410 581 518 3411 579 518 3412 575 518 3413 580 721 3414 583 520 3415 578 721 3416 582 1 3417 581 1 3418 576 1 3419 579 723 3420 580 849 3421 574 723 3422 583 524 3423 582 628 3424 577 525 3425 588 705 3426 584 704 3427 554 724 3428 587 702 3429 588 701 3430 562 725 3431 558 502 3432 586 695 3433 587 697 3434 556 707 3435 585 692 3436 586 694 3437 554 715 3438 584 689 3439 585 691 3440 591 726 3441 592 850 3442 590 727 3443 591 729 3444 595 745 3445 596 730 3446 593 732 3447 594 739 3448 596 733 3449 589 735 3450 590 851 3451 594 736 3452 599 738 3453 600 742 3454 593 732 3455 594 739 3456 590 543 3457 592 740 3458 603 741 3459 604 756 3460 600 742 3461 600 743 3462 598 751 3463 589 735 3464 591 729 3465 597 753 3466 599 744 3467 598 746 3468 597 750 3469 591 726 3470 611 747 3471 608 758 3472 602 748 3473 602 553 3474 601 564 3475 597 750 3476 600 743 3477 604 749 3478 602 748 3479 601 752 3480 603 755 3481 599 744 3482 601 752 3483 605 852 3484 610 754 3485 604 756 3486 603 741 3487 612 560 3488 603 741 3489 610 853 3490 609 854 3491 612 560 3492 603 741 3493 609 854 3494 601 564 3495 602 553 3496 606 562 3497 602 553 3498 608 855 3499 607 856 3500 606 562 3501 602 553 3502 607 856 3503 610 754 3504 605 852 3505 606 757 3506 608 758 3507 611 747 3508 612 759 3509 607 760 3510 612 759 3511 609 566 3512 614 570 3513 616 770 3514 615 761 3515 616 762 3516 620 769 3517 624 763 3518 620 765 3519 618 817 3520 617 577 3521 618 1 3522 614 1 3523 613 1 3524 619 767 3525 617 818 3526 613 580 3527 616 762 3528 614 819 3529 618 582 3530 622 0 3531 621 0 3532 624 0 3533 616 770 3534 621 857 3535 622 771 3536 619 766 3537 623 858 3538 624 772 3539 615 768 3540 622 859 3541 623 773 3542 628 0 3543 632 0 3544 631 0 3545 632 4 3546 630 4 3547 629 4 3548 630 1 3549 626 1 3550 625 1 3551 631 5 3552 629 5 3553 625 5 3554 628 3 3555 626 3 3556 630 3 3557 634 860 3558 636 860 3559 635 860 3560 636 861 3561 640 861 3562 639 861 3563 640 862 3564 638 862 3565 637 862 3566 638 863 3567 634 863 3568 633 863 3569 639 5 3570 637 5 3571 633 5 3572 641 786 3573 643 786 3574 644 786 3575 647 864 3576 648 864 3577 644 864 3578 645 865 3579 646 865 3580 648 865 3581 641 866 3582 642 866 3583 646 866 3584 641 5 3585 645 5 3586 647 5 3587 651 867 3588 652 867 3589 650 867 3590 655 868 3591 656 868 3592 652 868 3593 653 869 3594 654 869 3595 656 869 3596 649 870 3597 650 870 3598 654 870 3599 649 5 3600 653 5 3601 655 5 3602 657 778 3603 658 778 3604 660 778 3605 660 871 3606 664 871 3607 663 871 3608 664 872 3609 662 872 3610 661 872 3611 662 873 3612 658 873 3613 657 873 3614 663 5 3615 661 5 3616 657 5 3617</p>
        </triangles>
      </mesh>
    </geometry>
  </library_geometries>
  <library_visual_scenes>
    <visual_scene id="Scene" name="Scene">
      <node id="Smoothie_Machine" name="Smoothie_Machine" type="NODE">
        <matrix sid="transform">6.41824e-9 0.5382222 0 0 -0.5382222 6.41824e-9 0 0 0 0 0.5382222 0 0 0 0 1</matrix>
        <instance_geometry url="#Smoothie_Machine-mesh" name="Smoothie_Machine">
          <bind_material>
            <technique_common>
              <instance_material symbol="Smoothie_Machine-material" target="#Smoothie_Machine-material">
                <bind_vertex_input semantic="UVMap" input_semantic="TEXCOORD" input_set="0"/>
              </instance_material>
            </technique_common>
          </bind_material>
        </instance_geometry>
      </node>
    </visual_scene>
  </library_visual_scenes>
  <scene>
    <instance_visual_scene url="#Scene"/>
  </scene>
</COLLADA>