<?xml version="1.0" encoding="utf-8"?>
<COLLADA xmlns="http://www.collada.org/2005/11/COLLADASchema" version="1.4.1" xmlns:xsi="http://www.w3.org/2001/XMLSchema-instance">
  <asset>
    <contributor>
      <author>Blender User</author>
      <authoring_tool>Blender 4.0.1 commit date:2023-11-16, commit time:16:40, hash:d0dd92834a08</authoring_tool>
    </contributor>
    <created>2023-11-28T13:31:46</created>
    <modified>2023-11-28T13:31:46</modified>
    <unit name="meter" meter="1"/>
    <up_axis>Z_UP</up_axis>
  </asset>
  <library_effects>
    <effect id="Additional_Cup_holder-effect">
      <profile_COMMON>
        <newparam sid="Sauce_Cup_holder-surface">
          <surface type="2D">
            <init_from>Sauce_Cup_holder</init_from>
          </surface>
        </newparam>
        <newparam sid="Sauce_Cup_holder-sampler">
          <sampler2D>
            <source>Sauce_Cup_holder-surface</source>
          </sampler2D>
        </newparam>
        <technique sid="common">
          <lambert>
            <emission>
              <color sid="emission">0 0 0 1</color>
            </emission>
            <diffuse>
              <texture texture="Sauce_Cup_holder-sampler" texcoord="UVMap"/>
            </diffuse>
            <index_of_refraction>
              <float sid="ior">1.45</float>
            </index_of_refraction>
          </lambert>
        </technique>
      </profile_COMMON>
    </effect>
  </library_effects>
  <library_images>
    <image id="Sauce_Cup_holder" name="Sauce_Cup_holder">
      <init_from>Sauce_Cup_holder.png</init_from>
    </image>
  </library_images>
  <library_materials>
    <material id="Additional_Cup_holder-material" name="Additional_Cup_holder">
      <instance_effect url="#Additional_Cup_holder-effect"/>
    </material>
  </library_materials>
  <library_geometries>
    <geometry id="Top_Cup_Plastic_B_001-mesh" name="Top_Cup_Plastic_B.001">
      <mesh>
        <source id="Top_Cup_Plastic_B_001-mesh-positions">
          <float_array id="Top_Cup_Plastic_B_001-mesh-positions-array" count="84">0 0.05421984 -0.01075798 0 0.05748093 -0.00713849 0 0.04751145 0.001843631 0 0.04537963 -0.002793252 -0.03714597 0.02962291 0.001843631 -0.03547924 0.02829372 -0.002793252 -0.04494041 0.03583872 -0.00713849 -0.04239082 0.03380548 -0.01075798 -0.04632025 -0.01057225 0.001843631 -0.0442419 -0.01009792 -0.002793252 -0.05603975 -0.01279067 -0.00713849 -0.05286049 -0.01206505 -0.01075798 -0.02061444 -0.04280632 0.001843631 -0.0196895 -0.04088568 -0.002793252 -0.02494001 -0.0517885 -0.00713849 -0.02352511 -0.04885041 -0.01075798 0.02061444 -0.04280632 0.001843631 0.0196895 -0.04088568 -0.002793252 0.02494001 -0.0517885 -0.00713849 0.02352511 -0.04885041 -0.01075798 0.04632025 -0.01057225 0.001843631 0.0442419 -0.01009792 -0.002793252 0.05603975 -0.01279067 -0.00713849 0.05286043 -0.01206505 -0.01075798 0.03714591 0.02962291 0.001843631 0.03547924 0.02829372 -0.002793252 0.04494035 0.03583872 -0.00713849 0.04239076 0.03380548 -0.01075798</float_array>
          <technique_common>
            <accessor source="#Top_Cup_Plastic_B_001-mesh-positions-array" count="28" stride="3">
              <param name="X" type="float"/>
              <param name="Y" type="float"/>
              <param name="Z" type="float"/>
            </accessor>
          </technique_common>
        </source>
        <source id="Top_Cup_Plastic_B_001-mesh-normals">
          <float_array id="Top_Cup_Plastic_B_001-mesh-normals-array" count="126">0.5808506 -0.4632131 0.6693626 2.1083e-7 -0.742936 0.6693626 0.5808506 -0.463213 0.6693626 0.724309 0.1653188 0.6693624 0.7243092 0.1653188 0.6693624 0.3223478 0.6693627 0.669362 0.3223477 0.6693627 0.6693621 -0.3223481 0.6693621 0.6693626 -0.3223478 0.6693621 0.6693626 -0.7243091 0.1653187 0.6693625 -0.7243092 0.1653186 0.6693624 -0.5808511 -0.4632136 0.6693618 -0.5808513 -0.4632136 0.6693617 4.0722e-7 -0.742936 0.6693626 -0.191179 0.3969877 -0.8976923 0.191179 0.3969874 -0.8976923 0 -0.4406231 -0.8976923 -0.4295756 -0.09804779 0.8976923 0.191179 -0.3969875 0.8976923 0.344493 0.274724 0.8976923 0.5233284 -0.4173405 -0.7429364 0.3444929 -0.2747239 -0.8976923 0 0.4406232 0.8976922 -0.5233283 0.4173405 0.7429363 -0.3444929 0.2747238 0.8976923 0.6525798 0.148947 -0.7429363 0.4295756 0.09804785 -0.8976923 -0.6525798 -0.1489469 0.7429364 0.2904253 0.6030744 -0.7429363 -0.2904253 -0.6030744 0.7429363 -0.191179 -0.3969876 0.8976923 0.2904254 -0.6030743 0.7429364 -0.4295758 0.09804779 -0.8976922 -0.2904254 0.6030747 -0.7429361 0.429576 -0.09804785 0.8976922 0.6525802 -0.148947 0.742936 -0.344493 -0.274724 -0.8976922 -0.65258 0.1489471 -0.7429361 0.5233286 0.4173407 0.7429361 -0.5233285 -0.4173407 -0.7429361 0 0.6693624 0.7429361 0 -0.6693623 -0.7429362</float_array>
          <technique_common>
            <accessor source="#Top_Cup_Plastic_B_001-mesh-normals-array" count="42" stride="3">
              <param name="X" type="float"/>
              <param name="Y" type="float"/>
              <param name="Z" type="float"/>
            </accessor>
          </technique_common>
        </source>
        <source id="Top_Cup_Plastic_B_001-mesh-map-0">
          <float_array id="Top_Cup_Plastic_B_001-mesh-map-0-array" count="312">0.02146154 0.8302482 0.07958549 0.8022572 0.02146154 0.8302482 0.007106125 0.8931434 0.02146154 0.8302482 0.007106125 0.8931434 0.007106125 0.8931434 0.04732906 0.9435815 0.04732906 0.9435815 0.04732906 0.9435815 0.1118418 0.9435815 0.1118418 0.9435815 0.1118418 0.9435815 0.1520648 0.8931434 0.1520648 0.8931434 0.1520648 0.8931434 0.1377094 0.8302482 0.1377094 0.8302482 0.07958549 0.8022572 0.1377094 0.8302482 0.07958549 0.8022572 0.1062479 0.9319657 0.05292296 0.9319657 0.07958549 0.81515 0.01967543 0.8902746 0.1062479 0.9319657 0.1276295 0.8382867 0.02146154 0.8302482 0.07958549 0.81515 0.0315414 0.8382866 0.07958549 0.81515 0.02146154 0.8302482 0.0315414 0.8382866 0.007106125 0.8931434 0.0315414 0.8382866 0.01967543 0.8902746 0.0315414 0.8382866 0.007106125 0.8931434 0.01967543 0.8902746 0.04732906 0.9435815 0.01967543 0.8902746 0.05292296 0.9319657 0.01967543 0.8902746 0.04732906 0.9435815 0.05292296 0.9319657 0.1062479 0.9319657 0.04732906 0.9435815 0.05292296 0.9319657 0.1062479 0.9319657 0.04732906 0.9435815 0.1118418 0.9435815 0.1394954 0.8902745 0.1118418 0.9435815 0.1062479 0.9319657 0.1394954 0.8902745 0.1118418 0.9435815 0.1520648 0.8931434 0.1276295 0.8382867 0.1520648 0.8931434 0.1394954 0.8902745 0.1276295 0.8382867 0.1520648 0.8931434 0.1377094 0.8302482 0.07958549 0.81515 0.1377094 0.8302482 0.1276295 0.8382867 0.07958549 0.81515 0.1377094 0.8302482 0.07958549 0.8022572 0.02146154 0.8302482 0.07958549 0.8022572 0.07958549 0.8022572 0.007106125 0.8931434 0.02146154 0.8302482 0.02146154 0.8302482 0.007106125 0.8931434 0.007106125 0.8931434 0.04732906 0.9435815 0.04732906 0.9435815 0.04732906 0.9435815 0.1118418 0.9435815 0.1118418 0.9435815 0.1118418 0.9435815 0.1520648 0.8931434 0.1520648 0.8931434 0.1520648 0.8931434 0.1377094 0.8302482 0.07958549 0.8022572 0.1377094 0.8302482 0.1377094 0.8302482 0.01967543 0.8902746 0.0315414 0.8382866 0.05292296 0.9319657 0.0315414 0.8382866 0.07958549 0.81515 0.05292296 0.9319657 0.07958549 0.81515 0.1276295 0.8382867 0.1394954 0.8902745 0.1394954 0.8902745 0.1062479 0.9319657 0.07958549 0.81515 0.07958549 0.81515 0.0315414 0.8382866 0.01967543 0.8902746 0.01967543 0.8902746 0.05292296 0.9319657 0.1062479 0.9319657 0.1062479 0.9319657 0.1394954 0.8902745 0.1276295 0.8382867 0.1276295 0.8382867 0.07958549 0.81515 0.01967543 0.8902746 0.02146154 0.8302482 0.07958549 0.8022572 0.07958549 0.81515 0.07958549 0.81515 0.07958549 0.8022572 0.02146154 0.8302482 0.007106125 0.8931434 0.02146154 0.8302482 0.0315414 0.8382866 0.0315414 0.8382866 0.02146154 0.8302482 0.007106125 0.8931434 0.04732906 0.9435815 0.007106125 0.8931434 0.01967543 0.8902746 0.01967543 0.8902746 0.007106125 0.8931434 0.04732906 0.9435815 0.1062479 0.9319657 0.1118418 0.9435815 0.04732906 0.9435815 0.1062479 0.9319657 0.05292296 0.9319657 0.04732906 0.9435815 0.1394954 0.8902745 0.1520648 0.8931434 0.1118418 0.9435815 0.1394954 0.8902745 0.1062479 0.9319657 0.1118418 0.9435815 0.1276295 0.8382867 0.1377094 0.8302482 0.1520648 0.8931434 0.1276295 0.8382867 0.1394954 0.8902745 0.1520648 0.8931434 0.07958549 0.81515 0.07958549 0.8022572 0.1377094 0.8302482 0.07958549 0.81515 0.1276295 0.8382867 0.1377094 0.8302482</float_array>
          <technique_common>
            <accessor source="#Top_Cup_Plastic_B_001-mesh-map-0-array" count="156" stride="2">
              <param name="S" type="float"/>
              <param name="T" type="float"/>
            </accessor>
          </technique_common>
        </source>
        <vertices id="Top_Cup_Plastic_B_001-mesh-vertices">
          <input semantic="POSITION" source="#Top_Cup_Plastic_B_001-mesh-positions"/>
        </vertices>
        <triangles material="Additional_Cup_holder-material" count="52">
          <input semantic="VERTEX" source="#Top_Cup_Plastic_B_001-mesh-vertices" offset="0"/>
          <input semantic="NORMAL" source="#Top_Cup_Plastic_B_001-mesh-normals" offset="1"/>
          <input semantic="TEXCOORD" source="#Top_Cup_Plastic_B_001-mesh-map-0" offset="2" set="0"/>
          <p>7 0 0 1 1 1 6 2 2 11 3 3 6 2 4 10 4 5 11 3 6 14 5 7 15 6 8 15 6 9 18 7 10 19 8 11 19 8 12 22 9 13 23 10 14 23 10 15 26 11 16 27 12 17 0 13 18 26 11 19 1 1 20 16 14 21 12 15 22 2 16 23 9 17 24 17 18 25 25 19 26 6 20 27 2 16 28 4 21 29 3 22 30 7 23 31 5 24 32 10 25 33 4 21 34 8 26 35 5 24 36 11 27 37 9 17 38 14 28 39 8 26 40 12 15 41 9 17 42 15 29 43 13 30 44 16 14 45 14 28 46 12 15 47 17 18 48 15 29 49 19 31 50 20 32 51 18 33 52 16 14 53 21 34 54 19 31 55 23 35 56 24 36 57 22 37 58 20 32 59 25 19 60 23 35 61 27 38 62 2 16 63 26 39 64 24 36 65 3 22 66 27 38 67 0 40 68 7 0 69 0 13 70 1 1 71 11 3 72 7 0 73 6 2 74 11 3 75 10 4 76 14 5 77 15 6 78 14 5 79 18 7 80 19 8 81 18 7 82 22 9 83 23 10 84 22 9 85 26 11 86 0 13 87 27 12 88 26 11 89 8 26 90 4 21 91 12 15 92 4 21 93 2 16 94 12 15 95 2 16 96 24 36 97 20 32 98 20 32 99 16 14 100 2 16 101 3 22 102 5 24 103 9 17 104 9 17 105 13 30 106 17 18 107 17 18 108 21 34 109 25 19 110 25 19 111 3 22 112 9 17 113 6 20 114 1 41 115 2 16 116 3 22 117 0 40 118 7 23 119 10 25 120 6 20 121 4 21 122 5 24 123 7 23 124 11 27 125 14 28 126 10 25 127 8 26 128 9 17 129 11 27 130 15 29 131 16 14 132 18 33 133 14 28 134 17 18 135 13 30 136 15 29 137 20 32 138 22 37 139 18 33 140 21 34 141 17 18 142 19 31 143 24 36 144 26 39 145 22 37 146 25 19 147 21 34 148 23 35 149 2 16 150 1 41 151 26 39 152 3 22 153 25 19 154 27 38 155</p>
        </triangles>
      </mesh>
    </geometry>
    <geometry id="Top_Cup_Plastic_001-mesh" name="Top_Cup_Plastic.001">
      <mesh>
        <source id="Top_Cup_Plastic_001-mesh-positions">
          <float_array id="Top_Cup_Plastic_001-mesh-positions-array" count="84">0.04494041 0.03583878 -0.00713849 0.04239082 0.03380554 -0.01075798 0.03714597 0.02962291 0.001843631 0.03547924 0.02829378 -0.002793252 0.05603975 -0.01279067 -0.00713849 0.05286049 -0.01206505 -0.01075798 0.04632025 -0.01057225 0.001843631 0.0442419 -0.01009792 -0.002793252 0.02494001 -0.0517885 -0.00713849 0.02352511 -0.04885035 -0.01075798 0.02061444 -0.04280632 0.001843631 0.0196895 -0.04088562 -0.002793252 -0.02494001 -0.0517885 -0.00713849 -0.02352511 -0.04885035 -0.01075798 -0.02061438 -0.04280632 0.001843631 -0.01968944 -0.04088562 -0.002793252 -0.05603975 -0.01279067 -0.00713849 -0.05286043 -0.01206505 -0.01075798 -0.04632019 -0.01057225 0.001843631 -0.0442419 -0.01009792 -0.002793252 -0.04494035 0.03583878 -0.00713849 -0.04239076 0.03380554 -0.01075798 -0.03714591 0.02962291 0.001843631 -0.03547924 0.02829378 -0.002793252 0 0.04751145 0.001843631 0 0.04537969 -0.002793252 0 0.05748093 -0.00713849 0 0.0542199 -0.01075798</float_array>
          <technique_common>
            <accessor source="#Top_Cup_Plastic_001-mesh-positions-array" count="28" stride="3">
              <param name="X" type="float"/>
              <param name="Y" type="float"/>
              <param name="Z" type="float"/>
            </accessor>
          </technique_common>
        </source>
        <source id="Top_Cup_Plastic_001-mesh-normals">
          <float_array id="Top_Cup_Plastic_001-mesh-normals-array" count="126">-0.5808505 -0.4632129 0.6693629 0 -0.7429358 0.6693628 1.86643e-7 -0.7429357 0.6693629 -0.7243091 0.1653192 0.6693624 -0.5808506 -0.4632127 0.6693629 -0.3223479 0.669363 0.6693617 -0.7243091 0.165319 0.6693624 0.3223483 0.6693634 0.6693611 -0.3223484 0.6693627 0.6693618 0.7243086 0.165319 0.6693629 0.3223482 0.6693634 0.6693611 0.5808508 -0.4632126 0.6693628 0.7243087 0.1653188 0.6693629 0.5808506 -0.4632128 0.6693629 -0.3444925 -0.2747242 -0.8976923 0 -0.6693621 -0.7429363 -0.5233285 -0.4173401 -0.7429364 0 0.6693619 0.7429366 0.3444924 0.2747241 0.8976924 0.5233286 0.41734 0.7429365 -0.4295755 0.09804779 -0.8976923 -0.6525797 0.1489473 -0.7429364 0.4295755 -0.09804779 0.8976923 0.6525799 -0.1489472 0.7429363 -0.1911791 0.3969874 -0.8976924 -0.2904251 0.6030744 -0.7429364 0.1911791 -0.3969874 0.8976924 0.2904252 -0.6030743 0.7429366 0.1911788 0.3969874 -0.8976924 0.2904251 0.6030742 -0.7429366 -0.1911788 -0.3969874 0.8976924 -0.2904253 -0.6030742 0.7429365 0.4295755 0.09804773 -0.8976924 0.6525796 0.1489472 -0.7429366 -0.4295755 -0.09804779 0.8976924 -0.6525796 -0.1489472 0.7429366 0.5233287 -0.4173403 -0.7429362 -0.5233287 0.4173402 0.7429362 -0.3444927 0.2747243 0.8976923 0.3444927 -0.2747242 -0.8976923 0 0.4406226 0.8976925 0 -0.4406228 -0.8976923</float_array>
          <technique_common>
            <accessor source="#Top_Cup_Plastic_001-mesh-normals-array" count="42" stride="3">
              <param name="X" type="float"/>
              <param name="Y" type="float"/>
              <param name="Z" type="float"/>
            </accessor>
          </technique_common>
        </source>
        <source id="Top_Cup_Plastic_001-mesh-map-0">
          <float_array id="Top_Cup_Plastic_001-mesh-map-0-array" count="312">0.8993948 0.9614126 0.9379811 0.9799947 0.9379811 0.9799947 0.8898648 0.9196587 0.8993948 0.9614126 0.8993948 0.9614126 0.8898648 0.9196587 0.9165673 0.8861749 0.8898648 0.9196587 0.9593948 0.8861749 0.9165673 0.8861749 0.9165673 0.8861749 0.9860974 0.9196587 0.9593948 0.8861749 0.9593948 0.8861749 0.9860974 0.9196587 0.9765673 0.9614126 0.9860974 0.9196587 0.9765673 0.9614126 0.9379811 0.9799947 0.9765673 0.9614126 0.9060865 0.9560762 0.9379811 0.9799947 0.8993948 0.9614126 0.9379811 0.9799947 0.9060865 0.9560762 0.8993948 0.9614126 0.8982091 0.9215633 0.8993948 0.9614126 0.8898648 0.9196587 0.8993948 0.9614126 0.8982091 0.9215633 0.8898648 0.9196587 0.9202809 0.8938862 0.8898648 0.9196587 0.9165673 0.8861749 0.8898648 0.9196587 0.9202809 0.8938862 0.9165673 0.8861749 0.9556813 0.8938862 0.9165673 0.8861749 0.9593948 0.8861749 0.9165673 0.8861749 0.9556813 0.8938862 0.9593948 0.8861749 0.9777531 0.9215633 0.9593948 0.8861749 0.9860974 0.9196587 0.9593948 0.8861749 0.9777531 0.9215633 0.9860974 0.9196587 0.9765673 0.9614126 0.9777531 0.9215633 0.9860974 0.9196587 0.9765673 0.9614126 0.9777531 0.9215633 0.9698756 0.9560761 0.9379811 0.9799947 0.9698756 0.9560761 0.9765673 0.9614126 0.9379811 0.9799947 0.9698756 0.9560761 0.9379809 0.9714356 0.9698756 0.9560761 0.9060865 0.9560762 0.9202809 0.8938862 0.9060865 0.9560762 0.9698756 0.9560761 0.9556813 0.8938862 0.8993948 0.9614126 0.8993948 0.9614126 0.9379811 0.9799947 0.8898648 0.9196587 0.8898648 0.9196587 0.8993948 0.9614126 0.8898648 0.9196587 0.9165673 0.8861749 0.9165673 0.8861749 0.9593948 0.8861749 0.9593948 0.8861749 0.9165673 0.8861749 0.9860974 0.9196587 0.9860974 0.9196587 0.9593948 0.8861749 0.9860974 0.9196587 0.9765673 0.9614126 0.9765673 0.9614126 0.9765673 0.9614126 0.9379811 0.9799947 0.9379811 0.9799947 0.9060865 0.9560762 0.9379809 0.9714356 0.9379811 0.9799947 0.9379811 0.9799947 0.9379809 0.9714356 0.9060865 0.9560762 0.8982091 0.9215633 0.9060865 0.9560762 0.8993948 0.9614126 0.8993948 0.9614126 0.9060865 0.9560762 0.8982091 0.9215633 0.9202809 0.8938862 0.8982091 0.9215633 0.8898648 0.9196587 0.8898648 0.9196587 0.8982091 0.9215633 0.9202809 0.8938862 0.9556813 0.8938862 0.9202809 0.8938862 0.9165673 0.8861749 0.9165673 0.8861749 0.9202809 0.8938862 0.9556813 0.8938862 0.9777531 0.9215633 0.9556813 0.8938862 0.9593948 0.8861749 0.9593948 0.8861749 0.9556813 0.8938862 0.9777531 0.9215633 0.9765673 0.9614126 0.9698756 0.9560761 0.9777531 0.9215633 0.9765673 0.9614126 0.9860974 0.9196587 0.9777531 0.9215633 0.9379811 0.9799947 0.9379809 0.9714356 0.9698756 0.9560761 0.9379811 0.9799947 0.9765673 0.9614126 0.9698756 0.9560761 0.9698756 0.9560761 0.9379809 0.9714356 0.9060865 0.9560762 0.9060865 0.9560762 0.8982091 0.9215633 0.9202809 0.8938862 0.9202809 0.8938862 0.9556813 0.8938862 0.9777531 0.9215633 0.9777531 0.9215633 0.9698756 0.9560761 0.9202809 0.8938862 0.9060865 0.9560762 0.9379809 0.9714356 0.9698756 0.9560761 0.9698756 0.9560761 0.9777531 0.9215633 0.9556813 0.8938862 0.9556813 0.8938862 0.9202809 0.8938862 0.8982091 0.9215633 0.8982091 0.9215633 0.9060865 0.9560762 0.9556813 0.8938862</float_array>
          <technique_common>
            <accessor source="#Top_Cup_Plastic_001-mesh-map-0-array" count="156" stride="2">
              <param name="S" type="float"/>
              <param name="T" type="float"/>
            </accessor>
          </technique_common>
        </source>
        <vertices id="Top_Cup_Plastic_001-mesh-vertices">
          <input semantic="POSITION" source="#Top_Cup_Plastic_001-mesh-positions"/>
        </vertices>
        <triangles material="Additional_Cup_holder-material" count="52">
          <input semantic="VERTEX" source="#Top_Cup_Plastic_001-mesh-vertices" offset="0"/>
          <input semantic="NORMAL" source="#Top_Cup_Plastic_001-mesh-normals" offset="1"/>
          <input semantic="TEXCOORD" source="#Top_Cup_Plastic_001-mesh-map-0" offset="2" set="0"/>
          <p>1 0 0 26 1 1 27 2 2 5 3 3 0 4 4 1 0 5 5 3 6 8 5 7 4 6 8 13 7 9 8 5 10 9 8 11 17 9 12 12 10 13 13 7 14 17 9 15 20 11 16 16 12 17 21 13 18 26 1 19 20 11 20 2 14 21 26 15 22 0 16 23 27 17 24 3 18 25 1 19 26 6 20 27 0 16 28 4 21 29 1 19 30 7 22 31 5 23 32 10 24 33 4 21 34 8 25 35 5 23 36 11 26 37 9 27 38 14 28 39 8 25 40 12 29 41 9 27 42 15 30 43 13 31 44 18 32 45 12 29 46 16 33 47 13 31 48 19 34 49 17 35 50 20 36 51 18 32 52 16 33 53 21 37 54 19 34 55 23 38 56 26 15 57 22 39 58 20 36 59 27 17 60 23 38 61 25 40 62 22 39 63 2 14 64 10 24 65 3 18 66 23 38 67 15 30 68 1 0 69 0 4 70 26 1 71 5 3 72 4 6 73 0 4 74 5 3 75 9 8 76 8 5 77 13 7 78 12 10 79 8 5 80 17 9 81 16 12 82 12 10 83 17 9 84 21 13 85 20 11 86 21 13 87 27 2 88 26 1 89 2 14 90 24 41 91 26 15 92 27 17 93 25 40 94 3 18 95 6 20 96 2 14 97 0 16 98 1 19 99 3 18 100 7 22 101 10 24 102 6 20 103 4 21 104 5 23 105 7 22 106 11 26 107 14 28 108 10 24 109 8 25 110 9 27 111 11 26 112 15 30 113 18 32 114 14 28 115 12 29 116 13 31 117 15 30 118 19 34 119 20 36 120 22 39 121 18 32 122 21 37 123 17 35 124 19 34 125 26 15 126 24 41 127 22 39 128 27 17 129 21 37 130 23 38 131 22 39 132 24 41 133 2 14 134 2 14 135 6 20 136 10 24 137 10 24 138 14 28 139 18 32 140 18 32 141 22 39 142 10 24 143 3 18 144 25 40 145 23 38 146 23 38 147 19 34 148 15 30 149 15 30 150 11 26 151 7 22 152 7 22 153 3 18 154 15 30 155</p>
        </triangles>
      </mesh>
    </geometry>
    <geometry id="Cup_Plastic_001-mesh" name="Cup_Plastic.001">
      <mesh>
        <source id="Cup_Plastic_001-mesh-positions">
          <float_array id="Cup_Plastic_001-mesh-positions-array" count="84">0 0.05930179 -0.07950371 0 0.05403196 -0.08009618 0 0.0365138 0.0757116 0 0.04131245 0.08049511 -0.046364 0.03697407 -0.07950371 -0.04224389 0.03368836 -0.08009618 -0.02854764 0.02276599 0.0757116 -0.03229933 0.0257579 0.08049511 -0.05781495 -0.01319587 -0.07950371 -0.05267727 -0.01202321 -0.08009618 -0.03559833 -0.008125066 0.0757116 -0.04027664 -0.009192883 0.08049511 -0.02573007 -0.05342906 -0.07950371 -0.02344357 -0.04868108 -0.08009618 -0.01584273 -0.03289783 0.0757116 -0.01792478 -0.03722119 0.08049511 0.02573007 -0.05342906 -0.07950371 0.02344357 -0.04868108 -0.08009618 0.01584273 -0.03289783 0.0757116 0.01792478 -0.03722119 0.08049511 0.05781495 -0.01319587 -0.07950371 0.05267727 -0.01202321 -0.08009618 0.03559833 -0.008125066 0.0757116 0.04027664 -0.009192883 0.08049511 0.046364 0.03697407 -0.07950371 0.04224389 0.03368836 -0.08009618 0.03229933 0.0257579 0.08049511 0.02854764 0.02276599 0.0757116</float_array>
          <technique_common>
            <accessor source="#Cup_Plastic_001-mesh-positions-array" count="28" stride="3">
              <param name="X" type="float"/>
              <param name="Y" type="float"/>
              <param name="Z" type="float"/>
            </accessor>
          </technique_common>
        </source>
        <source id="Cup_Plastic_001-mesh-normals">
          <float_array id="Cup_Plastic_001-mesh-normals-array" count="162">0 -0.1117312 0.9937385 0.08735376 -0.06966316 0.9937387 0 -0.1117312 0.9937385 0.1089304 0.02486246 0.9937384 0.08735364 -0.06966316 0.9937386 0.04847824 0.1006662 0.9937385 0.1089304 0.02486246 0.9937384 -0.04847878 0.1006662 0.9937385 0.04847818 0.1006662 0.9937385 -0.1089294 0.0248624 0.9937385 -0.04847878 0.1006662 0.9937385 -0.0873537 -0.06966304 0.9937387 -0.1089294 0.02486246 0.9937385 -0.08735358 -0.06966304 0.9937386 0 -0.9937387 -0.1117302 0.7769362 -0.6195859 -0.1117302 0.7769361 -0.6195859 -0.1117303 -0.7769361 0.6195859 0.1117302 0 0.9937387 0.1117302 -0.7769361 0.6195859 0.1117302 0.9688235 0.2211277 -0.1117303 0.9688236 0.2211278 -0.1117303 -0.9688235 -0.2211276 0.1117302 -0.9688235 -0.2211277 0.1117302 0.431167 0.8953276 -0.1117303 0.431167 0.8953275 -0.1117302 -0.431167 -0.8953275 0.1117302 -0.4311671 0.8953275 -0.1117302 -0.431167 0.8953276 -0.1117303 0.431167 -0.8953275 0.1117302 0.431167 -0.8953275 0.1117302 -0.9688235 0.2211277 -0.1117302 -0.9688235 0.2211276 -0.1117303 0.9688235 -0.2211276 0.1117302 0.9688235 -0.2211276 0.1117302 1.98477e-7 0 -1 0 0 -1 0 0 -1 0 0 1 0 0 1 0 0 1 -0.7769362 -0.6195858 -0.1117303 -0.7769361 -0.6195859 -0.1117302 0.7769361 0.619586 0.1117302 0.7769361 0.6195859 0.1117302 0 -0.9937386 -0.1117302 0 0.9937386 0.1117302 -0.431167 -0.8953275 0.1117302 0 0 -1 -3.29996e-7 0 -1 2.96623e-7 0 1 0 0 1 5.93246e-7 0 1 0 0 1</float_array>
          <technique_common>
            <accessor source="#Cup_Plastic_001-mesh-normals-array" count="54" stride="3">
              <param name="X" type="float"/>
              <param name="Y" type="float"/>
              <param name="Z" type="float"/>
            </accessor>
          </technique_common>
        </source>
        <source id="Cup_Plastic_001-mesh-map-0">
          <float_array id="Cup_Plastic_001-mesh-map-0-array" count="312">0.5241412 0.2256947 0.5822651 0.2256947 0.5241412 0.2256947 0.208797 0.5167704 0.208797 0.5796657 0.208797 0.5796657 0.208797 0.4663324 0.208797 0.5167704 0.208797 0.5167704 0.2581857 0.5944346 0.2581857 0.6589474 0.2581857 0.6589474 0.6423013 0.4674373 0.6927394 0.4674373 0.6927394 0.4674373 0.6423013 0.4674373 0.5794061 0.4674373 0.6423013 0.4674373 0.5241412 0.2256947 0.4660173 0.2256947 0.4660173 0.2256947 0.5241412 0.2256947 0.5646309 0.4263013 0.5822651 0.2256947 0.5646309 0.4263013 0.5241412 0.2256947 0.5822651 0.2256947 0.208797 0.5167704 0.008190572 0.5656028 0.008190572 0.5217894 0.008190572 0.5217894 0.208797 0.5796657 0.208797 0.5167704 0.208797 0.5167704 0.008190512 0.4866538 0.208797 0.4663324 0.208797 0.4663324 0.008190572 0.5217894 0.208797 0.5167704 0.2581857 0.6589474 0.05757915 0.6042209 0.2581857 0.5944346 0.05757915 0.6042209 0.2581857 0.6589474 0.2581857 0.5944346 0.6927394 0.4674373 0.6372823 0.2668308 0.6423013 0.4674373 0.6372823 0.2668308 0.6927394 0.4674373 0.6423013 0.4674373 0.9799729 0.9070132 0.9799729 0.9519534 0.8815251 0.9294833 0.8815251 0.9294833 0.9448373 0.9799731 0.9799729 0.9070132 0.6423013 0.4674373 0.5934689 0.2668308 0.5794061 0.4674373 0.5934689 0.2668308 0.6423013 0.4674373 0.5794061 0.4674373 0.4660173 0.2256947 0.5241412 0.4263013 0.5241412 0.2256947 0.5241412 0.2256947 0.4836515 0.4263013 0.4660173 0.2256947 0.5241412 0.2256947 0.5822651 0.2256947 0.5822651 0.2256947 0.208797 0.5167704 0.208797 0.5167704 0.208797 0.5796657 0.208797 0.4663324 0.208797 0.4663324 0.208797 0.5167704 0.2581857 0.5944346 0.2581857 0.5944346 0.2581857 0.6589474 0.6423013 0.4674373 0.6423013 0.4674373 0.6927394 0.4674373 0.6423013 0.4674373 0.5794061 0.4674373 0.5794061 0.4674373 0.5241412 0.2256947 0.5241412 0.2256947 0.4660173 0.2256947 0.5241412 0.2256947 0.5241412 0.4263013 0.5646309 0.4263013 0.5646309 0.4263013 0.5241412 0.4263013 0.5241412 0.2256947 0.208797 0.5167704 0.208797 0.5796657 0.008190572 0.5656028 0.008190572 0.5217894 0.008190572 0.5656028 0.208797 0.5796657 0.208797 0.5167704 0.008190572 0.5217894 0.008190512 0.4866538 0.208797 0.4663324 0.008190512 0.4866538 0.008190572 0.5217894 0.2581857 0.6589474 0.05757915 0.6491611 0.05757915 0.6042209 0.05757915 0.6042209 0.05757915 0.6491611 0.2581857 0.6589474 0.6927394 0.4674373 0.672418 0.2668308 0.6372823 0.2668308 0.6372823 0.2668308 0.672418 0.2668308 0.6927394 0.4674373 0.9448373 0.9799731 0.9010239 0.969973 0.9799729 0.9519534 0.9010239 0.969973 0.8815251 0.9294833 0.9799729 0.9519534 0.8815251 0.9294833 0.9010238 0.8889936 0.9448373 0.8789935 0.9448373 0.8789935 0.9799729 0.9070132 0.8815251 0.9294833 0.8815251 0.9294833 0.9010239 0.969973 0.9448373 0.9799731 0.9448373 0.9799731 0.9799729 0.9519534 0.9799729 0.9070132 0.9799729 0.9070132 0.9448373 0.8789935 0.9010238 0.8889936 0.9010238 0.8889936 0.8815251 0.9294833 0.9799729 0.9070132 0.6423013 0.4674373 0.6372823 0.2668308 0.5934689 0.2668308 0.5934689 0.2668308 0.6372823 0.2668308 0.6423013 0.4674373 0.4660173 0.2256947 0.4836515 0.4263013 0.5241412 0.4263013 0.5241412 0.2256947 0.5241412 0.4263013 0.4836515 0.4263013</float_array>
          <technique_common>
            <accessor source="#Cup_Plastic_001-mesh-map-0-array" count="156" stride="2">
              <param name="S" type="float"/>
              <param name="T" type="float"/>
            </accessor>
          </technique_common>
        </source>
        <vertices id="Cup_Plastic_001-mesh-vertices">
          <input semantic="POSITION" source="#Cup_Plastic_001-mesh-positions"/>
        </vertices>
        <triangles material="Additional_Cup_holder-material" count="52">
          <input semantic="VERTEX" source="#Cup_Plastic_001-mesh-vertices" offset="0"/>
          <input semantic="NORMAL" source="#Cup_Plastic_001-mesh-normals" offset="1"/>
          <input semantic="TEXCOORD" source="#Cup_Plastic_001-mesh-map-0" offset="2" set="0"/>
          <p>0 0 0 5 1 1 1 2 2 8 3 3 5 1 4 4 4 5 12 5 6 9 6 7 8 3 8 16 7 9 13 8 10 12 5 11 20 9 12 17 10 13 16 7 14 20 9 15 25 11 16 21 12 17 0 0 18 25 11 19 24 13 20 0 14 21 7 15 22 4 16 23 6 17 24 1 18 25 5 19 26 8 20 27 7 15 28 11 21 29 10 22 30 5 19 31 9 23 32 8 20 33 15 24 34 12 25 35 13 26 36 10 22 37 9 23 38 12 25 39 19 27 40 16 28 41 18 29 42 13 26 43 17 30 44 16 28 45 23 31 46 20 32 47 22 33 48 17 30 49 21 34 50 23 35 51 19 36 52 7 37 53 6 38 54 14 39 55 22 40 56 20 32 57 26 41 58 24 42 59 27 43 60 21 34 61 25 44 62 24 42 63 3 45 64 0 14 65 1 18 66 27 43 67 25 44 68 0 0 69 4 4 70 5 1 71 8 3 72 9 6 73 5 1 74 12 5 75 13 8 76 9 6 77 16 7 78 17 10 79 13 8 80 20 9 81 21 12 82 17 10 83 20 9 84 24 13 85 25 11 86 0 0 87 1 2 88 25 11 89 0 14 90 3 45 91 7 15 92 6 17 93 2 46 94 1 18 95 8 20 96 4 16 97 7 15 98 10 22 99 6 17 100 5 19 101 8 20 102 11 21 103 15 24 104 13 26 105 14 47 106 10 22 107 12 25 108 15 24 109 19 27 110 18 29 111 14 47 112 13 26 113 16 28 114 19 27 115 23 31 116 22 33 117 18 29 118 17 30 119 15 48 120 11 49 121 19 36 122 11 49 123 7 37 124 19 36 125 7 37 126 3 48 127 26 48 128 26 48 129 23 35 130 7 37 131 6 38 132 10 50 133 14 39 134 14 39 135 18 51 136 22 40 137 22 40 138 27 52 139 2 53 140 2 53 141 6 38 142 22 40 143 20 32 144 23 31 145 26 41 146 27 43 147 22 33 148 21 34 149 24 42 150 26 41 151 3 45 152 1 18 153 2 46 154 27 43 155</p>
        </triangles>
      </mesh>
    </geometry>
    <geometry id="Cup_Paper_001-mesh" name="Cup_Paper.001">
      <mesh>
        <source id="Cup_Paper_001-mesh-positions">
          <float_array id="Cup_Paper_001-mesh-positions-array" count="84">0 0.05930179 -0.07950371 0 0.05403196 -0.08009618 0 0.0365138 0.0757116 0 0.04131245 0.08049511 -0.046364 0.03697407 -0.07950371 -0.04224389 0.03368836 -0.08009618 -0.02854764 0.02276599 0.0757116 -0.03229933 0.0257579 0.08049511 -0.05781495 -0.01319587 -0.07950371 -0.05267727 -0.01202321 -0.08009618 -0.03559833 -0.008125066 0.0757116 -0.04027664 -0.009192883 0.08049511 -0.02573007 -0.05342906 -0.07950371 -0.02344357 -0.04868108 -0.08009618 -0.01584273 -0.03289783 0.0757116 -0.01792478 -0.03722119 0.08049511 0.02573007 -0.05342906 -0.07950371 0.02344357 -0.04868108 -0.08009618 0.01584273 -0.03289783 0.0757116 0.01792478 -0.03722119 0.08049511 0.05781495 -0.01319587 -0.07950371 0.05267727 -0.01202321 -0.08009618 0.03559833 -0.008125066 0.0757116 0.04027664 -0.009192883 0.08049511 0.046364 0.03697407 -0.07950371 0.04224389 0.03368836 -0.08009618 0.03229933 0.0257579 0.08049511 0.02854764 0.02276599 0.0757116</float_array>
          <technique_common>
            <accessor source="#Cup_Paper_001-mesh-positions-array" count="28" stride="3">
              <param name="X" type="float"/>
              <param name="Y" type="float"/>
              <param name="Z" type="float"/>
            </accessor>
          </technique_common>
        </source>
        <source id="Cup_Paper_001-mesh-normals">
          <float_array id="Cup_Paper_001-mesh-normals-array" count="162">0.08735603 -0.06966316 0.9937384 -9.91716e-7 -0.1117311 0.9937385 -8.58877e-7 -0.1117311 0.9937385 0.1089305 0.0248624 0.9937384 0.08735597 -0.0696631 0.9937384 0.0484783 0.1006662 0.9937385 0.1089304 0.02486246 0.9937384 -0.04847961 0.1006662 0.9937384 0.04847824 0.1006662 0.9937385 -0.1089287 0.02486246 0.9937386 -0.04847955 0.1006663 0.9937384 -0.08735549 -0.06966304 0.9937385 -0.1089284 0.02486252 0.9937387 -0.08735543 -0.06966304 0.9937385 0 -0.9937387 -0.1117302 0.7769362 -0.6195858 -0.1117302 0.776936 -0.619586 -0.1117302 -0.7769361 0.6195859 0.1117302 0 0.9937387 0.1117302 -0.7769362 0.6195859 0.1117302 0.9688235 0.2211276 -0.1117303 0.9688234 0.2211277 -0.1117303 -0.9688235 -0.2211276 0.1117302 -0.9688235 -0.2211276 0.1117303 0.431167 0.8953276 -0.1117303 0.431167 0.8953275 -0.1117302 -0.431167 -0.8953275 0.1117302 -0.431167 0.8953275 -0.1117302 -0.431167 0.8953276 -0.1117302 0.4311671 -0.8953275 0.1117302 0.431167 -0.8953275 0.1117302 -0.9688234 0.2211278 -0.1117302 -0.9688235 0.2211276 -0.1117303 0.9688235 -0.2211275 0.1117302 0.9688235 -0.2211276 0.1117302 1.98477e-7 0 -1 0 0 -1 0 0 -1 -1.35628e-7 0 1 0 0 1 0 0 1 -0.7769362 -0.6195858 -0.1117303 -0.7769361 -0.619586 -0.1117303 0.7769361 0.6195859 0.1117302 0.7769362 0.6195859 0.1117302 0 -0.9937386 -0.1117302 0 0.9937386 0.1117302 -0.4311671 -0.8953276 0.1117303 0 0 -1 -3.29996e-7 0 -1 -2.96623e-7 0 1 0 0 1 5.93246e-7 0 1 0 0 1</float_array>
          <technique_common>
            <accessor source="#Cup_Paper_001-mesh-normals-array" count="54" stride="3">
              <param name="X" type="float"/>
              <param name="Y" type="float"/>
              <param name="Z" type="float"/>
            </accessor>
          </technique_common>
        </source>
        <source id="Cup_Paper_001-mesh-map-0">
          <float_array id="Cup_Paper_001-mesh-map-0-array" count="312">0.695579 0.9223437 0.6996855 0.9645388 0.695579 0.9665169 0.7301282 0.8948188 0.6996868 0.9243211 0.695579 0.9223437 0.7731959 0.9046761 0.7311418 0.8992637 0.7301282 0.8948188 0.7923574 0.9444961 0.7703525 0.9082406 0.7731959 0.9046761 0.7731671 0.9842923 0.7877947 0.9444944 0.7923574 0.9444961 0.7731671 0.9842923 0.7311161 0.989636 0.7703285 0.9807248 0.695579 0.9665169 0.7311161 0.989636 0.7300989 0.9940763 0.7463897 0.2503891 0.7868793 0.4509956 0.8045136 0.2503891 0.7868793 0.4509956 0.7463897 0.2503891 0.8045136 0.2503891 0.7819091 0.007345259 0.8307415 0.2079518 0.7869281 0.2079518 0.7869281 0.2079518 0.8448043 0.007345259 0.7819091 0.007345259 0.7819091 0.007345259 0.7517924 0.2079518 0.731471 0.007345259 0.731471 0.007345259 0.7869281 0.2079518 0.7819091 0.007345259 0.4865596 0.6420513 0.5412861 0.4414448 0.5510724 0.6420513 0.5412861 0.4414448 0.4865596 0.6420513 0.5510724 0.6420513 0.8214097 0.6680454 0.7659527 0.4674388 0.7709716 0.6680454 0.7659527 0.4674388 0.8214097 0.6680454 0.7709716 0.6680454 0.7295041 0.8919904 0.7733175 0.9019905 0.7295041 0.99297 0.7295041 0.99297 0.7928163 0.9424803 0.7295041 0.8919904 0.7709716 0.6680454 0.7221392 0.4674388 0.7080764 0.6680454 0.7221392 0.4674388 0.7709716 0.6680454 0.7080764 0.6680454 0.6882658 0.2503891 0.7463897 0.4509956 0.7463897 0.2503891 0.7463897 0.2503891 0.7059 0.4509956 0.6882658 0.2503891 0.695579 0.9223437 0.6996868 0.9243211 0.6996855 0.9645388 0.7301282 0.8948188 0.7311418 0.8992637 0.6996868 0.9243211 0.7731959 0.9046761 0.7703525 0.9082406 0.7311418 0.8992637 0.7923574 0.9444961 0.7877947 0.9444944 0.7703525 0.9082406 0.7731671 0.9842923 0.7703285 0.9807248 0.7877947 0.9444944 0.7731671 0.9842923 0.7300989 0.9940763 0.7311161 0.989636 0.695579 0.9665169 0.6996855 0.9645388 0.7311161 0.989636 0.7463897 0.2503891 0.7463897 0.4509956 0.7868793 0.4509956 0.7868793 0.4509956 0.7463897 0.4509956 0.7463897 0.2503891 0.7819091 0.007345259 0.8448043 0.007345259 0.8307415 0.2079518 0.7869281 0.2079518 0.8307415 0.2079518 0.8448043 0.007345259 0.7819091 0.007345259 0.7869281 0.2079518 0.7517924 0.2079518 0.731471 0.007345259 0.7517924 0.2079518 0.7869281 0.2079518 0.4865596 0.6420513 0.4963459 0.4414448 0.5412861 0.4414448 0.5412861 0.4414448 0.4963459 0.4414448 0.4865596 0.6420513 0.8214097 0.6680454 0.8010883 0.4674388 0.7659527 0.4674388 0.7659527 0.4674388 0.8010883 0.4674388 0.8214097 0.6680454 0.7928163 0.9424803 0.7733175 0.9829699 0.7733175 0.9019905 0.7733175 0.9829699 0.7295041 0.99297 0.7733175 0.9019905 0.7295041 0.99297 0.6943685 0.9649503 0.6943685 0.9200101 0.6943685 0.9200101 0.7295041 0.8919904 0.7295041 0.99297 0.7295041 0.99297 0.7733175 0.9829699 0.7928163 0.9424803 0.7928163 0.9424803 0.7733175 0.9019905 0.7295041 0.8919904 0.7295041 0.8919904 0.6943685 0.9200101 0.6943685 0.9649503 0.6943685 0.9649503 0.7295041 0.99297 0.7295041 0.8919904 0.7709716 0.6680454 0.7659527 0.4674388 0.7221392 0.4674388 0.7221392 0.4674388 0.7659527 0.4674388 0.7709716 0.6680454 0.6882658 0.2503891 0.7059 0.4509956 0.7463897 0.4509956 0.7463897 0.2503891 0.7463897 0.4509956 0.7059 0.4509956</float_array>
          <technique_common>
            <accessor source="#Cup_Paper_001-mesh-map-0-array" count="156" stride="2">
              <param name="S" type="float"/>
              <param name="T" type="float"/>
            </accessor>
          </technique_common>
        </source>
        <vertices id="Cup_Paper_001-mesh-vertices">
          <input semantic="POSITION" source="#Cup_Paper_001-mesh-positions"/>
        </vertices>
        <triangles material="Additional_Cup_holder-material" count="52">
          <input semantic="VERTEX" source="#Cup_Paper_001-mesh-vertices" offset="0"/>
          <input semantic="NORMAL" source="#Cup_Paper_001-mesh-normals" offset="1"/>
          <input semantic="TEXCOORD" source="#Cup_Paper_001-mesh-map-0" offset="2" set="0"/>
          <p>4 0 0 1 1 1 0 2 2 8 3 3 5 4 4 4 0 5 12 5 6 9 6 7 8 3 8 16 7 9 13 8 10 12 5 11 20 9 12 17 10 13 16 7 14 20 9 15 25 11 16 21 12 17 0 2 18 25 11 19 24 13 20 0 14 21 7 15 22 4 16 23 6 17 24 1 18 25 5 19 26 8 20 27 7 15 28 11 21 29 10 22 30 5 19 31 9 23 32 8 20 33 15 24 34 12 25 35 13 26 36 10 22 37 9 23 38 12 25 39 19 27 40 16 28 41 18 29 42 13 26 43 17 30 44 16 28 45 23 31 46 20 32 47 22 33 48 17 30 49 21 34 50 23 35 51 19 36 52 7 37 53 6 38 54 14 39 55 22 40 56 20 32 57 26 41 58 24 42 59 27 43 60 21 34 61 25 44 62 24 42 63 3 45 64 0 14 65 1 18 66 27 43 67 25 44 68 4 0 69 5 4 70 1 1 71 8 3 72 9 6 73 5 4 74 12 5 75 13 8 76 9 6 77 16 7 78 17 10 79 13 8 80 20 9 81 21 12 82 17 10 83 20 9 84 24 13 85 25 11 86 0 2 87 1 1 88 25 11 89 0 14 90 3 45 91 7 15 92 6 17 93 2 46 94 1 18 95 8 20 96 4 16 97 7 15 98 10 22 99 6 17 100 5 19 101 8 20 102 11 21 103 15 24 104 13 26 105 14 47 106 10 22 107 12 25 108 15 24 109 19 27 110 18 29 111 14 47 112 13 26 113 16 28 114 19 27 115 23 31 116 22 33 117 18 29 118 17 30 119 15 48 120 11 49 121 19 36 122 11 49 123 7 37 124 19 36 125 7 37 126 3 48 127 26 48 128 26 48 129 23 35 130 7 37 131 6 38 132 10 50 133 14 39 134 14 39 135 18 51 136 22 40 137 22 40 138 27 52 139 2 53 140 2 53 141 6 38 142 22 40 143 20 32 144 23 31 145 26 41 146 27 43 147 22 33 148 21 34 149 24 42 150 26 41 151 3 45 152 1 18 153 2 46 154 27 43 155</p>
        </triangles>
      </mesh>
    </geometry>
    <geometry id="Tops_Cup_Plastic_B_01_001-mesh" name="Tops_Cup_Plastic_B_01.001">
      <mesh>
        <source id="Tops_Cup_Plastic_B_01_001-mesh-positions">
          <float_array id="Tops_Cup_Plastic_B_01_001-mesh-positions-array" count="63">-0.04493528 -0.03583467 0.09858942 0 -0.05747437 0.09858942 -0.05603343 0.01278924 0.09858942 -0.02493721 0.05178266 0.09858942 0.02493721 0.05178266 0.09858942 0.05603337 0.01278924 0.09858942 0.04493528 -0.03583467 0.09858942 0 -0.05747437 -0.067061 0 -0.04750716 -0.07604116 -0.03714263 -0.02962023 -0.07604116 -0.04493528 -0.03583467 -0.067061 -0.04631608 0.0105713 -0.07604116 -0.05603343 0.01278924 -0.067061 -0.02061259 0.04280251 -0.07604116 -0.02493721 0.05178266 -0.067061 0.02061259 0.04280251 -0.07604116 0.02493721 0.05178266 -0.067061 0.04631608 0.0105713 -0.07604116 0.05603343 0.01278924 -0.067061 0.03714263 -0.02962023 -0.07604116 0.04493528 -0.03583467 -0.067061</float_array>
          <technique_common>
            <accessor source="#Tops_Cup_Plastic_B_01_001-mesh-positions-array" count="21" stride="3">
              <param name="X" type="float"/>
              <param name="Y" type="float"/>
              <param name="Z" type="float"/>
            </accessor>
          </technique_common>
        </source>
        <source id="Tops_Cup_Plastic_B_01_001-mesh-normals">
          <float_array id="Tops_Cup_Plastic_B_01_001-mesh-normals-array" count="63">0.7818315 -0.6234899 0 0 -0.9290715 -0.3699003 0.7263774 -0.5792666 -0.3699003 0.4338838 0.9009689 0 0.9057776 0.2067378 -0.3699005 0.4031091 0.8370645 -0.3699002 -0.974928 0.2225209 0 -0.4031087 0.8370646 -0.3699004 -0.9057776 0.2067378 -0.3699005 -0.7818314 -0.6234899 0 -0.7263774 -0.5792666 -0.3699002 0.974928 0.2225208 0 -0.4338838 0.900969 0 -0.3444934 -0.2747241 -0.897692 -0.191179 0.3969879 -0.8976922 0.4295756 0.09804785 -0.8976924 0 -0.4406233 -0.8976922 -0.4295759 0.09804779 -0.8976922 0.1911794 0.3969878 -0.8976922 0 -1 0 0.3444934 -0.274724 -0.8976921</float_array>
          <technique_common>
            <accessor source="#Tops_Cup_Plastic_B_01_001-mesh-normals-array" count="21" stride="3">
              <param name="X" type="float"/>
              <param name="Y" type="float"/>
              <param name="Z" type="float"/>
            </accessor>
          </technique_common>
        </source>
        <source id="Tops_Cup_Plastic_B_01_001-mesh-map-0">
          <float_array id="Tops_Cup_Plastic_B_01_001-mesh-map-0-array" count="198">0.5985866 0.008060693 0.6567105 0.2223299 0.5985866 0.2223299 0.2718996 0.7876176 0.4861688 0.7371794 0.4861688 0.7876175 0.008060693 0.7358797 0.22233 0.7863177 0.2223299 0.7358797 0.008060693 0.6729845 0.22233 0.7358797 0.2223299 0.6729845 0.2718996 0.7371795 0.4861688 0.6742843 0.4861688 0.7371795 0.5136436 0.6958112 0.7279129 0.7603238 0.7279129 0.6958112 0.0315414 0.8382866 0.05292296 0.9319657 0.1394954 0.8902745 0.02146154 0.8302482 0.07958549 0.81515 0.07958549 0.8022572 0.01967543 0.8902746 0.02146154 0.8302482 0.007106125 0.8931434 0.04732906 0.9435815 0.01967543 0.8902746 0.007106125 0.8931434 0.1062479 0.9319657 0.04732906 0.9435815 0.1118418 0.9435815 0.1394954 0.8902745 0.1118418 0.9435815 0.1520648 0.8931434 0.1377094 0.8302482 0.1394954 0.8902745 0.1520648 0.8931434 0.07958549 0.81515 0.1377094 0.8302482 0.07958549 0.8022572 0.6567105 0.008060693 0.7148344 0.2223299 0.6567105 0.2223299 0.5985866 0.008060693 0.6567105 0.008060693 0.6567105 0.2223299 0.2718996 0.7876176 0.2718996 0.7371795 0.4861688 0.7371794 0.008060693 0.7358797 0.008060693 0.7863178 0.22233 0.7863177 0.008060693 0.6729845 0.008060693 0.7358797 0.22233 0.7358797 0.2718996 0.7371795 0.2718996 0.6742843 0.4861688 0.6742843 0.5136436 0.6958112 0.5136436 0.7603239 0.7279129 0.7603238 0.1276295 0.8382867 0.07958549 0.81515 0.0315414 0.8382866 0.0315414 0.8382866 0.01967543 0.8902746 0.05292296 0.9319657 0.05292296 0.9319657 0.1062479 0.9319657 0.1394954 0.8902745 0.1394954 0.8902745 0.1276295 0.8382867 0.0315414 0.8382866 0.02146154 0.8302482 0.0315414 0.8382866 0.07958549 0.81515 0.01967543 0.8902746 0.0315414 0.8382866 0.02146154 0.8302482 0.04732906 0.9435815 0.05292296 0.9319657 0.01967543 0.8902746 0.1062479 0.9319657 0.05292296 0.9319657 0.04732906 0.9435815 0.1394954 0.8902745 0.1062479 0.9319657 0.1118418 0.9435815 0.1377094 0.8302482 0.1276295 0.8382867 0.1394954 0.8902745 0.07958549 0.81515 0.1276295 0.8382867 0.1377094 0.8302482 0.6567105 0.008060693 0.7148345 0.008060693 0.7148344 0.2223299</float_array>
          <technique_common>
            <accessor source="#Tops_Cup_Plastic_B_01_001-mesh-map-0-array" count="99" stride="2">
              <param name="S" type="float"/>
              <param name="T" type="float"/>
            </accessor>
          </technique_common>
        </source>
        <vertices id="Tops_Cup_Plastic_B_01_001-mesh-vertices">
          <input semantic="POSITION" source="#Tops_Cup_Plastic_B_01_001-mesh-positions"/>
        </vertices>
        <triangles material="Additional_Cup_holder-material" count="33">
          <input semantic="VERTEX" source="#Tops_Cup_Plastic_B_01_001-mesh-vertices" offset="0"/>
          <input semantic="NORMAL" source="#Tops_Cup_Plastic_B_01_001-mesh-normals" offset="1"/>
          <input semantic="TEXCOORD" source="#Tops_Cup_Plastic_B_01_001-mesh-map-0" offset="2" set="0"/>
          <p>6 0 0 7 1 1 20 2 2 4 3 3 18 4 4 16 5 5 2 6 6 14 7 7 12 8 8 0 9 9 12 8 10 10 10 11 5 11 12 20 2 13 18 4 14 3 12 15 16 5 16 14 7 17 9 13 18 13 14 19 17 15 20 10 10 21 8 16 22 7 1 23 11 17 24 10 10 25 12 8 26 14 7 27 11 17 28 12 8 29 15 18 30 14 7 31 16 5 32 17 15 33 16 5 34 18 4 35 20 2 36 17 15 37 18 4 38 8 16 39 20 2 40 7 1 41 1 19 42 10 10 43 7 1 44 6 0 45 1 19 46 7 1 47 4 3 48 5 11 49 18 4 50 2 6 51 3 12 52 14 7 53 0 9 54 2 6 55 12 8 56 5 11 57 6 0 58 20 2 59 3 12 60 4 3 61 16 5 62 19 20 63 8 16 64 9 13 65 9 13 66 11 17 67 13 14 68 13 14 69 15 18 70 17 15 71 17 15 72 19 20 73 9 13 74 10 10 75 9 13 76 8 16 77 11 17 78 9 13 79 10 10 80 14 7 81 13 14 82 11 17 83 15 18 84 13 14 85 14 7 86 17 15 87 15 18 88 16 5 89 20 2 90 19 20 91 17 15 92 8 16 93 19 20 94 20 2 95 1 19 96 0 9 97 10 10 98</p>
        </triangles>
      </mesh>
    </geometry>
    <geometry id="Tops_Cup_Plastic_B_001-mesh" name="Tops_Cup_Plastic_B.001">
      <mesh>
        <source id="Tops_Cup_Plastic_B_001-mesh-positions">
          <float_array id="Tops_Cup_Plastic_B_001-mesh-positions-array" count="63">-0.04493528 -0.03583467 0.09858942 0 -0.05747437 0.09858942 -0.05603343 0.01278924 0.09858942 -0.02493721 0.05178266 0.09858942 0.02493721 0.05178266 0.09858942 0.05603337 0.01278924 0.09858942 0.04493528 -0.03583467 0.09858942 0 -0.05747437 -0.067061 0 -0.04750716 -0.07604116 -0.03714263 -0.02962023 -0.07604116 -0.04493528 -0.03583467 -0.067061 -0.04631608 0.0105713 -0.07604116 -0.05603343 0.01278924 -0.067061 -0.02061259 0.04280251 -0.07604116 -0.02493721 0.05178266 -0.067061 0.02061259 0.04280251 -0.07604116 0.02493721 0.05178266 -0.067061 0.04631608 0.0105713 -0.07604116 0.05603343 0.01278924 -0.067061 0.03714263 -0.02962023 -0.07604116 0.04493528 -0.03583467 -0.067061</float_array>
          <technique_common>
            <accessor source="#Tops_Cup_Plastic_B_001-mesh-positions-array" count="21" stride="3">
              <param name="X" type="float"/>
              <param name="Y" type="float"/>
              <param name="Z" type="float"/>
            </accessor>
          </technique_common>
        </source>
        <source id="Tops_Cup_Plastic_B_001-mesh-normals">
          <float_array id="Tops_Cup_Plastic_B_001-mesh-normals-array" count="63">0.7818315 -0.6234899 0 0 -0.9290715 -0.3699003 0.7263774 -0.5792666 -0.3699003 0.4338838 0.9009689 0 0.9057776 0.2067378 -0.3699005 0.4031091 0.8370645 -0.3699002 -0.974928 0.2225209 0 -0.4031087 0.8370646 -0.3699004 -0.9057776 0.2067378 -0.3699005 -0.7818314 -0.6234899 0 -0.7263774 -0.5792666 -0.3699002 0.974928 0.2225208 0 -0.4338838 0.900969 0 -0.3444934 -0.2747241 -0.897692 -0.191179 0.3969879 -0.8976922 0.4295756 0.09804785 -0.8976924 0 -0.4406233 -0.8976922 -0.4295759 0.09804779 -0.8976922 0.1911794 0.3969878 -0.8976922 0 -1 0 0.3444934 -0.274724 -0.8976921</float_array>
          <technique_common>
            <accessor source="#Tops_Cup_Plastic_B_001-mesh-normals-array" count="21" stride="3">
              <param name="X" type="float"/>
              <param name="Y" type="float"/>
              <param name="Z" type="float"/>
            </accessor>
          </technique_common>
        </source>
        <source id="Tops_Cup_Plastic_B_001-mesh-map-0">
          <float_array id="Tops_Cup_Plastic_B_001-mesh-map-0-array" count="198">0.5985866 0.008060693 0.6567105 0.2223299 0.5985866 0.2223299 0.2718996 0.7876176 0.4861688 0.7371794 0.4861688 0.7876175 0.008060693 0.7358797 0.22233 0.7863177 0.2223299 0.7358797 0.008060693 0.6729845 0.22233 0.7358797 0.2223299 0.6729845 0.2718996 0.7371795 0.4861688 0.6742843 0.4861688 0.7371795 0.5136436 0.6958112 0.7279129 0.7603238 0.7279129 0.6958112 0.0315414 0.8382866 0.05292296 0.9319657 0.1394954 0.8902745 0.02146154 0.8302482 0.07958549 0.81515 0.07958549 0.8022572 0.01967543 0.8902746 0.02146154 0.8302482 0.007106125 0.8931434 0.04732906 0.9435815 0.01967543 0.8902746 0.007106125 0.8931434 0.1062479 0.9319657 0.04732906 0.9435815 0.1118418 0.9435815 0.1394954 0.8902745 0.1118418 0.9435815 0.1520648 0.8931434 0.1377094 0.8302482 0.1394954 0.8902745 0.1520648 0.8931434 0.07958549 0.81515 0.1377094 0.8302482 0.07958549 0.8022572 0.6567105 0.008060693 0.7148344 0.2223299 0.6567105 0.2223299 0.5985866 0.008060693 0.6567105 0.008060693 0.6567105 0.2223299 0.2718996 0.7876176 0.2718996 0.7371795 0.4861688 0.7371794 0.008060693 0.7358797 0.008060693 0.7863178 0.22233 0.7863177 0.008060693 0.6729845 0.008060693 0.7358797 0.22233 0.7358797 0.2718996 0.7371795 0.2718996 0.6742843 0.4861688 0.6742843 0.5136436 0.6958112 0.5136436 0.7603239 0.7279129 0.7603238 0.1276295 0.8382867 0.07958549 0.81515 0.0315414 0.8382866 0.0315414 0.8382866 0.01967543 0.8902746 0.05292296 0.9319657 0.05292296 0.9319657 0.1062479 0.9319657 0.1394954 0.8902745 0.1394954 0.8902745 0.1276295 0.8382867 0.0315414 0.8382866 0.02146154 0.8302482 0.0315414 0.8382866 0.07958549 0.81515 0.01967543 0.8902746 0.0315414 0.8382866 0.02146154 0.8302482 0.04732906 0.9435815 0.05292296 0.9319657 0.01967543 0.8902746 0.1062479 0.9319657 0.05292296 0.9319657 0.04732906 0.9435815 0.1394954 0.8902745 0.1062479 0.9319657 0.1118418 0.9435815 0.1377094 0.8302482 0.1276295 0.8382867 0.1394954 0.8902745 0.07958549 0.81515 0.1276295 0.8382867 0.1377094 0.8302482 0.6567105 0.008060693 0.7148345 0.008060693 0.7148344 0.2223299</float_array>
          <technique_common>
            <accessor source="#Tops_Cup_Plastic_B_001-mesh-map-0-array" count="99" stride="2">
              <param name="S" type="float"/>
              <param name="T" type="float"/>
            </accessor>
          </technique_common>
        </source>
        <vertices id="Tops_Cup_Plastic_B_001-mesh-vertices">
          <input semantic="POSITION" source="#Tops_Cup_Plastic_B_001-mesh-positions"/>
        </vertices>
        <triangles material="Additional_Cup_holder-material" count="33">
          <input semantic="VERTEX" source="#Tops_Cup_Plastic_B_001-mesh-vertices" offset="0"/>
          <input semantic="NORMAL" source="#Tops_Cup_Plastic_B_001-mesh-normals" offset="1"/>
          <input semantic="TEXCOORD" source="#Tops_Cup_Plastic_B_001-mesh-map-0" offset="2" set="0"/>
          <p>6 0 0 7 1 1 20 2 2 4 3 3 18 4 4 16 5 5 2 6 6 14 7 7 12 8 8 0 9 9 12 8 10 10 10 11 5 11 12 20 2 13 18 4 14 3 12 15 16 5 16 14 7 17 9 13 18 13 14 19 17 15 20 10 10 21 8 16 22 7 1 23 11 17 24 10 10 25 12 8 26 14 7 27 11 17 28 12 8 29 15 18 30 14 7 31 16 5 32 17 15 33 16 5 34 18 4 35 20 2 36 17 15 37 18 4 38 8 16 39 20 2 40 7 1 41 1 19 42 10 10 43 7 1 44 6 0 45 1 19 46 7 1 47 4 3 48 5 11 49 18 4 50 2 6 51 3 12 52 14 7 53 0 9 54 2 6 55 12 8 56 5 11 57 6 0 58 20 2 59 3 12 60 4 3 61 16 5 62 19 20 63 8 16 64 9 13 65 9 13 66 11 17 67 13 14 68 13 14 69 15 18 70 17 15 71 17 15 72 19 20 73 9 13 74 10 10 75 9 13 76 8 16 77 11 17 78 9 13 79 10 10 80 14 7 81 13 14 82 11 17 83 15 18 84 13 14 85 14 7 86 17 15 87 15 18 88 16 5 89 20 2 90 19 20 91 17 15 92 8 16 93 19 20 94 20 2 95 1 19 96 0 9 97 10 10 98</p>
        </triangles>
      </mesh>
    </geometry>
    <geometry id="Tops_Cup_Plastic_01_001-mesh" name="Tops_Cup_Plastic_01.001">
      <mesh>
        <source id="Tops_Cup_Plastic_01_001-mesh-positions">
          <float_array id="Tops_Cup_Plastic_01_001-mesh-positions-array" count="63">0 -0.05747437 0.09324783 -0.04493528 -0.03583472 0.09324783 -0.05603343 0.01278924 0.09324783 -0.02493721 0.05178266 0.09324783 0.02493721 0.05178266 0.09324783 0.05603337 0.01278924 0.09324783 0.04493528 -0.03583472 0.09324783 0.04493528 -0.03583472 -0.06190413 0.03714263 -0.02962023 -0.07088428 0.05603343 0.01278924 -0.06190413 0.04631608 0.01057136 -0.07088428 0.02493721 0.05178266 -0.06190413 0.02061259 0.04280251 -0.07088428 -0.02493721 0.05178266 -0.06190413 -0.02061259 0.04280251 -0.07088428 -0.05603337 0.01278924 -0.06190413 -0.04631608 0.01057136 -0.07088428 -0.04493528 -0.03583472 -0.06190413 -0.03714263 -0.02962023 -0.07088428 0 -0.04750716 -0.07088428 0 -0.05747437 -0.06190413</float_array>
          <technique_common>
            <accessor source="#Tops_Cup_Plastic_01_001-mesh-positions-array" count="21" stride="3">
              <param name="X" type="float"/>
              <param name="Y" type="float"/>
              <param name="Z" type="float"/>
            </accessor>
          </technique_common>
        </source>
        <source id="Tops_Cup_Plastic_01_001-mesh-normals">
          <float_array id="Tops_Cup_Plastic_01_001-mesh-normals-array" count="63">0.4338837 0.9009689 0 0.9057776 0.2067379 -0.3699006 0.4031088 0.8370646 -0.3699005 -0.9057776 0.2067379 -0.3699005 -0.4338836 0.9009689 0 -0.4031089 0.8370644 -0.3699005 0 -1 0 -0.7263772 -0.5792666 -0.3699005 0 -0.9290714 -0.3699005 -0.7818315 -0.6234899 0 0.7818316 -0.6234899 0 0.7263772 -0.5792667 -0.3699005 0.974928 0.2225209 0 0 -0.4406229 -0.8976923 0.3444927 -0.274724 -0.8976924 0.4295756 0.09804779 -0.8976923 0.191179 0.3969877 -0.8976923 -0.1911791 0.3969876 -0.8976924 -0.4295757 0.09804785 -0.8976923 -0.3444928 -0.2747239 -0.8976924 -0.9749279 0.222521 0</float_array>
          <technique_common>
            <accessor source="#Tops_Cup_Plastic_01_001-mesh-normals-array" count="21" stride="3">
              <param name="X" type="float"/>
              <param name="Y" type="float"/>
              <param name="Z" type="float"/>
            </accessor>
          </technique_common>
        </source>
        <source id="Tops_Cup_Plastic_01_001-mesh-map-0">
          <float_array id="Tops_Cup_Plastic_01_001-mesh-map-0-array" count="198">0.6927394 0.6797426 0.6423013 0.4790531 0.6927394 0.4790532 0.2204129 0.5167704 0.4211024 0.4663323 0.2204129 0.4663324 0.5241412 0.01338934 0.5822651 0.2140789 0.5241412 0.2140789 0.2698015 0.6589474 0.470491 0.5944346 0.2698015 0.5944346 0.4211024 0.5796657 0.2204129 0.5167704 0.2204129 0.5796657 0.4660173 0.01338934 0.5241412 0.2140789 0.4660173 0.2140789 0.6423013 0.6797426 0.5794061 0.4790531 0.6423013 0.4790532 0.8993948 0.9614126 0.9379809 0.9714356 0.9060865 0.9560762 0.8982091 0.9215633 0.8993948 0.9614126 0.9060865 0.9560762 0.9165673 0.8861749 0.8982091 0.9215633 0.9202809 0.8938862 0.9593948 0.8861749 0.9202809 0.8938862 0.9556813 0.8938862 0.9777531 0.9215633 0.9593948 0.8861749 0.9556813 0.8938862 0.9765673 0.9614126 0.9777531 0.9215633 0.9698756 0.9560761 0.9379811 0.9799947 0.9698756 0.9560761 0.9379809 0.9714356 0.9202809 0.8938862 0.8982091 0.9215633 0.9379809 0.9714356 0.6927394 0.6797426 0.6423013 0.6797426 0.6423013 0.4790531 0.2204129 0.5167704 0.4211024 0.5167704 0.4211024 0.4663323 0.5241412 0.01338934 0.5822651 0.01338934 0.5822651 0.2140789 0.2698015 0.6589474 0.470491 0.6589473 0.470491 0.5944346 0.4211024 0.5796657 0.4211024 0.5167704 0.2204129 0.5167704 0.4660173 0.01338934 0.5241412 0.01338934 0.5241412 0.2140789 0.6423013 0.6797426 0.5794061 0.6797426 0.5794061 0.4790531 0.8993948 0.9614126 0.9379811 0.9799947 0.9379809 0.9714356 0.8982091 0.9215633 0.8898648 0.9196587 0.8993948 0.9614126 0.9165673 0.8861749 0.8898648 0.9196587 0.8982091 0.9215633 0.9593948 0.8861749 0.9165673 0.8861749 0.9202809 0.8938862 0.9777531 0.9215633 0.9860974 0.9196587 0.9593948 0.8861749 0.9765673 0.9614126 0.9860974 0.9196587 0.9777531 0.9215633 0.9379811 0.9799947 0.9765673 0.9614126 0.9698756 0.9560761 0.8982091 0.9215633 0.9060865 0.9560762 0.9379809 0.9714356 0.9379809 0.9714356 0.9698756 0.9560761 0.9777531 0.9215633 0.9777531 0.9215633 0.9556813 0.8938862 0.9379809 0.9714356 0.9556813 0.8938862 0.9202809 0.8938862 0.9379809 0.9714356</float_array>
          <technique_common>
            <accessor source="#Tops_Cup_Plastic_01_001-mesh-map-0-array" count="99" stride="2">
              <param name="S" type="float"/>
              <param name="T" type="float"/>
            </accessor>
          </technique_common>
        </source>
        <vertices id="Tops_Cup_Plastic_01_001-mesh-vertices">
          <input semantic="POSITION" source="#Tops_Cup_Plastic_01_001-mesh-positions"/>
        </vertices>
        <triangles material="Additional_Cup_holder-material" count="33">
          <input semantic="VERTEX" source="#Tops_Cup_Plastic_01_001-mesh-vertices" offset="0"/>
          <input semantic="NORMAL" source="#Tops_Cup_Plastic_01_001-mesh-normals" offset="1"/>
          <input semantic="TEXCOORD" source="#Tops_Cup_Plastic_01_001-mesh-map-0" offset="2" set="0"/>
          <p>4 0 0 9 1 1 11 2 2 15 3 3 3 4 4 13 5 5 0 6 6 17 7 7 20 8 8 13 5 9 4 0 10 11 2 11 1 9 12 15 3 13 17 7 14 6 10 15 20 8 16 7 11 17 5 12 18 7 11 19 9 1 20 7 11 21 19 13 22 8 14 23 10 15 24 7 11 25 8 14 26 11 2 27 10 15 28 12 16 29 13 5 30 12 16 31 14 17 32 16 18 33 13 5 34 14 17 35 17 7 36 16 18 37 18 19 38 20 8 39 18 19 40 19 13 41 12 16 42 10 15 43 19 13 44 4 0 45 5 12 46 9 1 47 15 3 48 2 20 49 3 4 50 0 6 51 1 9 52 17 7 53 13 5 54 3 4 55 4 0 56 1 9 57 2 20 58 15 3 59 6 10 60 0 6 61 20 8 62 5 12 63 6 10 64 7 11 65 7 11 66 20 8 67 19 13 68 10 15 69 9 1 70 7 11 71 11 2 72 9 1 73 10 15 74 13 5 75 11 2 76 12 16 77 16 18 78 15 3 79 13 5 80 17 7 81 15 3 82 16 18 83 20 8 84 17 7 85 18 19 86 10 15 87 8 14 88 19 13 89 19 13 90 18 19 91 16 18 92 16 18 93 14 17 94 19 13 95 14 17 96 12 16 97 19 13 98</p>
        </triangles>
      </mesh>
    </geometry>
    <geometry id="Tops_Cup_Plastic_001-mesh" name="Tops_Cup_Plastic.001">
      <mesh>
        <source id="Tops_Cup_Plastic_001-mesh-positions">
          <float_array id="Tops_Cup_Plastic_001-mesh-positions-array" count="63">0 -0.05747437 0.09324783 -0.04493528 -0.03583472 0.09324783 -0.05603343 0.01278924 0.09324783 -0.02493721 0.05178266 0.09324783 0.02493721 0.05178266 0.09324783 0.05603337 0.01278924 0.09324783 0.04493528 -0.03583472 0.09324783 0.04493528 -0.03583472 -0.06190413 0.03714263 -0.02962023 -0.07088428 0.05603343 0.01278924 -0.06190413 0.04631608 0.01057136 -0.07088428 0.02493721 0.05178266 -0.06190413 0.02061259 0.04280251 -0.07088428 -0.02493721 0.05178266 -0.06190413 -0.02061259 0.04280251 -0.07088428 -0.05603337 0.01278924 -0.06190413 -0.04631608 0.01057136 -0.07088428 -0.04493528 -0.03583472 -0.06190413 -0.03714263 -0.02962023 -0.07088428 0 -0.04750716 -0.07088428 0 -0.05747437 -0.06190413</float_array>
          <technique_common>
            <accessor source="#Tops_Cup_Plastic_001-mesh-positions-array" count="21" stride="3">
              <param name="X" type="float"/>
              <param name="Y" type="float"/>
              <param name="Z" type="float"/>
            </accessor>
          </technique_common>
        </source>
        <source id="Tops_Cup_Plastic_001-mesh-normals">
          <float_array id="Tops_Cup_Plastic_001-mesh-normals-array" count="63">0.4338837 0.9009689 0 0.9057776 0.2067379 -0.3699006 0.4031088 0.8370646 -0.3699005 -0.9057776 0.2067379 -0.3699005 -0.4338836 0.9009689 0 -0.4031089 0.8370644 -0.3699005 0 -1 0 -0.7263772 -0.5792666 -0.3699005 0 -0.9290714 -0.3699005 -0.7818315 -0.6234899 0 0.7818316 -0.6234899 0 0.7263772 -0.5792667 -0.3699005 0.974928 0.2225209 0 0 -0.4406229 -0.8976923 0.3444927 -0.274724 -0.8976924 0.4295756 0.09804779 -0.8976923 0.191179 0.3969877 -0.8976923 -0.1911791 0.3969876 -0.8976924 -0.4295757 0.09804785 -0.8976923 -0.3444928 -0.2747239 -0.8976924 -0.9749279 0.222521 0</float_array>
          <technique_common>
            <accessor source="#Tops_Cup_Plastic_001-mesh-normals-array" count="21" stride="3">
              <param name="X" type="float"/>
              <param name="Y" type="float"/>
              <param name="Z" type="float"/>
            </accessor>
          </technique_common>
        </source>
        <source id="Tops_Cup_Plastic_001-mesh-map-0">
          <float_array id="Tops_Cup_Plastic_001-mesh-map-0-array" count="198">0.6927394 0.6797426 0.6423013 0.4790531 0.6927394 0.4790532 0.2204129 0.5167704 0.4211024 0.4663323 0.2204129 0.4663324 0.5241412 0.01338934 0.5822651 0.2140789 0.5241412 0.2140789 0.2698015 0.6589474 0.470491 0.5944346 0.2698015 0.5944346 0.4211024 0.5796657 0.2204129 0.5167704 0.2204129 0.5796657 0.4660173 0.01338934 0.5241412 0.2140789 0.4660173 0.2140789 0.6423013 0.6797426 0.5794061 0.4790531 0.6423013 0.4790532 0.8993948 0.9614126 0.9379809 0.9714356 0.9060865 0.9560762 0.8982091 0.9215633 0.8993948 0.9614126 0.9060865 0.9560762 0.9165673 0.8861749 0.8982091 0.9215633 0.9202809 0.8938862 0.9593948 0.8861749 0.9202809 0.8938862 0.9556813 0.8938862 0.9777531 0.9215633 0.9593948 0.8861749 0.9556813 0.8938862 0.9765673 0.9614126 0.9777531 0.9215633 0.9698756 0.9560761 0.9379811 0.9799947 0.9698756 0.9560761 0.9379809 0.9714356 0.9202809 0.8938862 0.8982091 0.9215633 0.9379809 0.9714356 0.6927394 0.6797426 0.6423013 0.6797426 0.6423013 0.4790531 0.2204129 0.5167704 0.4211024 0.5167704 0.4211024 0.4663323 0.5241412 0.01338934 0.5822651 0.01338934 0.5822651 0.2140789 0.2698015 0.6589474 0.470491 0.6589473 0.470491 0.5944346 0.4211024 0.5796657 0.4211024 0.5167704 0.2204129 0.5167704 0.4660173 0.01338934 0.5241412 0.01338934 0.5241412 0.2140789 0.6423013 0.6797426 0.5794061 0.6797426 0.5794061 0.4790531 0.8993948 0.9614126 0.9379811 0.9799947 0.9379809 0.9714356 0.8982091 0.9215633 0.8898648 0.9196587 0.8993948 0.9614126 0.9165673 0.8861749 0.8898648 0.9196587 0.8982091 0.9215633 0.9593948 0.8861749 0.9165673 0.8861749 0.9202809 0.8938862 0.9777531 0.9215633 0.9860974 0.9196587 0.9593948 0.8861749 0.9765673 0.9614126 0.9860974 0.9196587 0.9777531 0.9215633 0.9379811 0.9799947 0.9765673 0.9614126 0.9698756 0.9560761 0.8982091 0.9215633 0.9060865 0.9560762 0.9379809 0.9714356 0.9379809 0.9714356 0.9698756 0.9560761 0.9777531 0.9215633 0.9777531 0.9215633 0.9556813 0.8938862 0.9379809 0.9714356 0.9556813 0.8938862 0.9202809 0.8938862 0.9379809 0.9714356</float_array>
          <technique_common>
            <accessor source="#Tops_Cup_Plastic_001-mesh-map-0-array" count="99" stride="2">
              <param name="S" type="float"/>
              <param name="T" type="float"/>
            </accessor>
          </technique_common>
        </source>
        <vertices id="Tops_Cup_Plastic_001-mesh-vertices">
          <input semantic="POSITION" source="#Tops_Cup_Plastic_001-mesh-positions"/>
        </vertices>
        <triangles material="Additional_Cup_holder-material" count="33">
          <input semantic="VERTEX" source="#Tops_Cup_Plastic_001-mesh-vertices" offset="0"/>
          <input semantic="NORMAL" source="#Tops_Cup_Plastic_001-mesh-normals" offset="1"/>
          <input semantic="TEXCOORD" source="#Tops_Cup_Plastic_001-mesh-map-0" offset="2" set="0"/>
          <p>4 0 0 9 1 1 11 2 2 15 3 3 3 4 4 13 5 5 0 6 6 17 7 7 20 8 8 13 5 9 4 0 10 11 2 11 1 9 12 15 3 13 17 7 14 6 10 15 20 8 16 7 11 17 5 12 18 7 11 19 9 1 20 7 11 21 19 13 22 8 14 23 10 15 24 7 11 25 8 14 26 11 2 27 10 15 28 12 16 29 13 5 30 12 16 31 14 17 32 16 18 33 13 5 34 14 17 35 17 7 36 16 18 37 18 19 38 20 8 39 18 19 40 19 13 41 12 16 42 10 15 43 19 13 44 4 0 45 5 12 46 9 1 47 15 3 48 2 20 49 3 4 50 0 6 51 1 9 52 17 7 53 13 5 54 3 4 55 4 0 56 1 9 57 2 20 58 15 3 59 6 10 60 0 6 61 20 8 62 5 12 63 6 10 64 7 11 65 7 11 66 20 8 67 19 13 68 10 15 69 9 1 70 7 11 71 11 2 72 9 1 73 10 15 74 13 5 75 11 2 76 12 16 77 16 18 78 15 3 79 13 5 80 17 7 81 15 3 82 16 18 83 20 8 84 17 7 85 18 19 86 10 15 87 8 14 88 19 13 89 19 13 90 18 19 91 16 18 92 16 18 93 14 17 94 19 13 95 14 17 96 12 16 97 19 13 98</p>
        </triangles>
      </mesh>
    </geometry>
    <geometry id="Cups_Plastic_01_001-mesh" name="Cups_Plastic_01.001">
      <mesh>
        <source id="Cups_Plastic_01_001-mesh-positions">
          <float_array id="Cups_Plastic_01_001-mesh-positions-array" count="63">0 -0.0592913 -0.006272196 0 -0.04130285 -0.1662628 -0.04635578 -0.03696751 -0.006272196 -0.03229188 -0.02575188 -0.1662628 -0.0578047 0.01319354 -0.006272196 -0.04026728 0.009190738 -0.1662628 -0.02572548 0.05341958 -0.006272196 -0.01792061 0.03721261 -0.1662628 0.02572548 0.05341958 -0.006272196 0.01792061 0.03721261 -0.1662628 0.0578047 0.01319354 -0.006272196 0.04026728 0.009190738 -0.1662628 0.04635578 -0.03696751 -0.006272196 0.03229188 -0.02575188 -0.1662628 0 -0.0592913 0.1630484 -0.04635578 -0.03696751 0.1630484 -0.05780476 0.01319354 0.1630484 -0.02572554 0.05341958 0.1630484 0.02572548 0.05341958 0.1630484 0.0578047 0.01319354 0.1630484 0.04635578 -0.03696751 0.1630484</float_array>
          <technique_common>
            <accessor source="#Cups_Plastic_01_001-mesh-positions-array" count="21" stride="3">
              <param name="X" type="float"/>
              <param name="Y" type="float"/>
              <param name="Z" type="float"/>
            </accessor>
          </technique_common>
        </source>
        <source id="Cups_Plastic_01_001-mesh-normals">
          <float_array id="Cups_Plastic_01_001-mesh-normals-array" count="66">0 -0.9984804 -0.05510836 -0.7769362 -0.6195858 -0.1117302 0 -0.9937386 -0.1117302 -0.9734464 0.2221828 -0.05510836 -0.7806435 -0.6225425 -0.05510836 -0.4332244 0.8995999 -0.05510836 -0.9688235 0.2211278 -0.1117302 0.4332244 0.8995999 -0.05510836 -0.431167 0.8953276 -0.1117302 0.9734464 0.2221829 -0.0551083 0.4311671 0.8953275 -0.1117302 0 0 -1 0.7806434 -0.6225423 -0.0551083 0.9688235 0.2211275 -0.1117302 0.7769361 -0.6195859 -0.1117302 -0.4338838 0.900969 0 0.7818315 -0.6234899 0 -0.7818313 -0.6234899 0 0.4338838 0.900969 0 0 -1 0 -0.974928 0.2225209 0 0.974928 0.2225208 0</float_array>
          <technique_common>
            <accessor source="#Cups_Plastic_01_001-mesh-normals-array" count="22" stride="3">
              <param name="X" type="float"/>
              <param name="Y" type="float"/>
              <param name="Z" type="float"/>
            </accessor>
          </technique_common>
        </source>
        <source id="Cups_Plastic_01_001-mesh-map-0">
          <float_array id="Cups_Plastic_01_001-mesh-map-0-array" count="198">0.5241412 0.2256947 0.5646309 0.4263013 0.5241412 0.4263013 0.208797 0.5167704 0.008190572 0.5656028 0.208797 0.5796657 0.208797 0.4663324 0.008190572 0.5217894 0.208797 0.5167704 0.2581857 0.5944346 0.05757915 0.6491611 0.2581857 0.6589474 0.6423013 0.4674373 0.672418 0.2668308 0.6927394 0.4674373 0.9799729 0.9070132 0.9448373 0.8789935 0.9010239 0.969973 0.5794061 0.4674373 0.6372823 0.2668308 0.6423013 0.4674373 0.5241412 0.2256947 0.4836515 0.4263013 0.4660173 0.2256947 0.470491 0.6589473 0.2581857 0.5944346 0.2581857 0.6589474 0.4660173 0.01338934 0.5241412 0.2256947 0.4660173 0.2256947 0.4211024 0.5796657 0.208797 0.5167704 0.208797 0.5796657 0.6927394 0.6797426 0.6423013 0.4674373 0.6927394 0.4674373 0.5241412 0.01338934 0.5822651 0.2256947 0.5241412 0.2256947 0.4211024 0.5167704 0.208797 0.4663324 0.208797 0.5167704 0.6423013 0.6797426 0.5794061 0.4674373 0.6423013 0.4674373 0.5241412 0.2256947 0.5822651 0.2256947 0.5646309 0.4263013 0.208797 0.5167704 0.008190572 0.5217894 0.008190572 0.5656028 0.208797 0.4663324 0.008190512 0.4866538 0.008190572 0.5217894 0.2581857 0.5944346 0.05757915 0.6042209 0.05757915 0.6491611 0.6423013 0.4674373 0.6372823 0.2668308 0.672418 0.2668308 0.9010238 0.8889936 0.8815251 0.9294833 0.9448373 0.8789935 0.8815251 0.9294833 0.9010239 0.969973 0.9448373 0.8789935 0.9010239 0.969973 0.9448373 0.9799731 0.9799729 0.9519534 0.9799729 0.9519534 0.9799729 0.9070132 0.9010239 0.969973 0.5794061 0.4674373 0.5934689 0.2668308 0.6372823 0.2668308 0.5241412 0.2256947 0.5241412 0.4263013 0.4836515 0.4263013 0.470491 0.6589473 0.470491 0.5944346 0.2581857 0.5944346 0.4660173 0.01338934 0.5241412 0.01338934 0.5241412 0.2256947 0.4211024 0.5796657 0.4211024 0.5167704 0.208797 0.5167704 0.6927394 0.6797426 0.6423013 0.6797426 0.6423013 0.4674373 0.5241412 0.01338934 0.5822651 0.01338934 0.5822651 0.2256947 0.4211024 0.5167704 0.4211024 0.4663323 0.208797 0.4663324 0.6423013 0.6797426 0.5794061 0.6797426 0.5794061 0.4674373</float_array>
          <technique_common>
            <accessor source="#Cups_Plastic_01_001-mesh-map-0-array" count="99" stride="2">
              <param name="S" type="float"/>
              <param name="T" type="float"/>
            </accessor>
          </technique_common>
        </source>
        <vertices id="Cups_Plastic_01_001-mesh-vertices">
          <input semantic="POSITION" source="#Cups_Plastic_01_001-mesh-positions"/>
        </vertices>
        <triangles material="Additional_Cup_holder-material" count="33">
          <input semantic="VERTEX" source="#Cups_Plastic_01_001-mesh-vertices" offset="0"/>
          <input semantic="NORMAL" source="#Cups_Plastic_01_001-mesh-normals" offset="1"/>
          <input semantic="TEXCOORD" source="#Cups_Plastic_01_001-mesh-map-0" offset="2" set="0"/>
          <p>0 0 0 3 1 1 1 2 2 4 3 3 3 1 4 2 4 5 6 5 6 5 6 7 4 3 8 8 7 9 7 8 10 6 5 11 10 9 12 9 10 13 8 7 14 11 11 15 13 11 16 5 11 17 12 12 18 11 13 19 10 9 20 0 0 21 13 14 22 12 12 23 17 15 24 8 7 25 6 5 26 20 16 27 0 0 28 12 12 29 15 17 30 4 3 31 2 4 32 18 18 33 10 9 34 8 7 35 14 19 36 2 4 37 0 0 38 16 20 39 6 5 40 4 3 41 19 21 42 12 12 43 10 9 44 0 0 45 2 4 46 3 1 47 4 3 48 5 6 49 3 1 50 6 5 51 7 8 52 5 6 53 8 7 54 9 10 55 7 8 56 10 9 57 11 13 58 9 10 59 1 11 60 3 11 61 13 11 62 3 11 63 5 11 64 13 11 65 5 11 66 7 11 67 9 11 68 9 11 69 11 11 70 5 11 71 12 12 72 13 14 73 11 13 74 0 0 75 1 2 76 13 14 77 17 15 78 18 18 79 8 7 80 20 16 81 14 19 82 0 0 83 15 17 84 16 20 85 4 3 86 18 18 87 19 21 88 10 9 89 14 19 90 15 17 91 2 4 92 16 20 93 17 15 94 6 5 95 19 21 96 20 16 97 12 12 98</p>
        </triangles>
      </mesh>
    </geometry>
    <geometry id="Cups_Plastic_001-mesh" name="Cups_Plastic.001">
      <mesh>
        <source id="Cups_Plastic_001-mesh-positions">
          <float_array id="Cups_Plastic_001-mesh-positions-array" count="63">0 -0.0592913 -0.006272196 0 -0.04130285 -0.1662628 -0.04635578 -0.03696751 -0.006272196 -0.03229188 -0.02575188 -0.1662628 -0.0578047 0.01319354 -0.006272196 -0.04026728 0.009190738 -0.1662628 -0.02572548 0.05341958 -0.006272196 -0.01792061 0.03721261 -0.1662628 0.02572548 0.05341958 -0.006272196 0.01792061 0.03721261 -0.1662628 0.0578047 0.01319354 -0.006272196 0.04026728 0.009190738 -0.1662628 0.04635578 -0.03696751 -0.006272196 0.03229188 -0.02575188 -0.1662628 0 -0.0592913 0.1630484 -0.04635578 -0.03696751 0.1630484 -0.05780476 0.01319354 0.1630484 -0.02572554 0.05341958 0.1630484 0.02572548 0.05341958 0.1630484 0.0578047 0.01319354 0.1630484 0.04635578 -0.03696751 0.1630484</float_array>
          <technique_common>
            <accessor source="#Cups_Plastic_001-mesh-positions-array" count="21" stride="3">
              <param name="X" type="float"/>
              <param name="Y" type="float"/>
              <param name="Z" type="float"/>
            </accessor>
          </technique_common>
        </source>
        <source id="Cups_Plastic_001-mesh-normals">
          <float_array id="Cups_Plastic_001-mesh-normals-array" count="66">0 -0.9984804 -0.05510836 -0.7769362 -0.6195858 -0.1117302 0 -0.9937386 -0.1117302 -0.9734464 0.2221828 -0.05510836 -0.7806435 -0.6225425 -0.05510836 -0.4332244 0.8995999 -0.05510836 -0.9688235 0.2211278 -0.1117302 0.4332244 0.8995999 -0.05510836 -0.431167 0.8953276 -0.1117302 0.9734464 0.2221829 -0.0551083 0.4311671 0.8953275 -0.1117302 0 0 -1 0.7806434 -0.6225423 -0.0551083 0.9688235 0.2211275 -0.1117302 0.7769361 -0.6195859 -0.1117302 -0.4338838 0.900969 0 0.7818315 -0.6234899 0 -0.7818313 -0.6234899 0 0.4338838 0.900969 0 0 -1 0 -0.974928 0.2225209 0 0.974928 0.2225208 0</float_array>
          <technique_common>
            <accessor source="#Cups_Plastic_001-mesh-normals-array" count="22" stride="3">
              <param name="X" type="float"/>
              <param name="Y" type="float"/>
              <param name="Z" type="float"/>
            </accessor>
          </technique_common>
        </source>
        <source id="Cups_Plastic_001-mesh-map-0">
          <float_array id="Cups_Plastic_001-mesh-map-0-array" count="198">0.5241412 0.2256947 0.5646309 0.4263013 0.5241412 0.4263013 0.208797 0.5167704 0.008190572 0.5656028 0.208797 0.5796657 0.208797 0.4663324 0.008190572 0.5217894 0.208797 0.5167704 0.2581857 0.5944346 0.05757915 0.6491611 0.2581857 0.6589474 0.6423013 0.4674373 0.672418 0.2668308 0.6927394 0.4674373 0.9799729 0.9070132 0.9448373 0.8789935 0.9010239 0.969973 0.5794061 0.4674373 0.6372823 0.2668308 0.6423013 0.4674373 0.5241412 0.2256947 0.4836515 0.4263013 0.4660173 0.2256947 0.470491 0.6589473 0.2581857 0.5944346 0.2581857 0.6589474 0.4660173 0.01338934 0.5241412 0.2256947 0.4660173 0.2256947 0.4211024 0.5796657 0.208797 0.5167704 0.208797 0.5796657 0.6927394 0.6797426 0.6423013 0.4674373 0.6927394 0.4674373 0.5241412 0.01338934 0.5822651 0.2256947 0.5241412 0.2256947 0.4211024 0.5167704 0.208797 0.4663324 0.208797 0.5167704 0.6423013 0.6797426 0.5794061 0.4674373 0.6423013 0.4674373 0.5241412 0.2256947 0.5822651 0.2256947 0.5646309 0.4263013 0.208797 0.5167704 0.008190572 0.5217894 0.008190572 0.5656028 0.208797 0.4663324 0.008190512 0.4866538 0.008190572 0.5217894 0.2581857 0.5944346 0.05757915 0.6042209 0.05757915 0.6491611 0.6423013 0.4674373 0.6372823 0.2668308 0.672418 0.2668308 0.9010238 0.8889936 0.8815251 0.9294833 0.9448373 0.8789935 0.8815251 0.9294833 0.9010239 0.969973 0.9448373 0.8789935 0.9010239 0.969973 0.9448373 0.9799731 0.9799729 0.9519534 0.9799729 0.9519534 0.9799729 0.9070132 0.9010239 0.969973 0.5794061 0.4674373 0.5934689 0.2668308 0.6372823 0.2668308 0.5241412 0.2256947 0.5241412 0.4263013 0.4836515 0.4263013 0.470491 0.6589473 0.470491 0.5944346 0.2581857 0.5944346 0.4660173 0.01338934 0.5241412 0.01338934 0.5241412 0.2256947 0.4211024 0.5796657 0.4211024 0.5167704 0.208797 0.5167704 0.6927394 0.6797426 0.6423013 0.6797426 0.6423013 0.4674373 0.5241412 0.01338934 0.5822651 0.01338934 0.5822651 0.2256947 0.4211024 0.5167704 0.4211024 0.4663323 0.208797 0.4663324 0.6423013 0.6797426 0.5794061 0.6797426 0.5794061 0.4674373</float_array>
          <technique_common>
            <accessor source="#Cups_Plastic_001-mesh-map-0-array" count="99" stride="2">
              <param name="S" type="float"/>
              <param name="T" type="float"/>
            </accessor>
          </technique_common>
        </source>
        <vertices id="Cups_Plastic_001-mesh-vertices">
          <input semantic="POSITION" source="#Cups_Plastic_001-mesh-positions"/>
        </vertices>
        <triangles material="Additional_Cup_holder-material" count="33">
          <input semantic="VERTEX" source="#Cups_Plastic_001-mesh-vertices" offset="0"/>
          <input semantic="NORMAL" source="#Cups_Plastic_001-mesh-normals" offset="1"/>
          <input semantic="TEXCOORD" source="#Cups_Plastic_001-mesh-map-0" offset="2" set="0"/>
          <p>0 0 0 3 1 1 1 2 2 4 3 3 3 1 4 2 4 5 6 5 6 5 6 7 4 3 8 8 7 9 7 8 10 6 5 11 10 9 12 9 10 13 8 7 14 11 11 15 13 11 16 5 11 17 12 12 18 11 13 19 10 9 20 0 0 21 13 14 22 12 12 23 17 15 24 8 7 25 6 5 26 20 16 27 0 0 28 12 12 29 15 17 30 4 3 31 2 4 32 18 18 33 10 9 34 8 7 35 14 19 36 2 4 37 0 0 38 16 20 39 6 5 40 4 3 41 19 21 42 12 12 43 10 9 44 0 0 45 2 4 46 3 1 47 4 3 48 5 6 49 3 1 50 6 5 51 7 8 52 5 6 53 8 7 54 9 10 55 7 8 56 10 9 57 11 13 58 9 10 59 1 11 60 3 11 61 13 11 62 3 11 63 5 11 64 13 11 65 5 11 66 7 11 67 9 11 68 9 11 69 11 11 70 5 11 71 12 12 72 13 14 73 11 13 74 0 0 75 1 2 76 13 14 77 17 15 78 18 18 79 8 7 80 20 16 81 14 19 82 0 0 83 15 17 84 16 20 85 4 3 86 18 18 87 19 21 88 10 9 89 14 19 90 15 17 91 2 4 92 16 20 93 17 15 94 6 5 95 19 21 96 20 16 97 12 12 98</p>
        </triangles>
      </mesh>
    </geometry>
    <geometry id="Cups_Paper_01_001-mesh" name="Cups_Paper_01.001">
      <mesh>
        <source id="Cups_Paper_01_001-mesh-positions">
          <float_array id="Cups_Paper_01_001-mesh-positions-array" count="63">0 -0.0592913 -0.003830015 0 -0.04130285 -0.1638206 -0.04635578 -0.03696751 -0.003830015 -0.03229188 -0.02575188 -0.1638206 -0.0578047 0.01319354 -0.003830015 -0.04026734 0.009190738 -0.1638206 -0.02572548 0.05341958 -0.003830015 -0.01792061 0.03721261 -0.1638206 0.02572548 0.05341958 -0.003830015 0.01792061 0.03721261 -0.1638206 0.0578047 0.01319354 -0.003830015 0.04026728 0.009190738 -0.1638206 0.04635578 -0.03696751 -0.003830015 0.03229188 -0.02575188 -0.1638206 0 -0.0592913 0.1607187 -0.04635578 -0.03696751 0.1607187 -0.0578047 0.01319354 0.1607187 -0.02572548 0.05341958 0.1607187 0.02572554 0.05341958 0.1607187 0.0578047 0.01319354 0.1607187 0.04635578 -0.03696751 0.1607187</float_array>
          <technique_common>
            <accessor source="#Cups_Paper_01_001-mesh-positions-array" count="21" stride="3">
              <param name="X" type="float"/>
              <param name="Y" type="float"/>
              <param name="Z" type="float"/>
            </accessor>
          </technique_common>
        </source>
        <source id="Cups_Paper_01_001-mesh-normals">
          <float_array id="Cups_Paper_01_001-mesh-normals-array" count="66">-0.7806434 -0.6225424 -0.0551083 0 -0.9937386 -0.1117302 0 -0.9984804 -0.05510836 -0.9734464 0.2221828 -0.0551083 -0.7769361 -0.6195859 -0.1117302 -0.4332244 0.8995999 -0.05510836 -0.9688235 0.2211276 -0.1117302 0.4332244 0.8995999 -0.05510836 -0.431167 0.8953276 -0.1117302 0.9734464 0.2221828 -0.05510836 0.431167 0.8953276 -0.1117302 0 0 -1 0.7806435 -0.6225424 -0.05510836 0.9688235 0.2211276 -0.1117302 0.7769362 -0.6195858 -0.1117302 0.4338838 0.9009689 0 0 -1 0 -0.9749279 0.222521 0 0.974928 0.2225208 0 -0.4338837 0.900969 0 0.7818315 -0.6234899 0 -0.7818315 -0.6234899 0</float_array>
          <technique_common>
            <accessor source="#Cups_Paper_01_001-mesh-normals-array" count="22" stride="3">
              <param name="X" type="float"/>
              <param name="Y" type="float"/>
              <param name="Z" type="float"/>
            </accessor>
          </technique_common>
        </source>
        <source id="Cups_Paper_01_001-mesh-map-0">
          <float_array id="Cups_Paper_01_001-mesh-map-0-array" count="198">0.8045136 0.2503891 0.7463897 0.4509956 0.7463897 0.2503891 0.7819091 0.007345259 0.8307415 0.2079518 0.8448043 0.007345259 0.731471 0.007345259 0.7869281 0.2079518 0.7819091 0.007345259 0.5510724 0.6420513 0.4963459 0.4414448 0.4865596 0.6420513 0.7709716 0.6680454 0.8010883 0.4674388 0.8214097 0.6680454 0.7295041 0.8919904 0.6943685 0.9200101 0.7733175 0.9829699 0.7080764 0.6680454 0.7659527 0.4674388 0.7709716 0.6680454 0.7463897 0.2503891 0.7059 0.4509956 0.6882658 0.2503891 0.8549258 0.3321827 0.9065818 0.5434871 0.8549258 0.5434871 0.2006282 0.9051396 0.4122251 0.8455296 0.4122251 0.9051396 0.915764 0.3355695 0.865764 0.5401003 0.915764 0.5401003 0.9065818 0.3321827 0.9709959 0.5434871 0.9065818 0.5434871 0.9641396 0.3355695 0.9001871 0.5401003 0.9641396 0.5401003 0.2006282 0.9647495 0.4122251 0.9051396 0.4122251 0.9647495 0.9816507 0.5694602 0.9175474 0.7797451 0.9816507 0.7797451 0.8045136 0.2503891 0.7868793 0.4509956 0.7463897 0.4509956 0.7819091 0.007345259 0.7869281 0.2079518 0.8307415 0.2079518 0.731471 0.007345259 0.7517924 0.2079518 0.7869281 0.2079518 0.5510724 0.6420513 0.5412861 0.4414448 0.4963459 0.4414448 0.7709716 0.6680454 0.7659527 0.4674388 0.8010883 0.4674388 0.6943685 0.9649503 0.7295041 0.99297 0.6943685 0.9200101 0.7295041 0.99297 0.7733175 0.9829699 0.6943685 0.9200101 0.7733175 0.9829699 0.7928163 0.9424803 0.7733175 0.9019905 0.7733175 0.9019905 0.7295041 0.8919904 0.7733175 0.9829699 0.7080764 0.6680454 0.7221392 0.4674388 0.7659527 0.4674388 0.7463897 0.2503891 0.7463897 0.4509956 0.7059 0.4509956 0.8549258 0.3321827 0.9065818 0.3321827 0.9065818 0.5434871 0.2006282 0.9051396 0.2006282 0.8455296 0.4122251 0.8455296 0.915764 0.3355695 0.865764 0.3355695 0.865764 0.5401003 0.9065818 0.3321827 0.9709959 0.3321827 0.9709959 0.5434871 0.9641396 0.3355695 0.9001871 0.3355695 0.9001871 0.5401003 0.2006282 0.9647495 0.2006282 0.9051396 0.4122251 0.9051396 0.9816507 0.5694602 0.9175474 0.5694602 0.9175474 0.7797451</float_array>
          <technique_common>
            <accessor source="#Cups_Paper_01_001-mesh-map-0-array" count="99" stride="2">
              <param name="S" type="float"/>
              <param name="T" type="float"/>
            </accessor>
          </technique_common>
        </source>
        <vertices id="Cups_Paper_01_001-mesh-vertices">
          <input semantic="POSITION" source="#Cups_Paper_01_001-mesh-positions"/>
        </vertices>
        <triangles material="Additional_Cup_holder-material" count="33">
          <input semantic="VERTEX" source="#Cups_Paper_01_001-mesh-vertices" offset="0"/>
          <input semantic="NORMAL" source="#Cups_Paper_01_001-mesh-normals" offset="1"/>
          <input semantic="TEXCOORD" source="#Cups_Paper_01_001-mesh-map-0" offset="2" set="0"/>
          <p>2 0 0 1 1 1 0 2 2 4 3 3 3 4 4 2 0 5 6 5 6 5 6 7 4 3 8 8 7 9 7 8 10 6 5 11 10 9 12 9 10 13 8 7 14 11 11 15 13 11 16 5 11 17 12 12 18 11 13 19 10 9 20 0 2 21 13 14 22 12 12 23 18 15 24 10 9 25 8 7 26 14 16 27 2 0 28 0 2 29 16 17 30 6 5 31 4 3 32 19 18 33 12 12 34 10 9 35 17 19 36 8 7 37 6 5 38 20 20 39 0 2 40 12 12 41 15 21 42 4 3 43 2 0 44 2 0 45 3 4 46 1 1 47 4 3 48 5 6 49 3 4 50 6 5 51 7 8 52 5 6 53 8 7 54 9 10 55 7 8 56 10 9 57 11 13 58 9 10 59 1 11 60 3 11 61 13 11 62 3 11 63 5 11 64 13 11 65 5 11 66 7 11 67 9 11 68 9 11 69 11 11 70 5 11 71 12 12 72 13 14 73 11 13 74 0 2 75 1 1 76 13 14 77 18 15 78 19 18 79 10 9 80 14 16 81 15 21 82 2 0 83 16 17 84 17 19 85 6 5 86 19 18 87 20 20 88 12 12 89 17 19 90 18 15 91 8 7 92 20 20 93 14 16 94 0 2 95 15 21 96 16 17 97 4 3 98</p>
        </triangles>
      </mesh>
    </geometry>
    <geometry id="Cups_Paper_001-mesh" name="Cups_Paper.001">
      <mesh>
        <source id="Cups_Paper_001-mesh-positions">
          <float_array id="Cups_Paper_001-mesh-positions-array" count="63">0 -0.0592913 -0.003830015 0 -0.04130285 -0.1638206 -0.04635578 -0.03696751 -0.003830015 -0.03229188 -0.02575188 -0.1638206 -0.0578047 0.01319354 -0.003830015 -0.04026734 0.009190738 -0.1638206 -0.02572548 0.05341958 -0.003830015 -0.01792061 0.03721261 -0.1638206 0.02572548 0.05341958 -0.003830015 0.01792061 0.03721261 -0.1638206 0.0578047 0.01319354 -0.003830015 0.04026728 0.009190738 -0.1638206 0.04635578 -0.03696751 -0.003830015 0.03229188 -0.02575188 -0.1638206 0 -0.0592913 0.1607187 -0.04635578 -0.03696751 0.1607187 -0.0578047 0.01319354 0.1607187 -0.02572548 0.05341958 0.1607187 0.02572554 0.05341958 0.1607187 0.0578047 0.01319354 0.1607187 0.04635578 -0.03696751 0.1607187</float_array>
          <technique_common>
            <accessor source="#Cups_Paper_001-mesh-positions-array" count="21" stride="3">
              <param name="X" type="float"/>
              <param name="Y" type="float"/>
              <param name="Z" type="float"/>
            </accessor>
          </technique_common>
        </source>
        <source id="Cups_Paper_001-mesh-normals">
          <float_array id="Cups_Paper_001-mesh-normals-array" count="66">-0.7806434 -0.6225424 -0.0551083 0 -0.9937386 -0.1117302 0 -0.9984804 -0.05510836 -0.9734464 0.2221828 -0.0551083 -0.7769361 -0.6195859 -0.1117302 -0.4332244 0.8995999 -0.05510836 -0.9688235 0.2211276 -0.1117302 0.4332244 0.8995999 -0.05510836 -0.431167 0.8953276 -0.1117302 0.9734464 0.2221828 -0.05510836 0.431167 0.8953276 -0.1117302 0 0 -1 0.7806435 -0.6225424 -0.05510836 0.9688235 0.2211276 -0.1117302 0.7769362 -0.6195858 -0.1117302 0.4338838 0.9009689 0 0 -1 0 -0.9749279 0.222521 0 0.974928 0.2225208 0 -0.4338837 0.900969 0 0.7818315 -0.6234899 0 -0.7818315 -0.6234899 0</float_array>
          <technique_common>
            <accessor source="#Cups_Paper_001-mesh-normals-array" count="22" stride="3">
              <param name="X" type="float"/>
              <param name="Y" type="float"/>
              <param name="Z" type="float"/>
            </accessor>
          </technique_common>
        </source>
        <source id="Cups_Paper_001-mesh-map-0">
          <float_array id="Cups_Paper_001-mesh-map-0-array" count="198">0.8045136 0.2503891 0.7463897 0.4509956 0.7463897 0.2503891 0.7819091 0.007345259 0.8307415 0.2079518 0.8448043 0.007345259 0.731471 0.007345259 0.7869281 0.2079518 0.7819091 0.007345259 0.5510724 0.6420513 0.4963459 0.4414448 0.4865596 0.6420513 0.7709716 0.6680454 0.8010883 0.4674388 0.8214097 0.6680454 0.7295041 0.8919904 0.6943685 0.9200101 0.7733175 0.9829699 0.7080764 0.6680454 0.7659527 0.4674388 0.7709716 0.6680454 0.7463897 0.2503891 0.7059 0.4509956 0.6882658 0.2503891 0.8549258 0.3321827 0.9065818 0.5434871 0.8549258 0.5434871 0.2006282 0.9051396 0.4122251 0.8455296 0.4122251 0.9051396 0.915764 0.3355695 0.865764 0.5401003 0.915764 0.5401003 0.9065818 0.3321827 0.9709959 0.5434871 0.9065818 0.5434871 0.9641396 0.3355695 0.9001871 0.5401003 0.9641396 0.5401003 0.2006282 0.9647495 0.4122251 0.9051396 0.4122251 0.9647495 0.9816507 0.5694602 0.9175474 0.7797451 0.9816507 0.7797451 0.8045136 0.2503891 0.7868793 0.4509956 0.7463897 0.4509956 0.7819091 0.007345259 0.7869281 0.2079518 0.8307415 0.2079518 0.731471 0.007345259 0.7517924 0.2079518 0.7869281 0.2079518 0.5510724 0.6420513 0.5412861 0.4414448 0.4963459 0.4414448 0.7709716 0.6680454 0.7659527 0.4674388 0.8010883 0.4674388 0.6943685 0.9649503 0.7295041 0.99297 0.6943685 0.9200101 0.7295041 0.99297 0.7733175 0.9829699 0.6943685 0.9200101 0.7733175 0.9829699 0.7928163 0.9424803 0.7733175 0.9019905 0.7733175 0.9019905 0.7295041 0.8919904 0.7733175 0.9829699 0.7080764 0.6680454 0.7221392 0.4674388 0.7659527 0.4674388 0.7463897 0.2503891 0.7463897 0.4509956 0.7059 0.4509956 0.8549258 0.3321827 0.9065818 0.3321827 0.9065818 0.5434871 0.2006282 0.9051396 0.2006282 0.8455296 0.4122251 0.8455296 0.915764 0.3355695 0.865764 0.3355695 0.865764 0.5401003 0.9065818 0.3321827 0.9709959 0.3321827 0.9709959 0.5434871 0.9641396 0.3355695 0.9001871 0.3355695 0.9001871 0.5401003 0.2006282 0.9647495 0.2006282 0.9051396 0.4122251 0.9051396 0.9816507 0.5694602 0.9175474 0.5694602 0.9175474 0.7797451</float_array>
          <technique_common>
            <accessor source="#Cups_Paper_001-mesh-map-0-array" count="99" stride="2">
              <param name="S" type="float"/>
              <param name="T" type="float"/>
            </accessor>
          </technique_common>
        </source>
        <vertices id="Cups_Paper_001-mesh-vertices">
          <input semantic="POSITION" source="#Cups_Paper_001-mesh-positions"/>
        </vertices>
        <triangles material="Additional_Cup_holder-material" count="33">
          <input semantic="VERTEX" source="#Cups_Paper_001-mesh-vertices" offset="0"/>
          <input semantic="NORMAL" source="#Cups_Paper_001-mesh-normals" offset="1"/>
          <input semantic="TEXCOORD" source="#Cups_Paper_001-mesh-map-0" offset="2" set="0"/>
          <p>2 0 0 1 1 1 0 2 2 4 3 3 3 4 4 2 0 5 6 5 6 5 6 7 4 3 8 8 7 9 7 8 10 6 5 11 10 9 12 9 10 13 8 7 14 11 11 15 13 11 16 5 11 17 12 12 18 11 13 19 10 9 20 0 2 21 13 14 22 12 12 23 18 15 24 10 9 25 8 7 26 14 16 27 2 0 28 0 2 29 16 17 30 6 5 31 4 3 32 19 18 33 12 12 34 10 9 35 17 19 36 8 7 37 6 5 38 20 20 39 0 2 40 12 12 41 15 21 42 4 3 43 2 0 44 2 0 45 3 4 46 1 1 47 4 3 48 5 6 49 3 4 50 6 5 51 7 8 52 5 6 53 8 7 54 9 10 55 7 8 56 10 9 57 11 13 58 9 10 59 1 11 60 3 11 61 13 11 62 3 11 63 5 11 64 13 11 65 5 11 66 7 11 67 9 11 68 9 11 69 11 11 70 5 11 71 12 12 72 13 14 73 11 13 74 0 2 75 1 1 76 13 14 77 18 15 78 19 18 79 10 9 80 14 16 81 15 21 82 2 0 83 16 17 84 17 19 85 6 5 86 19 18 87 20 20 88 12 12 89 17 19 90 18 15 91 8 7 92 20 20 93 14 16 94 0 2 95 15 21 96 16 17 97 4 3 98</p>
        </triangles>
      </mesh>
    </geometry>
    <geometry id="Additional_01_001-mesh" name="Additional_01.001">
      <mesh>
        <source id="Additional_01_001-mesh-positions">
          <float_array id="Additional_01_001-mesh-positions-array" count="18">0 -0.07462513 -0.2091574 0 0.06308317 -0.2091574 0.04060268 -0.07462513 -0.0366466 0.04060268 0.06308317 -0.0366466 0.2134781 -0.07462513 -0.0366466 0.2134781 0.06308317 -0.0366466</float_array>
          <technique_common>
            <accessor source="#Additional_01_001-mesh-positions-array" count="6" stride="3">
              <param name="X" type="float"/>
              <param name="Y" type="float"/>
              <param name="Z" type="float"/>
            </accessor>
          </technique_common>
        </source>
        <source id="Additional_01_001-mesh-normals">
          <float_array id="Additional_01_001-mesh-normals-array" count="9">-0.9734022 0 0.2291031 0 0 1 -0.9734022 0 0.2291032</float_array>
          <technique_common>
            <accessor source="#Additional_01_001-mesh-normals-array" count="3" stride="3">
              <param name="X" type="float"/>
              <param name="Y" type="float"/>
              <param name="Z" type="float"/>
            </accessor>
          </technique_common>
        </source>
        <source id="Additional_01_001-mesh-map-0">
          <float_array id="Additional_01_001-mesh-map-0-array" count="24">0.8590498 0.01032859 0.9851717 0.1403675 0.9851718 0.01032859 0.5121266 0.7758691 0.6849413 0.901991 0.5121266 0.901991 0.8590498 0.01032859 0.8590499 0.1403675 0.9851717 0.1403675 0.5121266 0.7758691 0.6849413 0.7758691 0.6849413 0.901991</float_array>
          <technique_common>
            <accessor source="#Additional_01_001-mesh-map-0-array" count="12" stride="2">
              <param name="S" type="float"/>
              <param name="T" type="float"/>
            </accessor>
          </technique_common>
        </source>
        <vertices id="Additional_01_001-mesh-vertices">
          <input semantic="POSITION" source="#Additional_01_001-mesh-positions"/>
        </vertices>
        <triangles material="Additional_Cup_holder-material" count="4">
          <input semantic="VERTEX" source="#Additional_01_001-mesh-vertices" offset="0"/>
          <input semantic="NORMAL" source="#Additional_01_001-mesh-normals" offset="1"/>
          <input semantic="TEXCOORD" source="#Additional_01_001-mesh-map-0" offset="2" set="0"/>
          <p>0 0 0 3 0 1 1 0 2 2 1 3 5 1 4 3 1 5 0 2 6 2 2 7 3 2 8 2 1 9 4 1 10 5 1 11</p>
        </triangles>
      </mesh>
    </geometry>
    <geometry id="Additional_001-mesh" name="Additional.001">
      <mesh>
        <source id="Additional_001-mesh-positions">
          <float_array id="Additional_001-mesh-positions-array" count="18">0 -0.06308305 -0.2111614 0 0.06308317 -0.2111614 0.04060268 -0.06308305 -0.0366466 0.04060268 0.06308317 -0.0366466 0.2134781 -0.06308305 -0.0366466 0.2134781 0.06308317 -0.0366466</float_array>
          <technique_common>
            <accessor source="#Additional_001-mesh-positions-array" count="6" stride="3">
              <param name="X" type="float"/>
              <param name="Y" type="float"/>
              <param name="Z" type="float"/>
            </accessor>
          </technique_common>
        </source>
        <source id="Additional_001-mesh-normals">
          <float_array id="Additional_001-mesh-normals-array" count="9">-0.973986 0 0.2266081 0 0 1 -0.973986 0 0.2266081</float_array>
          <technique_common>
            <accessor source="#Additional_001-mesh-normals-array" count="3" stride="3">
              <param name="X" type="float"/>
              <param name="Y" type="float"/>
              <param name="Z" type="float"/>
            </accessor>
          </technique_common>
        </source>
        <source id="Additional_001-mesh-map-0">
          <float_array id="Additional_001-mesh-map-0-array" count="24">0.9747742 0.2885332 0.8486523 0.1584942 0.8486523 0.2885332 0.7550739 0.8785964 0.8811958 0.7057817 0.8811958 0.8785964 0.9747742 0.2885332 0.9747742 0.1584942 0.8486523 0.1584942 0.7550739 0.8785964 0.7550739 0.7057817 0.8811958 0.7057817</float_array>
          <technique_common>
            <accessor source="#Additional_001-mesh-map-0-array" count="12" stride="2">
              <param name="S" type="float"/>
              <param name="T" type="float"/>
            </accessor>
          </technique_common>
        </source>
        <vertices id="Additional_001-mesh-vertices">
          <input semantic="POSITION" source="#Additional_001-mesh-positions"/>
        </vertices>
        <triangles material="Additional_Cup_holder-material" count="4">
          <input semantic="VERTEX" source="#Additional_001-mesh-vertices" offset="0"/>
          <input semantic="NORMAL" source="#Additional_001-mesh-normals" offset="1"/>
          <input semantic="TEXCOORD" source="#Additional_001-mesh-map-0" offset="2" set="0"/>
          <p>0 0 0 3 0 1 1 0 2 2 1 3 5 1 4 3 1 5 0 2 6 2 2 7 3 2 8 2 1 9 4 1 10 5 1 11</p>
        </triangles>
      </mesh>
    </geometry>
    <geometry id="Additional_Cup_holder_001-mesh" name="Additional_Cup_holder.001">
      <mesh>
        <source id="Additional_Cup_holder_001-mesh-positions">
          <float_array id="Additional_Cup_holder_001-mesh-positions-array" count="750">0.02087044 0.1433435 -0.02383315 0.009121954 0.1433435 0.3016945 0.02087044 0.2695097 -0.02383315 0.009121954 0.2712633 0.3016945 -0.1187978 0.1433435 0.02394956 -0.1070493 0.1433435 0.3016945 -0.1187978 0.2830118 0.02394956 -0.1070493 0.2712633 0.3016945 0.02087044 0.003675162 -0.02383315 0.009121954 0.003675162 0.3016945 -0.1187978 0.003675162 0.02394956 -0.1070493 0.003675162 0.3016945 0.02087044 -0.1359931 -0.02383315 0.009121954 -0.1359931 0.3016945 -0.1187978 -0.1359931 0.02394956 -0.1070493 -0.1359931 0.3016945 0.02087044 -0.2621594 -0.02383315 0.009121954 -0.2639129 0.3016945 -0.1187978 -0.2756614 0.02394956 -0.1070493 -0.2639129 0.3016945 0.02087044 0.2695097 -0.1862944 -0.1187978 0.2830118 -0.1862944 -0.1187978 0.1433435 -0.1862944 -0.1187978 0.003675162 -0.1862944 -0.1187978 -0.1359931 -0.1862944 0.02087044 -0.2621594 -0.1862944 -0.1187978 -0.2756614 -0.1862944 0.02087044 0.2830118 -0.2518667 0.02087044 0.1433435 -0.2518667 -0.1187978 0.2830118 -0.2518667 -0.1187978 0.1433435 -0.2518667 0.02087044 0.003675162 -0.2518667 -0.1187978 0.003675162 -0.2518667 0.02087044 -0.1359931 -0.2518667 -0.1187978 -0.1359931 -0.2518667 0.02087044 -0.2756614 -0.2518667 -0.1187978 -0.2756614 -0.2518667 0.1910225 0.2695097 -0.1862944 0.1910225 0.1433435 -0.1862944 0.1910225 -0.2621594 -0.1862944 0.2045246 -0.2756614 -0.2518667 0.2045246 0.003675162 -0.1862944 0.1910225 -0.1359931 -0.1862944 0.2045246 0.2830118 -0.2518667 0.2045246 0.1433435 -0.2518667 0.2045246 0.003675162 -0.2518667 0.2045246 -0.1359931 -0.2518667 0.02087044 0.1433435 0.3016945 0.02087044 0.2830118 0.3016945 -0.1187978 0.2830118 0.3016945 -0.1187978 0.1433435 0.3016945 0.02087044 0.003675162 0.3016945 -0.1187978 0.003675162 0.3016945 0.02087044 -0.1359931 0.3016945 -0.1187978 -0.1359931 0.3016945 0.02087044 -0.2756614 0.3016945 -0.1187978 -0.2756614 0.3016945 -0.1070493 0.1433435 0.04100292 0.009121954 0.1433435 0.04100292 -0.1070493 0.003675162 0.04100292 0.009121954 0.003675162 0.04100292 -0.1070493 -0.1359931 0.04100292 0.009121954 -0.1359931 0.04100292 0.009121954 0.2712633 0.04100292 -0.1070493 0.2712633 0.04100292 0.009121954 -0.2639129 0.04100292 -0.1070493 -0.2639129 0.04100292 0.02087044 0.2494545 0.3016945 0.02087044 0.1769008 0.3016945 0.02087044 0.1769008 0.1314994 0.02087044 0.2494545 0.1314994 0.009121954 0.1104908 0.3016945 0.009121954 0.0379371 0.3016945 0.009121954 0.0379371 0.1314994 0.009121954 0.1104908 0.1314994 0.02087044 0.1104908 0.3016945 0.02087044 0.0379371 0.3016945 0.02087044 0.0379371 0.1314994 0.02087044 0.1104908 0.1314994 0.02087044 -0.02847284 0.3016945 0.02087044 -0.1010265 0.3016945 0.02087044 -0.1010265 0.1314994 0.02087044 -0.02847284 0.1314994 0.02087044 -0.1674365 0.3016945 0.02087044 -0.2399902 0.3016945 0.02087044 -0.2399902 0.1314994 0.02087044 -0.1674365 0.1314994 0.009121954 0.1769008 0.3016945 0.009121954 0.2494545 0.3016945 0.009121954 -0.1010265 0.3016945 0.009121954 -0.02847284 0.3016945 0.009121954 -0.2399902 0.3016945 0.009121954 -0.1674365 0.3016945 0.009121954 0.1769008 0.1314994 0.009121954 0.2494545 0.1314994 0.009121954 -0.2399902 0.1314994 0.009121954 -0.1674365 0.1314994 0.009121954 -0.1010265 0.1314994 0.009121954 -0.02847284 0.1314994 0.02087044 0.1433435 -0.01033103 0.02087044 0.2830118 -0.01033103 0.02087044 0.003675162 -0.01033103 0.02087044 -0.1359931 -0.01033103 0.2045246 0.2830118 -0.1862944 0.2045246 0.1433435 -0.1862944 0.02087044 -0.2756614 -0.01033103 0.02087044 0.2830118 -0.1862944 0.02087044 -0.2756614 -0.1862944 0.2045246 -0.2756614 -0.1862944 0.2045246 -0.1359931 -0.1862944 0.1910225 0.003675162 -0.1862944 0.02087044 0.003675162 -0.2301772 0.1910225 0.003675162 -0.2301772 0.02087044 0.2695097 -0.2301772 0.02087044 0.1433435 -0.2301772 0.1910225 0.1433435 -0.2301772 0.02087044 -0.1359931 -0.2301772 0.02087044 -0.2621594 -0.2301772 0.1910225 -0.1359931 -0.2301772 0.1910225 0.2695097 -0.2301772 0.1910225 -0.2621594 -0.2301772 -0.09554499 0.1433435 -0.02383315 -0.09554499 0.1433435 -0.1862944 -0.09554499 0.003675162 -0.02383315 -0.09554499 0.003675162 -0.1862944 -0.09554499 -0.1359931 -0.02383315 -0.09554499 -0.1359931 -0.1862944 -0.09554499 0.2695097 -0.1862944 -0.09554499 -0.2621594 -0.1862944 -0.09554499 0.2695097 -0.02383315 -0.09554499 -0.2621594 -0.02383315 -0.09554499 0.2695097 -0.2301772 -0.09554499 0.1433435 -0.2301772 -0.09554499 0.003675162 -0.2301772 -0.09554499 -0.1359931 -0.2301772 -0.09554499 -0.2621594 -0.2301772 0.02087044 0.003675162 -0.1695951 0.02087044 -0.1359931 -0.1695951 0.009121954 0.1433435 0.3016945 -0.1070493 0.1433435 0.3016945 0.02087044 0.003675162 -0.02383315 0.009121954 0.003675162 0.3016945 -0.1070493 0.003675162 0.3016945 0.02087044 -0.1359931 -0.02383315 0.009121954 -0.1359931 0.3016945 -0.1070493 -0.1359931 0.3016945 0.1910225 -0.1359931 -0.1862944 -0.1070493 0.1433435 0.04100292 0.009121954 0.1433435 0.04100292 -0.1070493 0.003675162 0.04100292 0.009121954 0.003675162 0.04100292 -0.1070493 -0.1359931 0.04100292 0.009121954 -0.1359931 0.04100292 0.1910225 0.003675162 -0.1862944 0.02087044 0.003675162 -0.2452279 0.1910225 0.003675162 -0.2452279 0.02087044 -0.1359931 -0.2452279 0.1910225 -0.1359931 -0.2452279 -0.09554499 0.003675162 -0.02383315 -0.09554499 0.003675162 -0.1327528 -0.09554499 -0.1359931 -0.02383315 -0.09554499 -0.1359931 -0.1327528 -0.09554499 0.003675162 -0.1916863 -0.09554499 -0.1359931 -0.1916863 0.02087044 0.003675162 -0.1695951 0.02087044 -0.1359931 -0.1695951 0.1465729 0.1433435 0.14498 0.1465729 0.2712634 0.14498 0.01865309 0.1433435 -0.01777255 0.03040158 0.1433435 0.14498 0.01865309 0.2830118 -0.01777255 0.03040158 0.2712634 0.14498 0.1465729 0.003675222 0.14498 0.01865309 0.003675222 -0.01777255 0.03040158 0.003675222 0.14498 0.1465729 -0.135993 0.14498 0.01865309 -0.135993 -0.01777255 0.03040158 -0.135993 0.14498 0.1465729 -0.2639129 0.14498 0.01865309 -0.2756614 -0.01777255 0.03040158 -0.2639129 0.14498 0.1583214 0.1433435 0.14498 0.1583214 0.2830118 0.14498 0.01865309 0.2830118 0.14498 0.01865309 0.1433435 0.14498 0.1583214 0.003675222 0.14498 0.01865309 0.003675222 0.14498 0.1583214 -0.135993 0.14498 0.01865309 -0.135993 0.14498 0.1583214 -0.2756614 0.14498 0.01865309 -0.2756614 0.14498 0.03040158 0.1433435 -7.1927e-4 0.1465729 0.1433435 -7.1927e-4 0.03040158 0.003675222 -7.1927e-4 0.1465729 0.003675222 -7.1927e-4 0.03040158 -0.135993 -7.1927e-4 0.1465729 -0.135993 -7.1927e-4 0.1465729 0.2712634 -7.1927e-4 0.03040158 0.2712634 -7.1927e-4 0.1465729 -0.2639129 -7.1927e-4 0.03040158 -0.2639129 -7.1927e-4 0.1583214 0.2494545 0.14498 0.1583214 0.1769008 0.14498 0.1583214 0.1769008 0.03571021 0.1583214 0.2494545 0.03571021 0.1465729 0.1104908 0.14498 0.1465729 0.03793716 0.14498 0.1465729 0.03793716 0.03571021 0.1465729 0.1104908 0.03571021 0.1583214 0.1104908 0.14498 0.1583214 0.03793716 0.14498 0.1583214 0.03793716 0.03571021 0.1583214 0.1104908 0.03571021 0.1583214 -0.02847284 0.14498 0.1583214 -0.1010265 0.14498 0.1583214 -0.1010265 0.03571021 0.1583214 -0.02847284 0.03571021 0.1583214 -0.1674365 0.14498 0.1583214 -0.2399902 0.14498 0.1583214 -0.2399902 0.03571021 0.1583214 -0.1674365 0.03571021 0.1465729 0.1769008 0.14498 0.1465729 0.2494545 0.14498 0.1465729 -0.1010265 0.14498 0.1465729 -0.02847284 0.14498 0.1465729 -0.2399902 0.14498 0.1465729 -0.1674365 0.14498 0.1465729 0.1769008 0.03571021 0.1465729 0.2494545 0.03571021 0.1465729 -0.2399902 0.03571021 0.1465729 -0.1674365 0.03571021 0.1465729 -0.1010265 0.03571021 0.1465729 -0.02847284 0.03571021 0.1583214 0.1433435 -0.01750659 0.1583214 0.2830118 -0.01750659 0.1583214 0.003675222 -0.01750659 0.1583214 -0.135993 -0.01750659 0.1583214 -0.2756614 -0.01750659 0.1465729 0.1433435 0.14498 0.03040158 0.1433435 0.14498 0.1465729 0.003675222 0.14498 0.03040158 0.003675222 0.14498 0.1465729 -0.135993 0.14498 0.03040158 -0.135993 0.14498 0.03040158 0.1433435 -7.1927e-4 0.1465729 0.1433435 -7.1927e-4 0.03040158 0.003675222 -7.1927e-4 0.1465729 0.003675222 -7.1927e-4 0.03040158 -0.135993 -7.1927e-4 0.1465729 -0.135993 -7.1927e-4</float_array>
          <technique_common>
            <accessor source="#Additional_Cup_holder_001-mesh-positions-array" count="250" stride="3">
              <param name="X" type="float"/>
              <param name="Y" type="float"/>
              <param name="Z" type="float"/>
            </accessor>
          </technique_common>
        </source>
        <source id="Additional_Cup_holder_001-mesh-normals">
          <float_array id="Additional_Cup_holder_001-mesh-normals-array" count="159">1 0 0 -1 0 0 0 1 0 0 -1 0 0 0 -1 0 0 1 5.55573e-7 0 1 0.001904487 0 -0.9999983 1 0 0 1 0 0 -1 0 0 -1 0 0 1 0 0 1 0 0 1 0 0 1 0 0 1 0 0 1 0 0 4.54057e-6 0 1 -2.27029e-6 0 1 -1 0 0 -1 0 0 -1 0 0 -1 0 0 -1 0 0 -1 0 0 -1.72851e-6 0 1 1 -1.71497e-7 0 1 1.95996e-7 0 -1.97543e-6 0 1 1 -6.83213e-7 0 1 1.02482e-6 0 -1 7.46261e-7 0 -1 -5.83705e-7 0 1 -6.97866e-7 0 1 1.00374e-6 0 1 -7.1316e-7 0 1 9.83516e-7 0 1 -7.29142e-7 0 1 9.64088e-7 0 -5.90571e-7 0 1 4.25678e-7 0 1 -1 7.61931e-7 0 -1 -8.7929e-7 0 -1 1.06879e-6 0 -1 -6.09865e-7 0 -1 7.31224e-7 0 -1 -5.96498e-7 0 0.001904487 0 -0.9999982 0.001904487 0 -0.9999983 0.001904487 0 -0.9999983 0.001904487 0 -0.9999982 0 0 1</float_array>
          <technique_common>
            <accessor source="#Additional_Cup_holder_001-mesh-normals-array" count="53" stride="3">
              <param name="X" type="float"/>
              <param name="Y" type="float"/>
              <param name="Z" type="float"/>
            </accessor>
          </technique_common>
        </source>
        <source id="Additional_Cup_holder_001-mesh-map-0">
          <float_array id="Additional_Cup_holder_001-mesh-map-0-array" count="2730">0.360447 0.3106991 0.3355507 0.2054745 0.4391711 0.2054745 0.3355507 0.2309075 0.4391711 0.4369674 0.4391711 0.2309075 0.3355507 0.07492667 0.2319303 0.2309075 0.3355507 0.2309075 0.2573493 0.3106991 0.3111772 0.3106991 0.3355507 0.2435594 0.2573493 0.3106991 0.2319303 0.2054745 0.3355507 0.2054745 0.2319303 0.2309075 0.3355507 0.4369674 0.3355507 0.2309075 0.3000888 0.0423699 0.2137197 0.07492667 0.2137197 0.0423699 0.1283099 0.2435594 0.2319303 0.4369674 0.1283099 0.4369674 0.1542516 0.3106991 0.1283099 0.2054745 0.2319303 0.2054745 0.1283099 0.2309075 0.2319303 0.4369674 0.2319303 0.2309075 0.2137197 0.2054745 0.3173401 0.07492667 0.3173401 0.2309075 0.222436 0.2435594 0.3086239 0.4369674 0.222436 0.4369674 0.05115401 0.3106991 0.02468943 0.2054745 0.1283099 0.2054745 0.02468943 0.2309075 0.1283099 0.4369674 0.1283099 0.2309075 0.1283099 0.07492667 0.02468943 0.2309075 0.1283099 0.2309075 0.3355507 0.2435594 0.4304549 0.4369674 0.3355507 0.4369674 0.3173401 0.2309075 0.2137197 0.4369674 0.2137197 0.2054745 0.2137197 0.4369674 0.3173401 0.2309075 0.2137197 0.2054745 0.07746613 0.4231066 0.2137197 0.3194863 0.2137197 0.4231066 0.4391711 0.02627837 0.3355507 0.07492667 0.4391711 0.07492667 0.3173401 0.02627837 0.2137197 0.07492667 0.3173401 0.07492667 0.3355507 0.02627837 0.2319303 0.07492667 0.3355507 0.07492667 0.3000888 0.2158659 0.2137197 0.3194863 0.2137197 0.2158659 0.2319303 0.07492667 0.1283099 0.2309075 0.2319303 0.2309075 0.3000888 0.1122455 0.2137197 0.01864218 0.2137197 0.1122455 0.3173401 0.07492667 0.2137197 0.2054745 0.3173401 0.2309075 0.3000888 0.01864218 0.2137197 0.1122455 0.2137197 0.01864218 0.4391711 0.07492667 0.3355507 0.2309075 0.4391711 0.2309075 0.2137197 0.3194863 0.3173401 0.4231066 0.2137197 0.4231066 0.2137197 0.2158659 0.3173401 0.3194863 0.2137197 0.3194863 0.2137197 0.1122455 0.3173401 0.2158659 0.2137197 0.2158659 0.2137197 0.00862503 0.3173401 0.1122455 0.2137197 0.1122455 0.07746613 0.02627837 0.2137197 0.07492667 0.2137197 0.02627837 0.07746613 0.1122455 0.2137197 0.00862503 0.2137197 0.1122455 0.07746613 0.07492667 0.2137197 0.02627837 0.2137197 0.07492667 0.1283099 0.02627837 0.02468943 0.07492667 0.1283099 0.07492667 0.2137197 0.02627837 0.3173401 0.07492667 0.2137197 0.07492667 0.2319303 0.02627837 0.1283099 0.07492667 0.2319303 0.07492667 0.02468943 0.02627837 0.1283099 0.07492667 0.02468943 0.07492667 0.3355507 0.02627837 0.4391711 0.07492667 0.3355507 0.07492667 0.1283099 0.02627837 0.2319303 0.07492667 0.1283099 0.07492667 0.2319303 0.02627837 0.3355507 0.07492667 0.2319303 0.07492667 0.3000888 0.07492667 0.2137197 0.0423699 0.2137197 0.07492667 0.07746613 0.2158659 0.2137197 0.1122455 0.2137197 0.2158659 0.3355507 0.0423699 0.2319303 0.07492667 0.3355507 0.07492667 0.4291539 0.0423699 0.3355507 0.07492667 0.4291539 0.07492667 0.07746613 0.3194863 0.2137197 0.2158659 0.2137197 0.3194863 0.1283099 0.0423699 0.03470665 0.07492667 0.1283099 0.07492667 0.2137197 0.3982104 0.222436 0.4143904 0.222436 0.3982104 0.222436 0.3443826 0.2137197 0.3194863 0.2137197 0.3443826 0.2137197 0.4231066 0.3086239 0.4143904 0.222436 0.4143904 0.3086239 0.4143904 0.3173401 0.3194863 0.3086239 0.3194863 0.2137197 0.2951128 0.222436 0.3194863 0.222436 0.2951128 0.222436 0.2412849 0.2137197 0.2158659 0.2137197 0.2412849 0.3173401 0.3194863 0.3086239 0.2158659 0.3086239 0.3194863 0.2137197 0.192015 0.222436 0.2158659 0.222436 0.192015 0.222436 0.1381872 0.2137197 0.1122455 0.2137197 0.1381872 0.3173401 0.2158659 0.3086239 0.1122455 0.3086239 0.2158659 0.2137197 0.08891743 0.222436 0.1122455 0.222436 0.08891743 0.2137197 0.03508961 0.222436 0.01734119 0.2137197 0.00862503 0.3173401 0.1122455 0.3086239 0.01734119 0.3086239 0.1122455 0.3173401 0.00862503 0.222436 0.01734119 0.3086239 0.01734119 0.3086239 0.3194863 0.222436 0.4143904 0.3086239 0.4143904 0.3086239 0.2158659 0.222436 0.3194863 0.3086239 0.3194863 0.3086239 0.1122455 0.222436 0.2158659 0.3086239 0.2158659 0.3086239 0.01734119 0.222436 0.1122455 0.3086239 0.1122455 0.360447 0.3106991 0.4142748 0.3106991 0.4304549 0.2435594 0.1049818 0.3106991 0.1283099 0.2435594 0.03340566 0.2435594 0.2319303 0.2435594 0.3355507 0.4369674 0.2319303 0.4369674 0.3086239 0.2435594 0.222436 0.4369674 0.3086239 0.4369674 0.03340566 0.2435594 0.1283099 0.4369674 0.03340566 0.4369674 0.1542516 0.3106991 0.2080795 0.3106991 0.2319303 0.2435594 0.222436 0.3106991 0.2137197 0.4369674 0.222436 0.4369674 0.2137197 0.3106991 0.222436 0.4369674 0.2137197 0.4369674 0.222436 0.3982104 0.2137197 0.3443826 0.2137197 0.3982104 0.2137197 0.4369674 0.222436 0.3106991 0.2137197 0.3106991 0.2137197 0.4369674 0.222436 0.3106991 0.222436 0.4369674 0.2137197 0.2412849 0.222436 0.2951128 0.222436 0.2412849 0.222436 0.3106991 0.2137197 0.4369674 0.222436 0.4369674 0.2137197 0.3106991 0.222436 0.4369674 0.2137197 0.4369674 0.222436 0.192015 0.2137197 0.1381872 0.2137197 0.192015 0.222436 0.4369674 0.2137197 0.3106991 0.2137197 0.4369674 0.222436 0.4369674 0.2137197 0.3106991 0.222436 0.3106991 0.222436 0.08891743 0.2137197 0.03508961 0.2137197 0.08891743 0.4291539 0.1954573 0.3355507 0.2054745 0.3355507 0.1954573 0.3355507 0.2054745 0.2319303 0.1954573 0.3355507 0.1954573 0.2319303 0.2054745 0.1283099 0.1954573 0.2319303 0.1954573 0.07746613 0.3194863 0.08748334 0.4130895 0.08748334 0.3194863 0.1283099 0.2054745 0.03470665 0.1954573 0.1283099 0.1954573 0.4391711 0.07492667 0.4291539 0.1954573 0.4291539 0.07492667 0.03470665 0.1954573 0.02468943 0.07492667 0.03470665 0.07492667 0.08748334 0.4130895 0.2137197 0.4231066 0.2137197 0.4130895 0.2137197 0.00862503 0.08748334 0.01864218 0.2137197 0.01864218 0.08748334 0.01864218 0.07746613 0.1122455 0.08748334 0.1122455 0.07746613 0.2158659 0.08748334 0.3194863 0.08748334 0.2158659 0.07746613 0.1122455 0.08748334 0.2158659 0.08748334 0.1122455 0.08748334 0.01864218 0.2137197 0.1122455 0.2137197 0.01864218 0.08748334 0.3194863 0.2137197 0.4130895 0.2137197 0.3194863 0.08748334 0.1122455 0.2137197 0.2158659 0.2137197 0.1122455 0.08748334 0.2158659 0.2137197 0.3194863 0.2137197 0.2158659 0.2137197 0.0423699 0.08748334 0.07492667 0.2137197 0.07492667 0.2319303 0.0423699 0.1283099 0.07492667 0.2319303 0.07492667 0.3000888 0.3194863 0.2137197 0.4130895 0.2137197 0.3194863 0.08748334 0.0423699 0.2137197 0.07492667 0.08748334 0.07492667 0.3000888 0.07492667 0.2137197 0.1954573 0.2137197 0.07492667 0.3000888 0.3194863 0.2137197 0.2158659 0.2137197 0.3194863 0.03470665 0.07492667 0.1283099 0.1954573 0.03470665 0.1954573 0.2319303 0.07492667 0.3355507 0.1954573 0.2319303 0.1954573 0.1283099 0.07492667 0.2319303 0.1954573 0.1283099 0.1954573 0.3355507 0.07492667 0.4291539 0.1954573 0.3355507 0.1954573 0.1283099 0.0423699 0.2319303 0.07492667 0.1283099 0.07492667 0.03470665 0.0423699 0.1283099 0.07492667 0.03470665 0.07492667 0.3355507 0.0423699 0.4291539 0.07492667 0.3355507 0.07492667 0.2319303 0.0423699 0.3355507 0.07492667 0.2319303 0.07492667 0.3000888 0.4130895 0.2137197 0.3194863 0.2137197 0.4130895 0.3000888 0.1954573 0.2137197 0.07492667 0.2137197 0.1954573 0.3000888 0.2158659 0.2137197 0.1122455 0.2137197 0.2158659 0.3000888 0.1122455 0.2137197 0.2158659 0.2137197 0.1122455 0.3086239 0.4369674 0.222436 0.2435594 0.3086239 0.2435594 0.222436 0.2435594 0.3086239 0.4369674 0.3086239 0.2435594 0.3086239 0.4369674 0.222436 0.2435594 0.3086239 0.2435594 0.3000888 0.07492667 0.3000888 0.1954573 0.2137197 0.08731591 0.2137197 0.0423699 0.08748334 0.07492667 0.08748334 0.0423699 0.3000888 0.1954573 0.2137197 0.1954573 0.2137197 0.08731591 0.2137197 0.0423699 0.08748334 0.07492667 0.08748334 0.0423699 0.222436 0.2435594 0.3086239 0.4369674 0.3086239 0.2435594 0.3086239 0.4369674 0.222436 0.2435594 0.3086239 0.2435594 0.222436 0.2435594 0.3086239 0.4369674 0.3086239 0.2435594 0.3000888 0.07092642 0.2137197 0.03120368 0.2137197 0.08731591 0.2137197 0.03120368 0.08748334 0.07492667 0.2137197 0.08731591 0.3000888 0.1146494 0.3000888 0.07092642 0.2137197 0.08731591 0.2137197 0.03120368 0.08748334 0.07492667 0.2137197 0.08731591 0.360447 0.2396327 0.3355507 0.2001509 0.4391711 0.2001509 0.3355507 0.1999536 0.4391711 0.3207004 0.4391711 0.1999536 0.2573493 0.2396327 0.3111772 0.2396327 0.3355507 0.2126055 0.2573493 0.2396327 0.2319303 0.2001509 0.3355507 0.2001509 0.2319303 0.1999536 0.3355507 0.3207004 0.3355507 0.1999536 0.1283099 0.2126055 0.2319303 0.3207004 0.1283099 0.3207004 0.1542516 0.2396327 0.1283099 0.2001509 0.2319303 0.2001509 0.1283099 0.1999536 0.2319303 0.3207004 0.2319303 0.1999536 0.1204606 0.2126055 0.2066486 0.3207004 0.1204606 0.3207004 0.05115401 0.2396327 0.02468943 0.2001509 0.1283099 0.2001509 0.02468943 0.1999536 0.1283099 0.3207004 0.1283099 0.1999536 0.3355507 0.2126055 0.4304549 0.3207004 0.3355507 0.3207004 0.1117444 0.2001509 0.2153648 0.3207004 0.1117444 0.3207004 0.1117444 0.2001509 0.2153648 0.3207004 0.2153648 0.1999536 0.1117444 0.3982104 0.1204606 0.4143904 0.1204606 0.3982104 0.1204606 0.3443826 0.1117444 0.3194863 0.1117444 0.3443826 0.1117444 0.4231066 0.2066486 0.4143904 0.1204606 0.4143904 0.2066486 0.4143904 0.2153648 0.3194863 0.2066486 0.3194863 0.1117444 0.2951128 0.1204606 0.3194863 0.1204606 0.2951128 0.1204606 0.2412849 0.1117444 0.2158659 0.1117444 0.2412849 0.2153648 0.3194863 0.2066486 0.2158659 0.2066486 0.3194863 0.1117444 0.1920151 0.1204606 0.2158659 0.1204606 0.1920151 0.1204606 0.1381872 0.1117444 0.1122455 0.1117444 0.1381872 0.2153648 0.2158659 0.2066486 0.1122455 0.2066486 0.2158659 0.1117444 0.08891743 0.1204606 0.1122455 0.1204606 0.08891743 0.1117444 0.03508961 0.1204606 0.01734125 0.1117444 0.00862503 0.2153648 0.1122455 0.2066486 0.01734125 0.2066486 0.1122455 0.2153648 0.00862503 0.1204606 0.01734125 0.2066486 0.01734125 0.360447 0.2396327 0.4142748 0.2396327 0.4304549 0.2126055 0.1049818 0.2396327 0.1283099 0.2126055 0.03340572 0.2126055 0.2319303 0.2126055 0.3355507 0.3207004 0.2319303 0.3207004 0.2066486 0.2126055 0.1204606 0.3207004 0.2066486 0.3207004 0.03340572 0.2126055 0.1283099 0.3207004 0.03340572 0.3207004 0.1542516 0.2396327 0.2080795 0.2396327 0.2319303 0.2126055 0.1204606 0.2396327 0.1117444 0.3207004 0.1204606 0.3207004 0.1117444 0.2396327 0.1204606 0.3207004 0.1117444 0.3207004 0.1204606 0.3982104 0.1117444 0.3443826 0.1117444 0.3982104 0.1117444 0.3207004 0.1204606 0.2396327 0.1117444 0.2396327 0.1117444 0.3207004 0.1204606 0.2396327 0.1204606 0.3207004 0.1117444 0.2412849 0.1204606 0.2951128 0.1204606 0.2412849 0.1204606 0.2396327 0.1117444 0.3207004 0.1204606 0.3207004 0.1117444 0.2396327 0.1204606 0.3207004 0.1117444 0.3207004 0.1204606 0.1920151 0.1117444 0.1381872 0.1117444 0.1920151 0.1204606 0.3207004 0.1117444 0.2396327 0.1117444 0.3207004 0.1204606 0.3207004 0.1117444 0.2396327 0.1204606 0.2396327 0.1204606 0.08891743 0.1117444 0.03508961 0.1117444 0.08891743 0.2066486 0.3207004 0.1204606 0.2126055 0.2066486 0.2126055 0.2066486 0.3207004 0.1204606 0.2126055 0.2066486 0.2126055 0.1204606 0.2126055 0.2066486 0.3207004 0.2066486 0.2126055 0.1117444 0.3194863 0.2153648 0.2158659 0.2153648 0.3194863 0.1204606 0.3194863 0.2066486 0.3194863 0.2066486 0.2158659 0.1204606 0.2126055 0.2066486 0.3207004 0.2066486 0.2126055 0.1204606 0.2126055 0.2066486 0.3207004 0.2066486 0.2126055 0.2066486 0.3207004 0.1204606 0.2126055 0.2066486 0.2126055 0.4391711 0.2054745 0.4391711 0.4369674 0.4142748 0.3106991 0.4391711 0.4369674 0.4142748 0.4369674 0.4142748 0.3106991 0.360447 0.4369674 0.3355507 0.4369674 0.360447 0.3106991 0.3355507 0.4369674 0.3355507 0.2054745 0.360447 0.3106991 0.4391711 0.2054745 0.4142748 0.3106991 0.360447 0.3106991 0.3355507 0.2309075 0.3355507 0.4369674 0.4391711 0.4369674 0.3355507 0.07492667 0.2319303 0.07492667 0.2319303 0.2309075 0.2319303 0.2435594 0.2319303 0.4369674 0.2573493 0.3106991 0.2319303 0.4369674 0.2573493 0.4369674 0.2573493 0.3106991 0.3111772 0.4369674 0.3355507 0.4369674 0.3111772 0.3106991 0.3355507 0.4369674 0.3355507 0.2435594 0.3111772 0.3106991 0.2319303 0.2435594 0.2573493 0.3106991 0.3355507 0.2435594 0.3355507 0.2054745 0.3355507 0.4369674 0.3111772 0.3106991 0.3355507 0.4369674 0.3111772 0.4369674 0.3111772 0.3106991 0.2573493 0.4369674 0.2319303 0.4369674 0.2573493 0.3106991 0.2319303 0.4369674 0.2319303 0.2054745 0.2573493 0.3106991 0.3355507 0.2054745 0.3111772 0.3106991 0.2573493 0.3106991 0.2319303 0.2309075 0.2319303 0.4369674 0.3355507 0.4369674 0.3000888 0.0423699 0.3000888 0.07492667 0.2137197 0.07492667 0.1283099 0.2435594 0.2319303 0.2435594 0.2319303 0.4369674 0.2319303 0.2054745 0.2319303 0.4369674 0.2080795 0.3106991 0.2319303 0.4369674 0.2080795 0.4369674 0.2080795 0.3106991 0.1542516 0.4369674 0.1283099 0.4369674 0.1542516 0.3106991 0.1283099 0.4369674 0.1283099 0.2054745 0.1542516 0.3106991 0.2319303 0.2054745 0.2080795 0.3106991 0.1542516 0.3106991 0.1283099 0.2309075 0.1283099 0.4369674 0.2319303 0.4369674 0.2137197 0.2054745 0.2137197 0.07492667 0.3173401 0.07492667 0.222436 0.2435594 0.3086239 0.2435594 0.3086239 0.4369674 0.1283099 0.2054745 0.1283099 0.4369674 0.1049818 0.3106991 0.1283099 0.4369674 0.1049818 0.4369674 0.1049818 0.3106991 0.05115401 0.4369674 0.02468943 0.4369674 0.05115401 0.3106991 0.02468943 0.4369674 0.02468943 0.2054745 0.05115401 0.3106991 0.1283099 0.2054745 0.1049818 0.3106991 0.05115401 0.3106991 0.02468943 0.2309075 0.02468943 0.4369674 0.1283099 0.4369674 0.1283099 0.07492667 0.02468943 0.07492667 0.02468943 0.2309075 0.3355507 0.2435594 0.4304549 0.2435594 0.4304549 0.4369674 0.3173401 0.2309075 0.3173401 0.4369674 0.2137197 0.4369674 0.2137197 0.4369674 0.3173401 0.4369674 0.3173401 0.2309075 0.07746613 0.4231066 0.07746613 0.3194863 0.2137197 0.3194863 0.4391711 0.02627837 0.3355507 0.02627837 0.3355507 0.07492667 0.3173401 0.02627837 0.2137197 0.02627837 0.2137197 0.07492667 0.3355507 0.02627837 0.2319303 0.02627837 0.2319303 0.07492667 0.3000888 0.2158659 0.3000888 0.3194863 0.2137197 0.3194863 0.2319303 0.07492667 0.1283099 0.07492667 0.1283099 0.2309075 0.3000888 0.1122455 0.3000888 0.01864218 0.2137197 0.01864218 0.3173401 0.07492667 0.2137197 0.07492667 0.2137197 0.2054745 0.3000888 0.01864218 0.3000888 0.1122455 0.2137197 0.1122455 0.4391711 0.07492667 0.3355507 0.07492667 0.3355507 0.2309075 0.2137197 0.3194863 0.3173401 0.3194863 0.3173401 0.4231066 0.2137197 0.2158659 0.3173401 0.2158659 0.3173401 0.3194863 0.2137197 0.1122455 0.3173401 0.1122455 0.3173401 0.2158659 0.2137197 0.00862503 0.3173401 0.00862503 0.3173401 0.1122455 0.07746613 0.02627837 0.07746613 0.07492667 0.2137197 0.07492667 0.07746613 0.1122455 0.07746613 0.00862503 0.2137197 0.00862503 0.07746613 0.07492667 0.07746613 0.02627837 0.2137197 0.02627837 0.1283099 0.02627837 0.02468943 0.02627837 0.02468943 0.07492667 0.2137197 0.02627837 0.3173401 0.02627837 0.3173401 0.07492667 0.2319303 0.02627837 0.1283099 0.02627837 0.1283099 0.07492667 0.02468943 0.02627837 0.1283099 0.02627837 0.1283099 0.07492667 0.3355507 0.02627837 0.4391711 0.02627837 0.4391711 0.07492667 0.1283099 0.02627837 0.2319303 0.02627837 0.2319303 0.07492667 0.2319303 0.02627837 0.3355507 0.02627837 0.3355507 0.07492667 0.3000888 0.07492667 0.3000888 0.0423699 0.2137197 0.0423699 0.07746613 0.2158659 0.07746613 0.1122455 0.2137197 0.1122455 0.3355507 0.0423699 0.2319303 0.0423699 0.2319303 0.07492667 0.4291539 0.0423699 0.3355507 0.0423699 0.3355507 0.07492667 0.07746613 0.3194863 0.07746613 0.2158659 0.2137197 0.2158659 0.1283099 0.0423699 0.03470665 0.0423699 0.03470665 0.07492667 0.2137197 0.3982104 0.2137197 0.4231066 0.222436 0.4143904 0.222436 0.3443826 0.222436 0.3194863 0.2137197 0.3194863 0.2137197 0.4231066 0.3173401 0.4231066 0.3086239 0.4143904 0.3086239 0.4143904 0.3173401 0.4231066 0.3173401 0.3194863 0.2137197 0.2951128 0.2137197 0.3194863 0.222436 0.3194863 0.222436 0.2412849 0.222436 0.2158659 0.2137197 0.2158659 0.3173401 0.3194863 0.3173401 0.2158659 0.3086239 0.2158659 0.2137197 0.192015 0.2137197 0.2158659 0.222436 0.2158659 0.222436 0.1381872 0.222436 0.1122455 0.2137197 0.1122455 0.3173401 0.2158659 0.3173401 0.1122455 0.3086239 0.1122455 0.2137197 0.08891743 0.2137197 0.1122455 0.222436 0.1122455 0.2137197 0.03508961 0.222436 0.03508961 0.222436 0.01734119 0.3173401 0.1122455 0.3173401 0.00862503 0.3086239 0.01734119 0.3173401 0.00862503 0.2137197 0.00862503 0.222436 0.01734119 0.3086239 0.3194863 0.222436 0.3194863 0.222436 0.4143904 0.3086239 0.2158659 0.222436 0.2158659 0.222436 0.3194863 0.3086239 0.1122455 0.222436 0.1122455 0.222436 0.2158659 0.3086239 0.01734119 0.222436 0.01734119 0.222436 0.1122455 0.3355507 0.2435594 0.3355507 0.4369674 0.360447 0.3106991 0.3355507 0.4369674 0.360447 0.4369674 0.360447 0.3106991 0.4142748 0.4369674 0.4304549 0.4369674 0.4142748 0.3106991 0.4304549 0.4369674 0.4304549 0.2435594 0.4142748 0.3106991 0.3355507 0.2435594 0.360447 0.3106991 0.4304549 0.2435594 0.03340566 0.2435594 0.03340566 0.4369674 0.05115401 0.3106991 0.03340566 0.4369674 0.05115401 0.4369674 0.05115401 0.3106991 0.1049818 0.4369674 0.1283099 0.4369674 0.1049818 0.3106991 0.1283099 0.4369674 0.1283099 0.2435594 0.1049818 0.3106991 0.03340566 0.2435594 0.05115401 0.3106991 0.1049818 0.3106991 0.2319303 0.2435594 0.3355507 0.2435594 0.3355507 0.4369674 0.3086239 0.2435594 0.222436 0.2435594 0.222436 0.4369674 0.03340566 0.2435594 0.1283099 0.2435594 0.1283099 0.4369674 0.1283099 0.2435594 0.1283099 0.4369674 0.1542516 0.3106991 0.1283099 0.4369674 0.1542516 0.4369674 0.1542516 0.3106991 0.2080795 0.4369674 0.2319303 0.4369674 0.2080795 0.3106991 0.2319303 0.4369674 0.2319303 0.2435594 0.2080795 0.3106991 0.1283099 0.2435594 0.1542516 0.3106991 0.2319303 0.2435594 0.222436 0.3106991 0.2137197 0.3106991 0.2137197 0.4369674 0.2137197 0.3106991 0.222436 0.3106991 0.222436 0.4369674 0.222436 0.3982104 0.222436 0.3443826 0.2137197 0.3443826 0.2137197 0.4369674 0.222436 0.4369674 0.222436 0.3106991 0.2137197 0.4369674 0.2137197 0.3106991 0.222436 0.3106991 0.2137197 0.2412849 0.2137197 0.2951128 0.222436 0.2951128 0.222436 0.3106991 0.2137197 0.3106991 0.2137197 0.4369674 0.2137197 0.3106991 0.222436 0.3106991 0.222436 0.4369674 0.222436 0.192015 0.222436 0.1381872 0.2137197 0.1381872 0.222436 0.4369674 0.222436 0.3106991 0.2137197 0.3106991 0.222436 0.4369674 0.2137197 0.4369674 0.2137197 0.3106991 0.222436 0.08891743 0.222436 0.03508961 0.2137197 0.03508961 0.4291539 0.1954573 0.4391711 0.2054745 0.3355507 0.2054745 0.3355507 0.2054745 0.2319303 0.2054745 0.2319303 0.1954573 0.2319303 0.2054745 0.1283099 0.2054745 0.1283099 0.1954573 0.07746613 0.3194863 0.07746613 0.4231066 0.08748334 0.4130895 0.1283099 0.2054745 0.02468943 0.2054745 0.03470665 0.1954573 0.4391711 0.07492667 0.4391711 0.2054745 0.4291539 0.1954573 0.03470665 0.1954573 0.02468943 0.2054745 0.02468943 0.07492667 0.08748334 0.4130895 0.07746613 0.4231066 0.2137197 0.4231066 0.2137197 0.00862503 0.07746613 0.00862503 0.08748334 0.01864218 0.08748334 0.01864218 0.07746613 0.00862503 0.07746613 0.1122455 0.07746613 0.2158659 0.07746613 0.3194863 0.08748334 0.3194863 0.07746613 0.1122455 0.07746613 0.2158659 0.08748334 0.2158659 0.08748334 0.01864218 0.08748334 0.1122455 0.2137197 0.1122455 0.08748334 0.3194863 0.08748334 0.4130895 0.2137197 0.4130895 0.08748334 0.1122455 0.08748334 0.2158659 0.2137197 0.2158659 0.08748334 0.2158659 0.08748334 0.3194863 0.2137197 0.3194863 0.2137197 0.0423699 0.08748334 0.0423699 0.08748334 0.07492667 0.2319303 0.0423699 0.1283099 0.0423699 0.1283099 0.07492667 0.3000888 0.3194863 0.3000888 0.4130895 0.2137197 0.4130895 0.08748334 0.0423699 0.2137197 0.0423699 0.2137197 0.07492667 0.3000888 0.07492667 0.3000888 0.1954573 0.2137197 0.1954573 0.3000888 0.3194863 0.3000888 0.2158659 0.2137197 0.2158659 0.03470665 0.07492667 0.1283099 0.07492667 0.1283099 0.1954573 0.2319303 0.07492667 0.3355507 0.07492667 0.3355507 0.1954573 0.1283099 0.07492667 0.2319303 0.07492667 0.2319303 0.1954573 0.3355507 0.07492667 0.4291539 0.07492667 0.4291539 0.1954573 0.1283099 0.0423699 0.2319303 0.0423699 0.2319303 0.07492667 0.03470665 0.0423699 0.1283099 0.0423699 0.1283099 0.07492667 0.3355507 0.0423699 0.4291539 0.0423699 0.4291539 0.07492667 0.2319303 0.0423699 0.3355507 0.0423699 0.3355507 0.07492667 0.3000888 0.4130895 0.3000888 0.3194863 0.2137197 0.3194863 0.3000888 0.1954573 0.3000888 0.07492667 0.2137197 0.07492667 0.3000888 0.2158659 0.3000888 0.1122455 0.2137197 0.1122455 0.3000888 0.1122455 0.3000888 0.2158659 0.2137197 0.2158659 0.3086239 0.4369674 0.222436 0.4369674 0.222436 0.2435594 0.222436 0.2435594 0.222436 0.4369674 0.3086239 0.4369674 0.3086239 0.4369674 0.222436 0.4369674 0.222436 0.2435594 0.3000888 0.1954573 0.2137197 0.1954573 0.2137197 0.08731591 0.2137197 0.08731591 0.2137197 0.0423699 0.3000888 0.07492667 0.2137197 0.0423699 0.3000888 0.0423699 0.3000888 0.07492667 0.2137197 0.0423699 0.2137197 0.08731591 0.08748334 0.07492667 0.2137197 0.08731591 0.2137197 0.0423699 0.3000888 0.07492667 0.2137197 0.0423699 0.3000888 0.0423699 0.3000888 0.07492667 0.3000888 0.07492667 0.3000888 0.1954573 0.2137197 0.08731591 0.2137197 0.0423699 0.2137197 0.08731591 0.08748334 0.07492667 0.222436 0.2435594 0.222436 0.4369674 0.3086239 0.4369674 0.3086239 0.4369674 0.222436 0.4369674 0.222436 0.2435594 0.222436 0.2435594 0.222436 0.4369674 0.3086239 0.4369674 0.2137197 0.08731591 0.2137197 0.1954573 0.3000888 0.1146494 0.2137197 0.1954573 0.3000888 0.1954573 0.3000888 0.1146494 0.3000888 0.1146494 0.3000888 0.07092642 0.2137197 0.08731591 0.2137197 0.03120368 0.08748334 0.03120368 0.08748334 0.07492667 0.3000888 0.07092642 0.2137197 0.03120368 0.2137197 0.08731591 0.2137197 0.08731591 0.2137197 0.1954573 0.3000888 0.1146494 0.2137197 0.1954573 0.3000888 0.1954573 0.3000888 0.1146494 0.2137197 0.03120368 0.08748334 0.03120368 0.08748334 0.07492667 0.4391711 0.2001509 0.4391711 0.3207004 0.4142748 0.2396327 0.4391711 0.3207004 0.4142748 0.3207004 0.4142748 0.2396327 0.360447 0.3207004 0.3355507 0.3207004 0.360447 0.2396327 0.3355507 0.3207004 0.3355507 0.2001509 0.360447 0.2396327 0.4391711 0.2001509 0.4142748 0.2396327 0.360447 0.2396327 0.3355507 0.1999536 0.3355507 0.3207004 0.4391711 0.3207004 0.2319303 0.2126055 0.2319303 0.3207004 0.2573493 0.2396327 0.2319303 0.3207004 0.2573493 0.3207004 0.2573493 0.2396327 0.3111772 0.3207004 0.3355507 0.3207004 0.3111772 0.2396327 0.3355507 0.3207004 0.3355507 0.2126055 0.3111772 0.2396327 0.2319303 0.2126055 0.2573493 0.2396327 0.3355507 0.2126055 0.3355507 0.2001509 0.3355507 0.3207004 0.3111772 0.2396327 0.3355507 0.3207004 0.3111772 0.3207004 0.3111772 0.2396327 0.2573493 0.3207004 0.2319303 0.3207004 0.2573493 0.2396327 0.2319303 0.3207004 0.2319303 0.2001509 0.2573493 0.2396327 0.3355507 0.2001509 0.3111772 0.2396327 0.2573493 0.2396327 0.2319303 0.1999536 0.2319303 0.3207004 0.3355507 0.3207004 0.1283099 0.2126055 0.2319303 0.2126055 0.2319303 0.3207004 0.2319303 0.2001509 0.2319303 0.3207004 0.2080795 0.2396327 0.2319303 0.3207004 0.2080795 0.3207004 0.2080795 0.2396327 0.1542516 0.3207004 0.1283099 0.3207004 0.1542516 0.2396327 0.1283099 0.3207004 0.1283099 0.2001509 0.1542516 0.2396327 0.2319303 0.2001509 0.2080795 0.2396327 0.1542516 0.2396327 0.1283099 0.1999536 0.1283099 0.3207004 0.2319303 0.3207004 0.1204606 0.2126055 0.2066486 0.2126055 0.2066486 0.3207004 0.1283099 0.2001509 0.1283099 0.3207004 0.1049818 0.2396327 0.1283099 0.3207004 0.1049818 0.3207004 0.1049818 0.2396327 0.05115401 0.3207004 0.02468943 0.3207004 0.05115401 0.2396327 0.02468943 0.3207004 0.02468943 0.2001509 0.05115401 0.2396327 0.1283099 0.2001509 0.1049818 0.2396327 0.05115401 0.2396327 0.02468943 0.1999536 0.02468943 0.3207004 0.1283099 0.3207004 0.3355507 0.2126055 0.4304549 0.2126055 0.4304549 0.3207004 0.1117444 0.2001509 0.2153648 0.1999536 0.2153648 0.3207004 0.1117444 0.2001509 0.1117444 0.3207004 0.2153648 0.3207004 0.1117444 0.3982104 0.1117444 0.4231066 0.1204606 0.4143904 0.1204606 0.3443826 0.1204606 0.3194863 0.1117444 0.3194863 0.1117444 0.4231066 0.2153648 0.4231066 0.2066486 0.4143904 0.2066486 0.4143904 0.2153648 0.4231066 0.2153648 0.3194863 0.1117444 0.2951128 0.1117444 0.3194863 0.1204606 0.3194863 0.1204606 0.2412849 0.1204606 0.2158659 0.1117444 0.2158659 0.2153648 0.3194863 0.2153648 0.2158659 0.2066486 0.2158659 0.1117444 0.1920151 0.1117444 0.2158659 0.1204606 0.2158659 0.1204606 0.1381872 0.1204606 0.1122455 0.1117444 0.1122455 0.2153648 0.2158659 0.2153648 0.1122455 0.2066486 0.1122455 0.1117444 0.08891743 0.1117444 0.1122455 0.1204606 0.1122455 0.1117444 0.03508961 0.1204606 0.03508961 0.1204606 0.01734125 0.2153648 0.1122455 0.2153648 0.00862503 0.2066486 0.01734125 0.2153648 0.00862503 0.1117444 0.00862503 0.1204606 0.01734125 0.3355507 0.2126055 0.3355507 0.3207004 0.360447 0.2396327 0.3355507 0.3207004 0.360447 0.3207004 0.360447 0.2396327 0.4142748 0.3207004 0.4304549 0.3207004 0.4142748 0.2396327 0.4304549 0.3207004 0.4304549 0.2126055 0.4142748 0.2396327 0.3355507 0.2126055 0.360447 0.2396327 0.4304549 0.2126055 0.03340572 0.2126055 0.03340572 0.3207004 0.05115401 0.2396327 0.03340572 0.3207004 0.05115401 0.3207004 0.05115401 0.2396327 0.1049818 0.3207004 0.1283099 0.3207004 0.1049818 0.2396327 0.1283099 0.3207004 0.1283099 0.2126055 0.1049818 0.2396327 0.03340572 0.2126055 0.05115401 0.2396327 0.1049818 0.2396327 0.2319303 0.2126055 0.3355507 0.2126055 0.3355507 0.3207004 0.2066486 0.2126055 0.1204606 0.2126055 0.1204606 0.3207004 0.03340572 0.2126055 0.1283099 0.2126055 0.1283099 0.3207004 0.1283099 0.2126055 0.1283099 0.3207004 0.1542516 0.2396327 0.1283099 0.3207004 0.1542516 0.3207004 0.1542516 0.2396327 0.2080795 0.3207004 0.2319303 0.3207004 0.2080795 0.2396327 0.2319303 0.3207004 0.2319303 0.2126055 0.2080795 0.2396327 0.1283099 0.2126055 0.1542516 0.2396327 0.2319303 0.2126055 0.1204606 0.2396327 0.1117444 0.2396327 0.1117444 0.3207004 0.1117444 0.2396327 0.1204606 0.2396327 0.1204606 0.3207004 0.1204606 0.3982104 0.1204606 0.3443826 0.1117444 0.3443826 0.1117444 0.3207004 0.1204606 0.3207004 0.1204606 0.2396327 0.1117444 0.3207004 0.1117444 0.2396327 0.1204606 0.2396327 0.1117444 0.2412849 0.1117444 0.2951128 0.1204606 0.2951128 0.1204606 0.2396327 0.1117444 0.2396327 0.1117444 0.3207004 0.1117444 0.2396327 0.1204606 0.2396327 0.1204606 0.3207004 0.1204606 0.1920151 0.1204606 0.1381872 0.1117444 0.1381872 0.1204606 0.3207004 0.1204606 0.2396327 0.1117444 0.2396327 0.1204606 0.3207004 0.1117444 0.3207004 0.1117444 0.2396327 0.1204606 0.08891743 0.1204606 0.03508961 0.1117444 0.03508961 0.2066486 0.3207004 0.1204606 0.3207004 0.1204606 0.2126055 0.2066486 0.3207004 0.1204606 0.3207004 0.1204606 0.2126055 0.1204606 0.2126055 0.1204606 0.3207004 0.2066486 0.3207004 0.1117444 0.1122455 0.1117444 0.00862503 0.2153648 0.00862503 0.1117444 0.1122455 0.2153648 0.00862503 0.2153648 0.1122455 0.1117444 0.2158659 0.1117444 0.1122455 0.2153648 0.1122455 0.1117444 0.2158659 0.2153648 0.1122455 0.2153648 0.2158659 0.2153648 0.4231066 0.1117444 0.4231066 0.1117444 0.3194863 0.1117444 0.3194863 0.1117444 0.2158659 0.2153648 0.2158659 0.2153648 0.3194863 0.2153648 0.4231066 0.1117444 0.3194863 0.2066486 0.1122455 0.2066486 0.01734125 0.1204606 0.01734125 0.2066486 0.1122455 0.1204606 0.01734125 0.1204606 0.1122455 0.2066486 0.2158659 0.2066486 0.1122455 0.1204606 0.1122455 0.1204606 0.3194863 0.1204606 0.4143904 0.2066486 0.4143904 0.2066486 0.2158659 0.1204606 0.1122455 0.1204606 0.3194863 0.1204606 0.3194863 0.2066486 0.4143904 0.2066486 0.3194863 0.1204606 0.2126055 0.1204606 0.3207004 0.2066486 0.3207004 0.1204606 0.2126055 0.1204606 0.3207004 0.2066486 0.3207004 0.2066486 0.3207004 0.1204606 0.3207004 0.1204606 0.2126055</float_array>
          <technique_common>
            <accessor source="#Additional_Cup_holder_001-mesh-map-0-array" count="1365" stride="2">
              <param name="S" type="float"/>
              <param name="T" type="float"/>
            </accessor>
          </technique_common>
        </source>
        <vertices id="Additional_Cup_holder_001-mesh-vertices">
          <input semantic="POSITION" source="#Additional_Cup_holder_001-mesh-positions"/>
        </vertices>
        <triangles material="Additional_Cup_holder-material" count="455">
          <input semantic="VERTEX" source="#Additional_Cup_holder_001-mesh-vertices" offset="0"/>
          <input semantic="NORMAL" source="#Additional_Cup_holder_001-mesh-normals" offset="1"/>
          <input semantic="TEXCOORD" source="#Additional_Cup_holder_001-mesh-map-0" offset="2" set="0"/>
          <p>69 0 0 99 0 1 100 0 2 4 1 3 49 1 4 6 1 5 22 1 6 10 1 7 4 1 8 73 1 9 74 1 10 58 1 11 77 0 12 101 0 13 99 0 14 10 1 15 50 1 16 4 1 17 135 2 18 25 2 19 117 2 20 61 0 21 11 0 22 15 0 23 81 0 24 102 0 25 101 0 26 14 1 27 52 1 28 10 1 29 100 2 30 21 2 31 6 2 32 65 2 33 19 2 34 17 2 35 85 0 36 105 0 37 102 0 38 18 1 39 54 1 40 14 1 41 24 1 42 18 1 43 14 1 44 57 0 45 7 0 46 5 0 47 6 2 48 48 2 49 100 2 50 55 3 51 18 3 52 105 3 53 43 4 54 28 4 55 27 4 56 29 1 57 22 1 58 21 1 59 36 3 60 107 3 61 26 3 62 30 1 63 23 1 64 22 1 65 123 4 66 0 4 67 8 4 68 23 1 69 14 1 70 10 1 71 134 5 72 117 5 73 116 5 74 26 3 75 105 3 76 18 3 77 130 4 78 12 4 79 16 4 80 21 1 81 4 1 82 6 1 83 28 4 84 29 4 85 27 4 86 31 4 87 30 4 88 28 4 89 33 4 90 32 4 91 31 4 92 35 4 93 34 4 94 33 4 95 40 3 96 107 3 97 35 3 98 46 4 99 35 4 100 33 4 101 103 2 102 27 2 103 106 2 104 34 1 105 26 1 106 24 1 107 27 2 108 21 2 109 106 2 110 32 1 111 24 1 112 23 1 113 40 0 114 109 0 115 108 0 116 44 0 117 103 0 118 104 0 119 46 0 120 41 0 121 109 0 122 45 0 123 104 0 124 41 0 125 127 3 126 113 3 127 20 3 128 45 4 129 33 4 130 31 4 131 115 1 132 110 1 133 38 1 134 119 1 135 38 1 136 37 1 137 44 4 138 31 4 139 28 4 140 118 1 141 39 1 142 42 1 143 67 5 144 3 5 145 88 5 146 87 5 147 47 5 148 68 5 149 48 5 150 7 5 151 3 5 152 7 5 153 50 5 154 5 5 155 75 5 156 1 5 157 71 5 158 72 5 159 51 5 160 76 5 161 50 5 162 11 5 163 5 5 164 79 5 165 9 5 166 90 5 167 89 5 168 53 5 169 80 5 170 52 5 171 15 5 172 11 5 173 83 5 174 13 5 175 92 5 176 84 5 177 17 5 178 55 5 179 54 5 180 19 5 181 15 5 182 56 5 183 17 5 184 19 5 185 57 5 186 63 5 187 64 5 188 59 5 189 58 5 190 57 5 191 61 5 192 60 5 193 59 5 194 66 5 195 62 5 196 61 5 197 93 1 198 94 1 199 63 1 200 96 1 201 62 1 202 65 1 203 59 0 204 5 0 205 11 0 206 64 3 207 3 3 208 7 3 209 66 0 210 15 0 211 19 0 212 97 1 213 98 1 214 60 1 215 94 3 216 67 3 217 88 3 218 69 2 219 87 2 220 68 2 221 94 5 222 69 5 223 70 5 224 75 3 225 74 3 226 78 3 227 76 2 228 73 2 229 72 2 230 77 5 231 74 5 232 73 5 233 98 3 234 79 3 235 90 3 236 81 2 237 89 2 238 80 2 239 98 5 240 81 5 241 82 5 242 92 3 243 86 3 244 83 3 245 91 2 246 85 2 247 95 2 248 96 5 249 85 5 250 86 5 251 2 0 252 99 0 253 0 0 254 99 0 255 8 0 256 0 0 257 101 0 258 12 0 259 8 0 260 104 5 261 37 5 262 38 5 263 102 0 264 16 0 265 12 0 266 106 0 267 2 0 268 20 0 269 16 0 270 107 0 271 25 0 272 37 5 273 106 5 274 20 5 275 107 5 276 39 5 277 25 5 278 39 5 279 109 5 280 42 5 281 41 5 282 38 5 283 110 5 284 109 5 285 110 5 286 42 5 287 120 5 288 116 5 289 117 5 290 115 5 291 113 5 292 114 5 293 118 5 294 111 5 295 116 5 296 112 5 297 114 5 298 111 5 299 113 3 300 37 3 301 20 3 302 112 1 303 42 1 304 110 1 305 121 4 306 2 4 307 0 4 308 120 2 309 25 2 310 39 2 311 128 2 312 16 2 313 25 2 314 132 5 315 111 5 316 114 5 317 128 0 318 125 0 319 130 0 320 124 0 321 121 0 322 123 0 323 126 0 324 123 0 325 125 0 326 122 0 327 129 0 328 121 0 329 134 0 330 124 0 331 126 0 332 135 0 333 126 0 334 128 0 335 132 0 336 127 0 337 122 0 338 133 0 339 122 0 340 124 0 341 131 5 342 114 5 343 113 5 344 129 3 345 20 3 346 2 3 347 133 5 348 116 5 349 111 5 350 125 4 351 8 4 352 12 4 353 5 2 354 58 2 355 57 2 356 60 3 357 11 3 358 59 3 359 15 2 360 62 2 361 61 2 362 124 2 363 123 2 364 136 2 365 111 2 366 110 2 367 112 2 368 125 2 369 12 2 370 137 2 371 116 2 372 42 2 373 118 2 374 148 3 375 139 3 376 147 3 377 142 2 378 150 2 379 149 2 380 152 3 381 145 3 382 151 3 383 162 3 384 154 3 385 164 3 386 154 3 387 153 3 388 164 3 389 161 3 390 163 3 391 165 3 392 156 3 393 146 3 394 165 3 395 203 0 396 233 0 397 234 0 398 168 1 399 183 1 400 170 1 401 207 1 402 208 1 403 192 1 404 211 0 405 235 0 406 233 0 407 173 1 408 184 1 409 168 1 410 195 0 411 174 0 412 177 0 413 215 0 414 236 0 415 235 0 416 176 1 417 186 1 418 173 1 419 199 2 420 180 2 421 178 2 422 219 0 423 237 0 424 236 0 425 179 1 426 188 1 427 176 1 428 191 0 429 171 0 430 169 0 431 234 2 432 183 2 433 182 2 434 237 3 435 190 3 436 179 3 437 201 5 438 167 5 439 222 5 440 221 5 441 181 5 442 202 5 443 182 5 444 171 5 445 167 5 446 171 5 447 184 5 448 169 5 449 209 5 450 166 5 451 205 5 452 206 5 453 185 5 454 210 5 455 184 5 456 174 5 457 169 5 458 213 5 459 172 5 460 224 5 461 223 5 462 187 5 463 214 5 464 186 5 465 177 5 466 174 5 467 217 5 468 175 5 469 226 5 470 218 6 471 178 6 472 189 6 473 188 5 474 180 5 475 177 5 476 190 5 477 178 5 478 180 5 479 227 1 480 228 1 481 197 1 482 230 1 483 196 1 484 199 1 485 193 0 486 169 0 487 174 0 488 198 3 489 167 3 490 171 3 491 200 0 492 177 0 493 180 0 494 231 1 495 232 1 496 194 1 497 228 3 498 201 3 499 222 3 500 203 2 501 221 2 502 202 2 503 228 5 504 203 5 505 204 5 506 209 3 507 208 3 508 212 3 509 210 2 510 207 2 511 206 2 512 211 5 513 208 5 514 207 5 515 232 3 516 213 3 517 224 3 518 215 2 519 223 2 520 214 2 521 232 5 522 215 5 523 216 5 524 226 3 525 220 3 526 217 3 527 225 2 528 219 2 529 229 2 530 230 5 531 219 5 532 220 5 533 169 2 534 192 2 535 191 2 536 174 2 537 194 2 538 193 2 539 196 3 540 177 3 541 195 3 542 233 7 543 173 7 544 168 7 545 192 5 546 191 5 547 193 5 548 245 3 549 239 3 550 244 3 551 247 3 552 241 3 553 246 3 554 243 2 555 249 2 556 248 2 557 100 8 558 48 8 559 70 8 560 48 0 561 67 0 562 70 0 563 68 0 564 47 0 565 69 0 566 47 9 567 99 9 568 69 9 569 100 0 570 70 0 571 69 0 572 4 1 573 50 1 574 49 1 575 22 1 576 23 1 577 10 1 578 60 10 579 9 10 580 73 10 581 9 1 582 72 1 583 73 1 584 71 1 585 1 1 586 74 1 587 1 11 588 58 11 589 74 11 590 60 1 591 73 1 592 58 1 593 99 12 594 47 12 595 78 12 596 47 0 597 75 0 598 78 0 599 76 0 600 51 0 601 77 0 602 51 13 603 101 13 604 77 13 605 99 0 606 78 0 607 77 0 608 10 1 609 52 1 610 50 1 611 135 2 612 128 2 613 25 2 614 61 0 615 59 0 616 11 0 617 101 14 618 51 14 619 82 14 620 51 0 621 79 0 622 82 0 623 80 0 624 53 0 625 81 0 626 53 15 627 102 15 628 81 15 629 101 0 630 82 0 631 81 0 632 14 1 633 54 1 634 52 1 635 100 2 636 106 2 637 21 2 638 65 2 639 66 2 640 19 2 641 102 16 642 53 16 643 86 16 644 53 0 645 83 0 646 86 0 647 84 0 648 55 0 649 85 0 650 55 17 651 105 17 652 85 17 653 102 0 654 86 0 655 85 0 656 18 1 657 56 1 658 54 1 659 24 1 660 26 1 661 18 1 662 57 0 663 64 0 664 7 0 665 6 2 666 49 2 667 48 2 668 55 3 669 56 3 670 18 3 671 43 4 672 44 4 673 28 4 674 29 1 675 30 1 676 22 1 677 36 3 678 35 3 679 107 3 680 30 1 681 32 1 682 23 1 683 123 4 684 121 4 685 0 4 686 23 1 687 24 1 688 14 1 689 134 5 690 135 5 691 117 5 692 26 3 693 107 3 694 105 3 695 130 4 696 125 4 697 12 4 698 21 1 699 22 1 700 4 1 701 28 4 702 30 4 703 29 4 704 31 4 705 32 4 706 30 4 707 33 4 708 34 4 709 32 4 710 35 4 711 36 4 712 34 4 713 40 3 714 108 3 715 107 3 716 46 4 717 40 4 718 35 4 719 103 2 720 43 2 721 27 2 722 34 1 723 36 1 724 26 1 725 27 2 726 29 2 727 21 2 728 32 1 729 34 1 730 24 1 731 40 0 732 46 0 733 109 0 734 44 0 735 43 0 736 103 0 737 46 0 738 45 0 739 41 0 740 45 0 741 44 0 742 104 0 743 127 3 744 131 3 745 113 3 746 45 4 747 46 4 748 33 4 749 115 1 750 112 1 751 110 1 752 119 1 753 115 1 754 38 1 755 44 4 756 45 4 757 31 4 758 118 1 759 120 1 760 39 1 761 67 5 762 48 5 763 3 5 764 87 5 765 1 5 766 47 5 767 48 5 768 49 5 769 7 5 770 7 18 771 49 18 772 50 18 773 75 5 774 47 5 775 1 5 776 72 5 777 9 5 778 51 5 779 50 5 780 52 5 781 11 5 782 79 5 783 51 5 784 9 5 785 89 5 786 13 5 787 53 5 788 52 5 789 54 5 790 15 5 791 83 5 792 53 5 793 13 5 794 84 5 795 91 5 796 17 5 797 54 19 798 56 19 799 19 19 800 56 5 801 55 5 802 17 5 803 57 5 804 58 5 805 63 5 806 59 5 807 60 5 808 58 5 809 61 5 810 62 5 811 60 5 812 66 5 813 65 5 814 62 5 815 58 20 816 1 20 817 93 20 818 1 1 819 87 1 820 93 1 821 88 1 822 3 1 823 94 1 824 3 21 825 63 21 826 94 21 827 58 1 828 93 1 829 63 1 830 65 22 831 17 22 832 95 22 833 17 1 834 91 1 835 95 1 836 92 1 837 13 1 838 96 1 839 13 23 840 62 23 841 96 23 842 65 1 843 95 1 844 96 1 845 59 0 846 57 0 847 5 0 848 64 3 849 63 3 850 3 3 851 66 0 852 61 0 853 15 0 854 62 24 855 13 24 856 97 24 857 13 1 858 89 1 859 97 1 860 90 1 861 9 1 862 98 1 863 9 25 864 60 25 865 98 25 866 62 1 867 97 1 868 60 1 869 94 3 870 70 3 871 67 3 872 69 2 873 93 2 874 87 2 875 94 5 876 93 5 877 69 5 878 75 3 879 71 3 880 74 3 881 76 2 882 77 2 883 73 2 884 77 5 885 78 5 886 74 5 887 98 3 888 82 3 889 79 3 890 81 2 891 97 2 892 89 2 893 98 5 894 97 5 895 81 5 896 92 3 897 96 3 898 86 3 899 91 2 900 84 2 901 85 2 902 96 5 903 95 5 904 85 5 905 2 0 906 100 0 907 99 0 908 99 0 909 101 0 910 8 0 911 101 0 912 102 0 913 12 0 914 104 26 915 103 26 916 37 26 917 102 0 918 105 0 919 16 0 920 106 27 921 100 27 922 2 27 923 16 28 924 105 28 925 107 28 926 37 5 927 103 5 928 106 5 929 107 5 930 108 5 931 39 5 932 39 29 933 108 29 934 109 29 935 41 5 936 104 5 937 38 5 938 109 5 939 41 5 940 110 5 941 120 5 942 118 5 943 116 5 944 115 5 945 119 5 946 113 5 947 118 5 948 112 5 949 111 5 950 112 5 951 115 5 952 114 5 953 113 3 954 119 3 955 37 3 956 112 1 957 118 1 958 42 1 959 121 4 960 129 4 961 2 4 962 120 2 963 117 2 964 25 2 965 128 2 966 130 2 967 16 2 968 132 5 969 133 5 970 111 5 971 128 0 972 126 0 973 125 0 974 124 0 975 122 0 976 121 0 977 126 0 978 124 0 979 123 0 980 122 0 981 127 0 982 129 0 983 134 0 984 133 0 985 124 0 986 135 0 987 134 0 988 126 0 989 132 0 990 131 0 991 127 0 992 133 0 993 132 0 994 122 0 995 131 5 996 132 5 997 114 5 998 129 3 999 127 3 1000 20 3 1001 133 5 1002 134 5 1003 116 5 1004 125 4 1005 123 4 1006 8 4 1007 5 2 1008 1 2 1009 58 2 1010 60 3 1011 9 3 1012 11 3 1013 15 2 1014 13 2 1015 62 2 1016 123 2 1017 8 2 1018 136 2 1019 136 2 1020 111 2 1021 124 2 1022 111 2 1023 133 2 1024 124 2 1025 111 2 1026 136 2 1027 110 2 1028 137 2 1029 116 2 1030 126 2 1031 116 2 1032 134 2 1033 126 2 1034 126 2 1035 125 2 1036 137 2 1037 116 2 1038 137 2 1039 42 2 1040 148 3 1041 138 3 1042 139 3 1043 142 2 1044 141 2 1045 150 2 1046 152 3 1047 144 3 1048 145 3 1049 164 3 1050 140 3 1051 159 3 1052 140 3 1053 158 3 1054 159 3 1055 159 3 1056 162 3 1057 164 3 1058 154 3 1059 155 3 1060 153 3 1061 163 3 1062 156 3 1063 165 3 1064 165 3 1065 143 3 1066 161 3 1067 143 3 1068 160 3 1069 161 3 1070 156 3 1071 157 3 1072 146 3 1073 234 30 1074 182 30 1075 204 30 1076 182 0 1077 201 0 1078 204 0 1079 202 0 1080 181 0 1081 203 0 1082 181 31 1083 233 31 1084 203 31 1085 234 0 1086 204 0 1087 203 0 1088 168 1 1089 184 1 1090 183 1 1091 194 32 1092 172 32 1093 207 32 1094 172 1 1095 206 1 1096 207 1 1097 205 1 1098 166 1 1099 208 1 1100 166 33 1101 192 33 1102 208 33 1103 194 1 1104 207 1 1105 192 1 1106 233 34 1107 181 34 1108 212 34 1109 181 0 1110 209 0 1111 212 0 1112 210 0 1113 185 0 1114 211 0 1115 185 35 1116 235 35 1117 211 35 1118 233 0 1119 212 0 1120 211 0 1121 173 1 1122 186 1 1123 184 1 1124 195 0 1125 193 0 1126 174 0 1127 235 36 1128 185 36 1129 216 36 1130 185 0 1131 213 0 1132 216 0 1133 214 0 1134 187 0 1135 215 0 1136 187 37 1137 236 37 1138 215 37 1139 235 0 1140 216 0 1141 215 0 1142 176 1 1143 188 1 1144 186 1 1145 199 2 1146 200 2 1147 180 2 1148 236 38 1149 187 38 1150 220 38 1151 187 0 1152 217 0 1153 220 0 1154 218 0 1155 189 0 1156 219 0 1157 189 39 1158 237 39 1159 219 39 1160 236 0 1161 220 0 1162 219 0 1163 179 1 1164 190 1 1165 188 1 1166 191 0 1167 198 0 1168 171 0 1169 234 2 1170 170 2 1171 183 2 1172 237 3 1173 189 3 1174 190 3 1175 201 40 1176 182 40 1177 167 40 1178 221 5 1179 166 5 1180 181 5 1181 182 5 1182 183 5 1183 171 5 1184 171 5 1185 183 5 1186 184 5 1187 209 5 1188 181 5 1189 166 5 1190 206 5 1191 172 5 1192 185 5 1193 184 5 1194 186 5 1195 174 5 1196 213 5 1197 185 5 1198 172 5 1199 223 5 1200 175 5 1201 187 5 1202 186 5 1203 188 5 1204 177 5 1205 217 5 1206 187 5 1207 175 5 1208 218 5 1209 225 5 1210 178 5 1211 188 41 1212 190 41 1213 180 41 1214 190 5 1215 189 5 1216 178 5 1217 192 42 1218 166 42 1219 227 42 1220 166 1 1221 221 1 1222 227 1 1223 222 1 1224 167 1 1225 228 1 1226 167 43 1227 197 43 1228 228 43 1229 192 1 1230 227 1 1231 197 1 1232 199 44 1233 178 44 1234 229 44 1235 178 1 1236 225 1 1237 229 1 1238 226 1 1239 175 1 1240 230 1 1241 175 45 1242 196 45 1243 230 45 1244 199 1 1245 229 1 1246 230 1 1247 193 0 1248 191 0 1249 169 0 1250 198 3 1251 197 3 1252 167 3 1253 200 0 1254 195 0 1255 177 0 1256 196 46 1257 175 46 1258 231 46 1259 175 1 1260 223 1 1261 231 1 1262 224 1 1263 172 1 1264 232 1 1265 172 47 1266 194 47 1267 232 47 1268 196 1 1269 231 1 1270 194 1 1271 228 3 1272 204 3 1273 201 3 1274 203 2 1275 227 2 1276 221 2 1277 228 5 1278 227 5 1279 203 5 1280 209 3 1281 205 3 1282 208 3 1283 210 2 1284 211 2 1285 207 2 1286 211 5 1287 212 5 1288 208 5 1289 232 3 1290 216 3 1291 213 3 1292 215 2 1293 231 2 1294 223 2 1295 232 5 1296 231 5 1297 215 5 1298 226 3 1299 230 3 1300 220 3 1301 225 2 1302 218 2 1303 219 2 1304 230 5 1305 229 5 1306 219 5 1307 169 2 1308 166 2 1309 192 2 1310 174 2 1311 172 2 1312 194 2 1313 196 3 1314 175 3 1315 177 3 1316 236 48 1317 237 48 1318 179 48 1319 236 49 1320 179 49 1321 176 49 1322 235 50 1323 236 50 1324 176 50 1325 235 51 1326 176 51 1327 173 51 1328 170 50 1329 234 50 1330 233 50 1331 233 50 1332 235 50 1333 173 50 1334 168 50 1335 170 50 1336 233 50 1337 195 5 1338 200 5 1339 199 5 1340 195 5 1341 199 5 1342 196 5 1343 193 5 1344 195 5 1345 196 5 1346 192 5 1347 197 5 1348 198 5 1349 193 52 1350 196 52 1351 192 52 1352 192 5 1353 198 5 1354 191 5 1355 245 3 1356 238 3 1357 239 3 1358 247 3 1359 240 3 1360 241 3 1361 243 2 1362 242 2 1363 249 2 1364</p>
        </triangles>
      </mesh>
    </geometry>
  </library_geometries>
  <library_visual_scenes>
    <visual_scene id="Scene" name="Scene">
      <node id="Top_Cup_Plastic_B_001" name="Top_Cup_Plastic_B.001" type="NODE">
        <matrix sid="transform">1 0 0 -0.2041569 0 1 0 -0.1664643 0 0 1 0.1199997 0 0 0 1</matrix>
        <instance_geometry url="#Top_Cup_Plastic_B_001-mesh" name="Top_Cup_Plastic_B.001">
          <bind_material>
            <technique_common>
              <instance_material symbol="Additional_Cup_holder-material" target="#Additional_Cup_holder-material">
                <bind_vertex_input semantic="UVMap" input_semantic="TEXCOORD" input_set="0"/>
              </instance_material>
            </technique_common>
          </bind_material>
        </instance_geometry>
      </node>
      <node id="Top_Cup_Plastic_001" name="Top_Cup_Plastic.001" type="NODE">
        <matrix sid="transform">1 0 0 -0.2065067 0 1 0 -0.1653504 0 0 1 0.1132649 0 0 0 1</matrix>
        <instance_geometry url="#Top_Cup_Plastic_001-mesh" name="Top_Cup_Plastic.001">
          <bind_material>
            <technique_common>
              <instance_material symbol="Additional_Cup_holder-material" target="#Additional_Cup_holder-material">
                <bind_vertex_input semantic="UVMap" input_semantic="TEXCOORD" input_set="0"/>
              </instance_material>
            </technique_common>
          </bind_material>
        </instance_geometry>
      </node>
      <node id="Cup_Plastic_001" name="Cup_Plastic.001" type="NODE">
        <matrix sid="transform">1 0 0 -0.3340321 0 1 0 -0.2845521 0 0 1 0.1410244 0 0 0 1</matrix>
        <instance_geometry url="#Cup_Plastic_001-mesh" name="Cup_Plastic.001">
          <bind_material>
            <technique_common>
              <instance_material symbol="Additional_Cup_holder-material" target="#Additional_Cup_holder-material">
                <bind_vertex_input semantic="UVMap" input_semantic="TEXCOORD" input_set="0"/>
              </instance_material>
            </technique_common>
          </bind_material>
        </instance_geometry>
      </node>
      <node id="Cup_Paper_001" name="Cup_Paper.001" type="NODE">
        <matrix sid="transform">1 0 0 -0.329607 0 1 0 -0.1717591 0 0 1 0.1492184 0 0 0 1</matrix>
        <instance_geometry url="#Cup_Paper_001-mesh" name="Cup_Paper.001">
          <bind_material>
            <technique_common>
              <instance_material symbol="Additional_Cup_holder-material" target="#Additional_Cup_holder-material">
                <bind_vertex_input semantic="UVMap" input_semantic="TEXCOORD" input_set="0"/>
              </instance_material>
            </technique_common>
          </bind_material>
        </instance_geometry>
      </node>
      <node id="Additional_Cup_holder_001" name="Additional_Cup_holder.001" type="NODE">
        <matrix sid="transform">1 0 0 -0.3380985 0 1 0 0.1817565 0 0 1 0.281884 0 0 0 1</matrix>
        <instance_geometry url="#Additional_Cup_holder_001-mesh" name="Additional_Cup_holder.001">
          <bind_material>
            <technique_common>
              <instance_material symbol="Additional_Cup_holder-material" target="#Additional_Cup_holder-material">
                <bind_vertex_input semantic="UVMap" input_semantic="TEXCOORD" input_set="0"/>
              </instance_material>
            </technique_common>
          </bind_material>
        </instance_geometry>
        <node id="Additional_001" name="Additional.001" type="NODE">
          <matrix sid="transform">1 0 0 -0.02026439 0 -1 -3.25841e-7 -0.199587 0 3.25841e-7 -1 -0.233963 0 0 0 1</matrix>
          <instance_geometry url="#Additional_001-mesh" name="Additional.001">
            <bind_material>
              <technique_common>
                <instance_material symbol="Additional_Cup_holder-material" target="#Additional_Cup_holder-material">
                  <bind_vertex_input semantic="UVMap" input_semantic="TEXCOORD" input_set="0"/>
                </instance_material>
              </technique_common>
            </bind_material>
          </instance_geometry>
        </node>
        <node id="Additional_01_001" name="Additional_01.001" type="NODE">
          <matrix sid="transform">1 0 0 -0.02061987 0 -1 -3.25841e-7 -0.07212615 0 3.25841e-7 -1 -0.2310448 0 0 0 1</matrix>
          <instance_geometry url="#Additional_01_001-mesh" name="Additional_01.001">
            <bind_material>
              <technique_common>
                <instance_material symbol="Additional_Cup_holder-material" target="#Additional_Cup_holder-material">
                  <bind_vertex_input semantic="UVMap" input_semantic="TEXCOORD" input_set="0"/>
                </instance_material>
              </technique_common>
            </bind_material>
          </instance_geometry>
        </node>
        <node id="Cups_Paper_001" name="Cups_Paper.001" type="NODE">
          <matrix sid="transform">1 0 0 -0.05272841 0 -1 -3.25841e-7 0.0787915 0 3.25841e-7 -1 0.2332245 0 0 0 1</matrix>
          <instance_geometry url="#Cups_Paper_001-mesh" name="Cups_Paper.001">
            <bind_material>
              <technique_common>
                <instance_material symbol="Additional_Cup_holder-material" target="#Additional_Cup_holder-material">
                  <bind_vertex_input semantic="UVMap" input_semantic="TEXCOORD" input_set="0"/>
                </instance_material>
              </technique_common>
            </bind_material>
          </instance_geometry>
        </node>
        <node id="Cups_Paper_01_001" name="Cups_Paper_01.001" type="NODE">
          <matrix sid="transform">1 0 0 -0.05272841 0 -1 -3.25841e-7 0.2091187 0 3.25841e-7 -1 0.2332245 0 0 0 1</matrix>
          <instance_geometry url="#Cups_Paper_01_001-mesh" name="Cups_Paper_01.001">
            <bind_material>
              <technique_common>
                <instance_material symbol="Additional_Cup_holder-material" target="#Additional_Cup_holder-material">
                  <bind_vertex_input semantic="UVMap" input_semantic="TEXCOORD" input_set="0"/>
                </instance_material>
              </technique_common>
            </bind_material>
          </instance_geometry>
        </node>
        <node id="Cups_Plastic_001" name="Cups_Plastic.001" type="NODE">
          <matrix sid="transform">1 0 0 -0.04743266 0 -1 -3.25841e-7 -0.2040641 0 3.25841e-7 -1 0.22097 0 0 0 1</matrix>
          <instance_geometry url="#Cups_Plastic_001-mesh" name="Cups_Plastic.001">
            <bind_material>
              <technique_common>
                <instance_material symbol="Additional_Cup_holder-material" target="#Additional_Cup_holder-material">
                  <bind_vertex_input semantic="UVMap" input_semantic="TEXCOORD" input_set="0"/>
                </instance_material>
              </technique_common>
            </bind_material>
          </instance_geometry>
        </node>
        <node id="Cups_Plastic_01_001" name="Cups_Plastic_01.001" type="NODE">
          <matrix sid="transform">1 0 0 -0.04743266 0 -1 -3.25841e-7 -0.06759655 0 3.25841e-7 -1 0.22097 0 0 0 1</matrix>
          <instance_geometry url="#Cups_Plastic_01_001-mesh" name="Cups_Plastic_01.001">
            <bind_material>
              <technique_common>
                <instance_material symbol="Additional_Cup_holder-material" target="#Additional_Cup_holder-material">
                  <bind_vertex_input semantic="UVMap" input_semantic="TEXCOORD" input_set="0"/>
                </instance_material>
              </technique_common>
            </bind_material>
          </instance_geometry>
        </node>
        <node id="Tops_Cup_Plastic_001" name="Tops_Cup_Plastic.001" type="NODE">
          <matrix sid="transform">1 0 0 0.09602809 0 -1 -3.25841e-7 -0.1985995 0 3.25841e-7 -1 0.1031601 0 0 0 1</matrix>
          <instance_geometry url="#Tops_Cup_Plastic_001-mesh" name="Tops_Cup_Plastic.001">
            <bind_material>
              <technique_common>
                <instance_material symbol="Additional_Cup_holder-material" target="#Additional_Cup_holder-material">
                  <bind_vertex_input semantic="UVMap" input_semantic="TEXCOORD" input_set="0"/>
                </instance_material>
              </technique_common>
            </bind_material>
          </instance_geometry>
        </node>
        <node id="Tops_Cup_Plastic_01_001" name="Tops_Cup_Plastic_01.001" type="NODE">
          <matrix sid="transform">1 0 0 0.09602809 0 -1 -3.25841e-7 -0.0635134 0 3.25841e-7 -1 0.1031601 0 0 0 1</matrix>
          <instance_geometry url="#Tops_Cup_Plastic_01_001-mesh" name="Tops_Cup_Plastic_01.001">
            <bind_material>
              <technique_common>
                <instance_material symbol="Additional_Cup_holder-material" target="#Additional_Cup_holder-material">
                  <bind_vertex_input semantic="UVMap" input_semantic="TEXCOORD" input_set="0"/>
                </instance_material>
              </technique_common>
            </bind_material>
          </instance_geometry>
        </node>
        <node id="Tops_Cup_Plastic_B_001" name="Tops_Cup_Plastic_B.001" type="NODE">
          <matrix sid="transform">1 0 0 0.107594 0 -1 -3.25841e-7 0.06193566 0 3.25841e-7 -1 0.105459 0 0 0 1</matrix>
          <instance_geometry url="#Tops_Cup_Plastic_B_001-mesh" name="Tops_Cup_Plastic_B.001">
            <bind_material>
              <technique_common>
                <instance_material symbol="Additional_Cup_holder-material" target="#Additional_Cup_holder-material">
                  <bind_vertex_input semantic="UVMap" input_semantic="TEXCOORD" input_set="0"/>
                </instance_material>
              </technique_common>
            </bind_material>
          </instance_geometry>
        </node>
        <node id="Tops_Cup_Plastic_B_01_001" name="Tops_Cup_Plastic_B_01.001" type="NODE">
          <matrix sid="transform">1 0 0 0.107594 0 -1 -3.25841e-7 0.2130448 0 3.25841e-7 -1 0.105459 0 0 0 1</matrix>
          <instance_geometry url="#Tops_Cup_Plastic_B_01_001-mesh" name="Tops_Cup_Plastic_B_01.001">
            <bind_material>
              <technique_common>
                <instance_material symbol="Additional_Cup_holder-material" target="#Additional_Cup_holder-material">
                  <bind_vertex_input semantic="UVMap" input_semantic="TEXCOORD" input_set="0"/>
                </instance_material>
              </technique_common>
            </bind_material>
          </instance_geometry>
        </node>
      </node>
    </visual_scene>
  </library_visual_scenes>
  <scene>
    <instance_visual_scene url="#Scene"/>
  </scene>
</COLLADA>