<?xml version="1.0" encoding="utf-8"?>
<COLLADA xmlns="http://www.collada.org/2005/11/COLLADASchema" version="1.4.1" xmlns:xsi="http://www.w3.org/2001/XMLSchema-instance">
  <asset>
    <contributor>
      <author>Blender User</author>
      <authoring_tool>Blender 4.0.1 commit date:2023-11-16, commit time:16:40, hash:d0dd92834a08</authoring_tool>
    </contributor>
    <created>2023-11-28T13:24:01</created>
    <modified>2023-11-28T13:24:01</modified>
    <unit name="meter" meter="1"/>
    <up_axis>Z_UP</up_axis>
  </asset>
  <library_effects>
    <effect id="Stove-effect">
      <profile_COMMON>
        <newparam sid="Stove-surface">
          <surface type="2D">
            <init_from>Stove</init_from>
          </surface>
        </newparam>
        <newparam sid="Stove-sampler">
          <sampler2D>
            <source>Stove-surface</source>
          </sampler2D>
        </newparam>
        <technique sid="common">
          <lambert>
            <emission>
              <color sid="emission">0 0 0 1</color>
            </emission>
            <diffuse>
              <texture texture="Stove-sampler" texcoord="UVMap"/>
            </diffuse>
            <index_of_refraction>
              <float sid="ior">1.45</float>
            </index_of_refraction>
          </lambert>
        </technique>
      </profile_COMMON>
    </effect>
  </library_effects>
  <library_images>
    <image id="Stove" name="Stove">
      <init_from>Stove.png</init_from>
    </image>
  </library_images>
  <library_materials>
    <material id="Stove-material" name="Stove">
      <instance_effect url="#Stove-effect"/>
    </material>
  </library_materials>
  <library_geometries>
    <geometry id="Stove-mesh" name="Stove">
      <mesh>
        <source id="Stove-mesh-positions">
          <float_array id="Stove-mesh-positions-array" count="2652">-0.427703 -0.6756458 -0.4947915 -0.427703 -0.6756458 0.473026 -0.427703 0.6756462 -0.4947915 -0.427703 0.6756462 0.473026 0.4641069 -0.5472324 -0.3560731 0.4641069 -0.6756458 0.473026 0.4641069 0.5472327 -0.3560731 0.4641069 0.6756462 0.473026 -0.427703 -0.6756458 0.3733997 -0.427703 0.6756462 0.3733997 0.4641069 0.5472327 0.2709446 0.4641069 -0.5472324 0.2709446 0.5268602 0.6756462 0.473026 0.5268602 -0.6756458 0.473026 0.5357738 0.6756462 0.4085047 0.5180579 0.6756462 0.3887524 0.5180579 -0.6756458 0.3887524 0.5357738 -0.6756458 0.4085047 -0.4920501 0.6756462 -0.4947915 -0.4920501 -0.6756458 -0.4947915 -0.4920501 -0.6756458 0.3733997 -0.4920501 -0.6756458 0.473026 -0.4920501 0.6756462 0.473026 -0.4920501 0.6756462 0.3733997 -0.427703 -0.6756458 0.580241 -0.427703 0.6756462 0.580241 -0.4920501 -0.6756458 0.580241 -0.4920501 0.6756462 0.580241 0.4641069 0.6756462 0.3887524 0.4641069 0.6756462 -0.4947915 0.4641069 -0.6756458 -0.4947915 0.4641069 -0.6756458 0.3887524 0.4188097 0.5304052 0.2541171 0.4188097 0.5304052 -0.3392457 0.4188097 -0.5304049 -0.3392457 0.4188097 -0.5304049 0.2541171 0.4188097 0.5472327 0.2709446 0.4188097 0.5472327 -0.3560731 0.4188097 -0.5472324 -0.3560731 0.4188097 -0.5472324 0.2709446 0.4661741 0.5304052 0.2541171 0.4661741 0.5304052 -0.3392457 0.4661741 -0.5304049 -0.3392457 0.4661741 -0.5304049 0.2541171 0.5170395 -0.2805306 0.1582482 0.5177182 -0.2683076 0.1458182 0.5166049 -0.2932359 0.1458182 0.5170395 -0.2805306 0.1333884 0.454997 -0.2807732 0.1588822 0.454997 -0.2677092 0.1458182 0.454997 -0.2938371 0.1458182 0.454997 -0.2807732 0.1327543 0.5513084 -0.2810363 0.1458182 0.5420083 -0.2718897 0.1582936 0.5334066 -0.2637848 0.1458182 0.5420083 -0.2718897 0.133343 0.5664049 -0.2471531 0.1458182 0.5535843 -0.2477034 0.1582564 0.541387 -0.248714 0.1458182 0.5535843 -0.2477034 0.1333801 0.5170394 0.2805307 0.1582482 0.5177181 0.2683076 0.1458182 0.5166048 0.2932359 0.1458182 0.5170394 0.2805307 0.1333883 0.4549969 0.2807732 0.1588822 0.4549969 0.2677093 0.1458182 0.4549969 0.2938372 0.1458182 0.4549969 0.2807732 0.1327543 0.5513083 0.2810363 0.1458182 0.5420083 0.2718897 0.1582935 0.5334066 0.2637849 0.1458182 0.5420083 0.2718897 0.133343 0.5664049 0.2471531 0.1458182 0.5535843 0.2477034 0.1582564 0.541387 0.2487139 0.1458182 0.5535843 0.2477034 0.1333801 0.4621345 0.5310744 0.3305955 0.475013 0.5310744 0.3305955 0.4621345 0.5070729 0.2890236 0.475013 0.5070729 0.2890236 0.4621345 0.4590698 0.2890236 0.475013 0.4590698 0.2890236 0.4621345 0.4350683 0.3305955 0.475013 0.4350683 0.3305955 0.4621345 0.4590698 0.3721674 0.475013 0.4590698 0.3721674 0.4621345 0.5070729 0.3721674 0.475013 0.5070729 0.3721674 0.4911122 0.5000537 0.3173788 0.4911122 0.517036 0.3305954 0.4911122 0.466089 0.3173788 0.4911122 0.4491067 0.3305954 0.4911122 0.466089 0.3438121 0.4911122 0.5000537 0.3438121 0.513584 0.5000537 0.3173788 0.513584 0.517036 0.3305954 0.513584 0.466089 0.3173788 0.513584 0.4491067 0.3305954 0.513584 0.466089 0.3438121 0.513584 0.5000537 0.3438121 0.4621345 -0.5310744 0.3305955 0.475013 -0.5310744 0.3305955 0.4621345 -0.5070729 0.2890236 0.475013 -0.5070729 0.2890236 0.4621345 -0.4590699 0.2890236 0.475013 -0.4590699 0.2890236 0.4621345 -0.4350683 0.3305955 0.475013 -0.4350683 0.3305955 0.4621345 -0.4590699 0.3721674 0.475013 -0.4590699 0.3721674 0.4621345 -0.5070729 0.3721674 0.475013 -0.5070729 0.3721674 0.4911122 -0.5000538 0.3173788 0.4911122 -0.517036 0.3305954 0.4911122 -0.4660891 0.3173788 0.4911122 -0.4491068 0.3305954 0.4911122 -0.4660891 0.3438121 0.4911122 -0.5000538 0.3438121 0.513584 -0.5000538 0.3173788 0.513584 -0.517036 0.3305954 0.513584 -0.4660891 0.3173788 0.513584 -0.4491068 0.3305954 0.513584 -0.4660891 0.3438121 0.513584 -0.5000538 0.3438121 0.4621345 0.3892859 0.3305955 0.475013 0.3892859 0.3305955 0.4621345 0.3652844 0.2890236 0.475013 0.3652844 0.2890236 0.4621345 0.3172813 0.2890236 0.475013 0.3172813 0.2890236 0.4621345 0.2932798 0.3305955 0.475013 0.2932798 0.3305955 0.4621345 0.3172813 0.3721674 0.475013 0.3172813 0.3721674 0.4621345 0.3652844 0.3721674 0.475013 0.3652844 0.3721674 0.4911122 0.3582652 0.3173788 0.4911122 0.3752475 0.3305954 0.4911122 0.3243005 0.3173788 0.4911122 0.3073182 0.3305954 0.4911122 0.3243005 0.3438121 0.4911122 0.3582652 0.3438121 0.513584 0.3582652 0.3173788 0.513584 0.3752475 0.3305954 0.513584 0.3243005 0.3173788 0.513584 0.3073182 0.3305954 0.513584 0.3243005 0.3438121 0.513584 0.3582652 0.3438121 0.4621345 -0.3892859 0.3305955 0.475013 -0.3892859 0.3305955 0.4621345 -0.3652844 0.2890236 0.475013 -0.3652844 0.2890236 0.4621345 -0.3172814 0.2890236 0.475013 -0.3172814 0.2890236 0.4621345 -0.2932798 0.3305955 0.475013 -0.2932798 0.3305955 0.4621345 -0.3172814 0.3721674 0.475013 -0.3172814 0.3721674 0.4621345 -0.3652844 0.3721674 0.475013 -0.3652844 0.3721674 0.4911122 -0.3582652 0.3173788 0.4911122 -0.3752475 0.3305954 0.4911122 -0.3243006 0.3173788 0.4911122 -0.3073182 0.3305954 0.4911122 -0.3243006 0.3438121 0.4911122 -0.3582652 0.3438121 0.513584 -0.3582652 0.3173788 0.513584 -0.3752475 0.3305954 0.513584 -0.3243006 0.3173788 0.513584 -0.3073182 0.3305954 0.513584 -0.3243006 0.3438121 0.513584 -0.3582652 0.3438121 0.4621345 0.1059635 0.3305955 0.475013 0.1059635 0.3305955 0.4621345 0.08196198 0.2890236 0.475013 0.08196198 0.2890236 0.4621345 0.03395897 0.2890236 0.475013 0.03395897 0.2890236 0.4621345 0.009957432 0.3305955 0.475013 0.009957432 0.3305955 0.4621345 0.03395897 0.3721674 0.475013 0.03395897 0.3721674 0.4621345 0.08196198 0.3721674 0.475013 0.08196198 0.3721674 0.4911122 0.07494282 0.3173788 0.4911122 0.09192514 0.3305954 0.4911122 0.04097813 0.3173788 0.4911122 0.02399581 0.3305954 0.4911122 0.04097813 0.3438121 0.4911122 0.07494282 0.3438121 0.513584 0.07494282 0.3173788 0.513584 0.09192514 0.3305954 0.513584 0.04097813 0.3173788 0.513584 0.02399581 0.3305954 0.513584 0.04097813 0.3438121 0.513584 0.07494282 0.3438121 0.4621345 -0.1059635 0.3305955 0.475013 -0.1059635 0.3305955 0.4621345 -0.08196204 0.2890236 0.475013 -0.08196204 0.2890236 0.4621345 -0.03395897 0.2890236 0.475013 -0.03395897 0.2890236 0.4621345 -0.009957432 0.3305955 0.475013 -0.009957432 0.3305955 0.4621345 -0.03395897 0.3721674 0.475013 -0.03395897 0.3721674 0.4621345 -0.08196204 0.3721674 0.475013 -0.08196204 0.3721674 0.4911122 -0.07494282 0.3173788 0.4911122 -0.09192514 0.3305954 0.4911122 -0.04097819 0.3173788 0.4911122 -0.02399581 0.3305954 0.4911122 -0.04097819 0.3438121 0.4911122 -0.07494282 0.3438121 0.513584 -0.07494282 0.3173788 0.513584 -0.09192514 0.3305954 0.513584 -0.04097819 0.3173788 0.513584 -0.02399581 0.3305954 0.513584 -0.04097819 0.3438121 0.513584 -0.07494282 0.3438121 0.345943 0.6039645 -0.5861824 0.3459429 0.6100419 -0.4302829 0.3933497 0.5695216 -0.5861824 0.3997398 0.5709562 -0.4302829 0.3752419 0.5137916 -0.5861824 0.3791912 0.5077142 -0.4302829 0.316644 0.5137916 -0.5861824 0.3126946 0.5077142 -0.4302829 0.2985363 0.5695216 -0.5861824 0.2921461 0.5709562 -0.4302829 -0.345943 0.6039646 -0.5861824 -0.3459429 0.610042 -0.4302829 -0.3933497 0.5695216 -0.5861824 -0.3997398 0.5709563 -0.4302829 -0.3752419 0.5137917 -0.5861824 -0.3791912 0.5077143 -0.4302829 -0.316644 0.5137917 -0.5861824 -0.3126947 0.5077143 -0.4302829 -0.2985363 0.5695216 -0.5861824 -0.2921461 0.5709563 -0.4302829 0.345943 -0.6039645 -0.5861824 0.3459429 -0.610042 -0.4302829 0.3933497 -0.5695216 -0.5861824 0.3997398 -0.5709562 -0.4302829 0.3752419 -0.5137916 -0.5861824 0.3791912 -0.5077143 -0.4302829 0.316644 -0.5137916 -0.5861824 0.3126946 -0.5077143 -0.4302829 0.2985363 -0.5695216 -0.5861824 0.2921461 -0.5709562 -0.4302829 -0.3459429 -0.6039645 -0.5861824 -0.3459429 -0.610042 -0.4302829 -0.3933496 -0.5695216 -0.5861824 -0.3997397 -0.5709564 -0.4302829 -0.3752418 -0.5137917 -0.5861824 -0.3791912 -0.5077143 -0.4302829 -0.316644 -0.5137917 -0.5861824 -0.3126946 -0.5077143 -0.4302829 -0.2985363 -0.5695216 -0.5861824 -0.292146 -0.5709564 -0.4302829 0.02743679 0.4220821 0.4896876 0.04391866 0.4217254 0.5182586 0.02743679 0.4339876 0.4896876 0.04391866 0.4343443 0.5182586 0.4328378 0.4220821 0.4896876 0.4163559 0.4217254 0.5182586 0.4328378 0.4339876 0.4896876 0.4163559 0.4343443 0.5182586 0.2260136 0.6327801 0.4895381 0.226328 0.6163297 0.5181995 0.234261 0.6327801 0.4895381 0.2339466 0.6163297 0.5181995 0.2260135 0.2232896 0.4895381 0.2263279 0.23974 0.5181995 0.234261 0.2232896 0.4895381 0.2339466 0.23974 0.5181995 0.3705863 0.577035 0.4895243 0.3589778 0.5656452 0.5181192 0.3765694 0.5687276 0.4897441 0.3651071 0.5567273 0.5182207 0.08370518 0.2873421 0.4897441 0.09516745 0.2993424 0.5182207 0.08968824 0.2790347 0.4895243 0.1012968 0.2904245 0.5181192 0.3765694 0.2873421 0.4897441 0.3651071 0.2993424 0.5182207 0.3705863 0.2790347 0.4895243 0.3589777 0.2904245 0.5181192 0.0896883 0.5770351 0.4895243 0.1012968 0.5656452 0.5181192 0.08370518 0.5687276 0.4897441 0.09516751 0.5567273 0.5182207 0.1842451 0.4344733 0.5185812 0.2760295 0.4344733 0.5185812 0.184245 0.4344732 0.4903219 0.2760295 0.4344732 0.4903219 0.1842451 0.4215964 0.5185812 0.2760295 0.4215964 0.5185812 0.184245 0.4215965 0.4903219 0.2760295 0.4215965 0.4903219 0.234435 0.3842898 0.5185748 0.234435 0.47178 0.5185748 0.2344285 0.3842827 0.4903148 0.2344285 0.471787 0.4903148 0.2258395 0.3842898 0.5185748 0.2258395 0.47178 0.5185748 0.225846 0.3842827 0.4903148 0.225846 0.471787 0.4903148 0.2011268 0.3926591 0.5185201 0.2657367 0.4544231 0.518606 0.201133 0.3926498 0.4903925 0.2657279 0.4544323 0.490285 0.1945378 0.4016466 0.518606 0.2591477 0.4634106 0.5185201 0.1945466 0.4016374 0.490285 0.2591415 0.4634199 0.4903925 0.2591477 0.3926591 0.5185201 0.1945378 0.4544231 0.518606 0.2591415 0.3926498 0.4903925 0.1945466 0.4544323 0.490285 0.2657367 0.4016466 0.518606 0.2011269 0.4634106 0.5185201 0.2657279 0.4016374 0.490285 0.201133 0.4634199 0.4903925 0.2300693 0.5070587 0.4765728 0.2860636 0.4838652 0.4765728 0.3092572 0.4278709 0.4765728 0.2860636 0.3718767 0.4765728 0.2300693 0.3486831 0.4765728 0.1740751 0.3718767 0.4765728 0.1508815 0.4278709 0.4765728 0.1740751 0.4838652 0.4765728 0.02163147 0.2195284 0.4731785 0.02163147 0.2195284 0.4891353 0.02163147 0.6365398 0.4731785 0.02163147 0.6365398 0.4891353 0.4386428 0.2195284 0.4731785 0.4386428 0.2195284 0.4891353 0.4386428 0.6365398 0.4731785 0.4386428 0.6365398 0.4891353 0.1369305 0.4280342 0.4891353 0.1642301 0.3621273 0.4891353 0.3233433 0.4280342 0.4891353 0.1642301 0.4939411 0.4891353 0.2301369 0.5212406 0.4891353 0.2301369 0.3348278 0.4891353 0.2960438 0.3621273 0.4891353 0.2960438 0.4939411 0.4891353 0.2300693 0.4676831 0.4770072 0.2582208 0.4560224 0.4770072 0.2698815 0.4278709 0.4770072 0.2582208 0.3997195 0.4770072 0.2300693 0.3880589 0.4770072 0.2019179 0.3997195 0.4770072 0.1902572 0.4278709 0.4770072 0.2019179 0.4560224 0.4770072 0.2300693 0.4642697 0.4865342 0.2558072 0.4536088 0.4865342 0.2664681 0.4278709 0.4865342 0.2558072 0.4021332 0.4865342 0.2300693 0.3914722 0.4865342 0.2043315 0.4021332 0.4865342 0.1936706 0.4278709 0.4865342 0.2043315 0.4536088 0.4865342 0.02743679 -0.007439494 0.4896876 0.04391866 -0.007796227 0.5182586 0.02743679 0.004465937 0.4896876 0.04391866 0.004822671 0.5182586 0.4328378 -0.007439494 0.4896876 0.4163559 -0.007796227 0.5182586 0.4328378 0.004465937 0.4896876 0.4163559 0.004822671 0.5182586 0.2260136 0.2032584 0.4895381 0.226328 0.186808 0.5181995 0.234261 0.2032584 0.4895381 0.2339466 0.186808 0.5181995 0.2260135 -0.206232 0.4895381 0.2263279 -0.1897816 0.5181995 0.234261 -0.206232 0.4895381 0.2339466 -0.1897816 0.5181995 0.3705863 0.1475133 0.4895243 0.3589778 0.1361235 0.5181192 0.3765694 0.1392059 0.4897441 0.3651071 0.1272056 0.5182207 0.08370518 -0.1421795 0.4897441 0.09516745 -0.1301792 0.5182207 0.08968824 -0.150487 0.4895243 0.1012968 -0.1390971 0.5181192 0.3765694 -0.1421795 0.4897441 0.3651071 -0.1301792 0.5182207 0.3705863 -0.150487 0.4895243 0.3589777 -0.1390972 0.5181192 0.0896883 0.1475133 0.4895243 0.1012968 0.1361235 0.5181192 0.08370518 0.1392059 0.4897441 0.09516751 0.1272056 0.5182207 0.1842451 0.004951596 0.5185812 0.2760295 0.004951596 0.5185812 0.184245 0.004951536 0.4903219 0.2760295 0.004951536 0.4903219 0.1842451 -0.007925212 0.5185812 0.2760295 -0.007925212 0.5185812 0.184245 -0.007925152 0.4903219 0.2760295 -0.007925152 0.4903219 0.234435 -0.04523187 0.5185748 0.234435 0.04225832 0.5185748 0.2344285 -0.04523903 0.4903148 0.2344285 0.04226541 0.4903148 0.2258395 -0.04523187 0.5185748 0.2258395 0.04225832 0.5185748 0.225846 -0.04523903 0.4903148 0.225846 0.04226541 0.4903148 0.2011268 -0.03686255 0.5185201 0.2657367 0.02490144 0.518606 0.201133 -0.03687185 0.4903925 0.2657279 0.02491056 0.490285 0.1945378 -0.02787506 0.518606 0.2591477 0.03388893 0.5185201 0.1945466 -0.02788418 0.490285 0.2591415 0.03389829 0.4903925 0.2591477 -0.03686255 0.5185201 0.1945378 0.02490144 0.518606 0.2591415 -0.03687185 0.4903925 0.1945466 0.02491062 0.490285 0.2657367 -0.02787506 0.518606 0.2011269 0.03388893 0.5185201 0.2657279 -0.02788418 0.490285 0.201133 0.03389829 0.4903925 0.2300693 0.07753705 0.4765728 0.2860636 0.05434352 0.4765728 0.3092572 -0.001650691 0.4765728 0.2860636 -0.05764496 0.4765728 0.2300693 -0.08083856 0.4765728 0.1740751 -0.05764496 0.4765728 0.1508815 -0.001650691 0.4765728 0.1740751 0.05434352 0.4765728 0.02163147 -0.2099931 0.4731785 0.02163147 -0.2099931 0.4891353 0.02163147 0.2070181 0.4731785 0.02163147 0.2070181 0.4891353 0.4386428 -0.2099931 0.4731785 0.4386428 -0.2099931 0.4891353 0.4386428 0.2070181 0.4731785 0.4386428 0.2070181 0.4891353 0.1369305 -0.001487433 0.4891353 0.1642301 -0.06739425 0.4891353 0.3233433 -0.001487433 0.4891353 0.1642301 0.06441944 0.4891353 0.2301369 0.09171891 0.4891353 0.2301369 -0.09469383 0.4891353 0.2960438 -0.06739425 0.4891353 0.2960438 0.06441944 0.4891353 0.2300693 0.03816139 0.4770072 0.2582208 0.0265007 0.4770072 0.2698815 -0.001650691 0.4770072 0.2582208 -0.02980208 0.4770072 0.2300693 -0.04146277 0.4770072 0.2019179 -0.02980208 0.4770072 0.1902572 -0.001650691 0.4770072 0.2019179 0.0265007 0.4770072 0.2300693 0.03474801 0.4865342 0.2558072 0.02408707 0.4865342 0.2664681 -0.001650691 0.4865342 0.2558072 -0.02738845 0.4865342 0.2300693 -0.03804939 0.4865342 0.2043315 -0.02738845 0.4865342 0.1936706 -0.001650691 0.4865342 0.2043315 0.02408707 0.4865342 0.02743679 -0.4369612 0.4896876 0.04391866 -0.437318 0.5182586 0.02743679 -0.4250557 0.4896876 0.04391866 -0.424699 0.5182586 0.4328378 -0.4369612 0.4896876 0.4163559 -0.437318 0.5182586 0.4328378 -0.4250557 0.4896876 0.4163559 -0.424699 0.5182586 0.2260136 -0.2262632 0.4895381 0.226328 -0.2427136 0.5181995 0.234261 -0.2262632 0.4895381 0.2339466 -0.2427136 0.5181995 0.2260135 -0.6357538 0.4895381 0.2263279 -0.6193034 0.5181995 0.234261 -0.6357538 0.4895381 0.2339466 -0.6193034 0.5181995 0.3705863 -0.2820083 0.4895243 0.3589778 -0.2933982 0.5181192 0.3765694 -0.2903157 0.4897441 0.3651071 -0.302316 0.5182207 0.08370518 -0.5717012 0.4897441 0.09516745 -0.559701 0.5182207 0.08968824 -0.5800086 0.4895243 0.1012968 -0.5686188 0.5181192 0.3765694 -0.5717012 0.4897441 0.3651071 -0.559701 0.5182207 0.3705863 -0.5800086 0.4895243 0.3589777 -0.5686188 0.5181192 0.0896883 -0.2820083 0.4895243 0.1012968 -0.2933981 0.5181192 0.08370518 -0.2903157 0.4897441 0.09516751 -0.302316 0.5182207 0.1842451 -0.4245701 0.5185812 0.2760295 -0.4245701 0.5185812 0.184245 -0.4245701 0.4903219 0.2760295 -0.4245701 0.4903219 0.1842451 -0.4374469 0.5185812 0.2760295 -0.4374469 0.5185812 0.184245 -0.4374468 0.4903219 0.2760295 -0.4374468 0.4903219 0.234435 -0.4747536 0.5185748 0.234435 -0.3872634 0.5185748 0.2344285 -0.4747607 0.4903148 0.2344285 -0.3872563 0.4903148 0.2258395 -0.4747536 0.5185748 0.2258395 -0.3872634 0.5185748 0.225846 -0.4747607 0.4903148 0.225846 -0.3872563 0.4903148 0.2011268 -0.4663842 0.5185201 0.2657367 -0.4046202 0.518606 0.201133 -0.4663935 0.4903925 0.2657279 -0.4046111 0.490285 0.1945378 -0.4573967 0.518606 0.2591477 -0.3956327 0.5185201 0.1945466 -0.4574059 0.490285 0.2591415 -0.3956234 0.4903925 0.2591477 -0.4663842 0.5185201 0.1945378 -0.4046202 0.518606 0.2591415 -0.4663935 0.4903925 0.1945466 -0.4046111 0.490285 0.2657367 -0.4573968 0.518606 0.2011269 -0.3956327 0.5185201 0.2657279 -0.4574059 0.490285 0.201133 -0.3956234 0.4903925 0.2300693 -0.3519846 0.4765728 0.2860636 -0.3751781 0.4765728 0.3092572 -0.4311724 0.4765728 0.2860636 -0.4871667 0.4765728 0.2300693 -0.5103602 0.4765728 0.1740751 -0.4871667 0.4765728 0.1508815 -0.4311724 0.4765728 0.1740751 -0.3751781 0.4765728 0.02163147 -0.6395149 0.4731785 0.02163147 -0.6395149 0.4891353 0.02163147 -0.2225035 0.4731785 0.02163147 -0.2225035 0.4891353 0.4386428 -0.6395149 0.4731785 0.4386428 -0.6395149 0.4891353 0.4386428 -0.2225035 0.4731785 0.4386428 -0.2225035 0.4891353 0.1369305 -0.4310091 0.4891353 0.1642301 -0.496916 0.4891353 0.3233433 -0.4310091 0.4891353 0.1642301 -0.3651022 0.4891353 0.2301369 -0.3378027 0.4891353 0.2301369 -0.5242155 0.4891353 0.2960438 -0.496916 0.4891353 0.2960438 -0.3651022 0.4891353 0.2300693 -0.3913603 0.4770072 0.2582208 -0.4030209 0.4770072 0.2698815 -0.4311724 0.4770072 0.2582208 -0.4593238 0.4770072 0.2300693 -0.4709845 0.4770072 0.2019179 -0.4593238 0.4770072 0.1902572 -0.4311724 0.4770072 0.2019179 -0.4030209 0.4770072 0.2300693 -0.3947736 0.4865342 0.2558072 -0.4054346 0.4865342 0.2664681 -0.4311724 0.4865342 0.2558072 -0.4569101 0.4865342 0.2300693 -0.4675711 0.4865342 0.2043315 -0.4569101 0.4865342 0.1936706 -0.4311724 0.4865342 0.2043315 -0.4054346 0.4865342 -0.406599 0.4220821 0.4896876 -0.3901171 0.4217254 0.5182586 -0.406599 0.4339876 0.4896876 -0.3901171 0.4343443 0.5182586 -0.001197934 0.4220821 0.4896876 -0.01767981 0.4217254 0.5182586 -0.001197934 0.4339876 0.4896876 -0.01767981 0.4343443 0.5182586 -0.2080222 0.6327801 0.4895381 -0.2077078 0.6163297 0.5181995 -0.1997747 0.6327801 0.4895381 -0.2000891 0.6163297 0.5181995 -0.2080222 0.2232896 0.4895381 -0.2077078 0.23974 0.5181995 -0.1997747 0.2232896 0.4895381 -0.2000891 0.23974 0.5181995 -0.06344944 0.577035 0.4895243 -0.07505798 0.5656452 0.5181192 -0.05746638 0.5687276 0.4897441 -0.06892865 0.5567273 0.5182207 -0.3503306 0.2873421 0.4897441 -0.3388683 0.2993424 0.5182207 -0.3443475 0.2790347 0.4895243 -0.332739 0.2904245 0.5181192 -0.05746638 0.2873421 0.4897441 -0.06892871 0.2993424 0.5182207 -0.0634495 0.2790347 0.4895243 -0.07505798 0.2904245 0.5181192 -0.3443474 0.5770351 0.4895243 -0.3327389 0.5656452 0.5181192 -0.3503305 0.5687276 0.4897441 -0.3388682 0.5567273 0.5182207 -0.2497906 0.4344733 0.5185812 -0.1580063 0.4344733 0.5185812 -0.2497907 0.4344732 0.4903219 -0.1580062 0.4344732 0.4903219 -0.2497906 0.4215964 0.5185812 -0.1580063 0.4215964 0.5185812 -0.2497907 0.4215965 0.4903219 -0.1580062 0.4215965 0.4903219 -0.1996007 0.3842898 0.5185748 -0.1996007 0.47178 0.5185748 -0.1996072 0.3842827 0.4903148 -0.1996072 0.471787 0.4903148 -0.2081962 0.3842898 0.5185748 -0.2081962 0.47178 0.5185748 -0.2081897 0.3842827 0.4903148 -0.2081897 0.471787 0.4903148 -0.2329089 0.3926591 0.5185201 -0.168299 0.4544231 0.518606 -0.2329027 0.3926498 0.4903925 -0.1683078 0.4544323 0.490285 -0.2394979 0.4016466 0.518606 -0.174888 0.4634106 0.5185201 -0.2394891 0.4016374 0.490285 -0.1748942 0.4634199 0.4903925 -0.174888 0.3926591 0.5185201 -0.2394979 0.4544231 0.518606 -0.1748942 0.3926498 0.4903925 -0.2394891 0.4544323 0.490285 -0.168299 0.4016466 0.518606 -0.2329089 0.4634106 0.5185201 -0.1683078 0.4016374 0.490285 -0.2329027 0.4634199 0.4903925 -0.2039664 0.5070587 0.4765728 -0.1479722 0.4838652 0.4765728 -0.1247786 0.4278709 0.4765728 -0.1479722 0.3718767 0.4765728 -0.2039664 0.3486831 0.4765728 -0.2599607 0.3718767 0.4765728 -0.2831543 0.4278709 0.4765728 -0.2599607 0.4838652 0.4765728 -0.4124043 0.2195284 0.4731785 -0.4124043 0.2195284 0.4891353 -0.4124043 0.6365398 0.4731785 -0.4124043 0.6365398 0.4891353 0.004607021 0.2195284 0.4731785 0.004607021 0.2195284 0.4891353 0.004607021 0.6365398 0.4731785 0.004607021 0.6365398 0.4891353 -0.2971053 0.4280342 0.4891353 -0.2698057 0.3621273 0.4891353 -0.1106925 0.4280342 0.4891353 -0.2698057 0.4939411 0.4891353 -0.2038988 0.5212406 0.4891353 -0.2038988 0.3348278 0.4891353 -0.1379919 0.3621273 0.4891353 -0.1379919 0.4939411 0.4891353 -0.2039664 0.4676831 0.4770072 -0.1758149 0.4560224 0.4770072 -0.1641542 0.4278709 0.4770072 -0.1758149 0.3997195 0.4770072 -0.2039664 0.3880589 0.4770072 -0.2321178 0.3997195 0.4770072 -0.2437785 0.4278709 0.4770072 -0.2321178 0.4560224 0.4770072 -0.2039664 0.4642697 0.4865342 -0.1782286 0.4536088 0.4865342 -0.1675676 0.4278709 0.4865342 -0.1782286 0.4021332 0.4865342 -0.2039664 0.3914722 0.4865342 -0.2297042 0.4021332 0.4865342 -0.2403651 0.4278709 0.4865342 -0.2297042 0.4536088 0.4865342 -0.406599 -0.007439494 0.4896876 -0.3901171 -0.007796227 0.5182586 -0.406599 0.004465937 0.4896876 -0.3901171 0.004822671 0.5182586 -0.001197934 -0.007439494 0.4896876 -0.01767981 -0.007796227 0.5182586 -0.001197934 0.004465937 0.4896876 -0.01767981 0.004822671 0.5182586 -0.2080222 0.2032584 0.4895381 -0.2077078 0.186808 0.5181995 -0.1997747 0.2032584 0.4895381 -0.2000891 0.186808 0.5181995 -0.2080222 -0.206232 0.4895381 -0.2077078 -0.1897816 0.5181995 -0.1997747 -0.206232 0.4895381 -0.2000891 -0.1897816 0.5181995 -0.06344944 0.1475133 0.4895243 -0.07505798 0.1361235 0.5181192 -0.05746638 0.1392059 0.4897441 -0.06892865 0.1272056 0.5182207 -0.3503306 -0.1421795 0.4897441 -0.3388683 -0.1301792 0.5182207 -0.3443475 -0.150487 0.4895243 -0.332739 -0.1390971 0.5181192 -0.05746638 -0.1421795 0.4897441 -0.06892871 -0.1301792 0.5182207 -0.0634495 -0.150487 0.4895243 -0.07505798 -0.1390972 0.5181192 -0.3443474 0.1475133 0.4895243 -0.3327389 0.1361235 0.5181192 -0.3503305 0.1392059 0.4897441 -0.3388682 0.1272056 0.5182207 -0.2497906 0.004951596 0.5185812 -0.1580063 0.004951596 0.5185812 -0.2497907 0.004951536 0.4903219 -0.1580062 0.004951536 0.4903219 -0.2497906 -0.007925212 0.5185812 -0.1580063 -0.007925212 0.5185812 -0.2497907 -0.007925152 0.4903219 -0.1580062 -0.007925152 0.4903219 -0.1996007 -0.04523187 0.5185748 -0.1996007 0.04225832 0.5185748 -0.1996072 -0.04523903 0.4903148 -0.1996072 0.04226541 0.4903148 -0.2081962 -0.04523187 0.5185748 -0.2081962 0.04225832 0.5185748 -0.2081897 -0.04523903 0.4903148 -0.2081897 0.04226541 0.4903148 -0.2329089 -0.03686255 0.5185201 -0.168299 0.02490144 0.518606 -0.2329027 -0.03687185 0.4903925 -0.1683078 0.02491056 0.490285 -0.2394979 -0.02787506 0.518606 -0.174888 0.03388893 0.5185201 -0.2394891 -0.02788418 0.490285 -0.1748942 0.03389829 0.4903925 -0.174888 -0.03686255 0.5185201 -0.2394979 0.02490144 0.518606 -0.1748942 -0.03687185 0.4903925 -0.2394891 0.02491062 0.490285 -0.168299 -0.02787506 0.518606 -0.2329089 0.03388893 0.5185201 -0.1683078 -0.02788418 0.490285 -0.2329027 0.03389829 0.4903925 -0.2039664 0.07753705 0.4765728 -0.1479722 0.05434352 0.4765728 -0.1247786 -0.001650691 0.4765728 -0.1479722 -0.05764496 0.4765728 -0.2039664 -0.08083856 0.4765728 -0.2599607 -0.05764496 0.4765728 -0.2831543 -0.001650691 0.4765728 -0.2599607 0.05434352 0.4765728 -0.4124043 -0.2099931 0.4731785 -0.4124043 -0.2099931 0.4891353 -0.4124043 0.2070181 0.4731785 -0.4124043 0.2070181 0.4891353 0.004607021 -0.2099931 0.4731785 0.004607021 -0.2099931 0.4891353 0.004607021 0.2070181 0.4731785 0.004607021 0.2070181 0.4891353 -0.2971053 -0.001487433 0.4891353 -0.2698057 -0.06739425 0.4891353 -0.1106925 -0.001487433 0.4891353 -0.2698057 0.06441944 0.4891353 -0.2038988 0.09171891 0.4891353 -0.2038988 -0.09469383 0.4891353 -0.1379919 -0.06739425 0.4891353 -0.1379919 0.06441944 0.4891353 -0.2039664 0.03816139 0.4770072 -0.1758149 0.0265007 0.4770072 -0.1641542 -0.001650691 0.4770072 -0.1758149 -0.02980208 0.4770072 -0.2039664 -0.04146277 0.4770072 -0.2321178 -0.02980208 0.4770072 -0.2437785 -0.001650691 0.4770072 -0.2321178 0.0265007 0.4770072 -0.2039664 0.03474801 0.4865342 -0.1782286 0.02408707 0.4865342 -0.1675676 -0.001650691 0.4865342 -0.1782286 -0.02738845 0.4865342 -0.2039664 -0.03804939 0.4865342 -0.2297042 -0.02738845 0.4865342 -0.2403651 -0.001650691 0.4865342 -0.2297042 0.02408707 0.4865342 -0.406599 -0.4369612 0.4896876 -0.3901171 -0.437318 0.5182586 -0.406599 -0.4250557 0.4896876 -0.3901171 -0.424699 0.5182586 -0.001197934 -0.4369612 0.4896876 -0.01767981 -0.437318 0.5182586 -0.001197934 -0.4250557 0.4896876 -0.01767981 -0.424699 0.5182586 -0.2080222 -0.2262632 0.4895381 -0.2077078 -0.2427136 0.5181995 -0.1997747 -0.2262632 0.4895381 -0.2000891 -0.2427136 0.5181995 -0.2080222 -0.6357538 0.4895381 -0.2077078 -0.6193034 0.5181995 -0.1997747 -0.6357538 0.4895381 -0.2000891 -0.6193034 0.5181995 -0.06344944 -0.2820083 0.4895243 -0.07505798 -0.2933982 0.5181192 -0.05746638 -0.2903157 0.4897441 -0.06892865 -0.302316 0.5182207 -0.3503306 -0.5717012 0.4897441 -0.3388683 -0.559701 0.5182207 -0.3443475 -0.5800086 0.4895243 -0.332739 -0.5686188 0.5181192 -0.05746638 -0.5717012 0.4897441 -0.06892871 -0.559701 0.5182207 -0.0634495 -0.5800086 0.4895243 -0.07505798 -0.5686188 0.5181192 -0.3443474 -0.2820083 0.4895243 -0.3327389 -0.2933981 0.5181192 -0.3503305 -0.2903157 0.4897441 -0.3388682 -0.302316 0.5182207 -0.2497906 -0.4245701 0.5185812 -0.1580063 -0.4245701 0.5185812 -0.2497907 -0.4245701 0.4903219 -0.1580062 -0.4245701 0.4903219 -0.2497906 -0.4374469 0.5185812 -0.1580063 -0.4374469 0.5185812 -0.2497907 -0.4374468 0.4903219 -0.1580062 -0.4374468 0.4903219 -0.1996007 -0.4747536 0.5185748 -0.1996007 -0.3872634 0.5185748 -0.1996072 -0.4747607 0.4903148 -0.1996072 -0.3872563 0.4903148 -0.2081962 -0.4747536 0.5185748 -0.2081962 -0.3872634 0.5185748 -0.2081897 -0.4747607 0.4903148 -0.2081897 -0.3872563 0.4903148 -0.2329089 -0.4663842 0.5185201 -0.168299 -0.4046202 0.518606 -0.2329027 -0.4663935 0.4903925 -0.1683078 -0.4046111 0.490285 -0.2394979 -0.4573967 0.518606 -0.174888 -0.3956327 0.5185201 -0.2394891 -0.4574059 0.490285 -0.1748942 -0.3956234 0.4903925 -0.174888 -0.4663842 0.5185201 -0.2394979 -0.4046202 0.518606 -0.1748942 -0.4663935 0.4903925 -0.2394891 -0.4046111 0.490285 -0.168299 -0.4573968 0.518606 -0.2329089 -0.3956327 0.5185201 -0.1683078 -0.4574059 0.490285 -0.2329027 -0.3956234 0.4903925 -0.2039664 -0.3519846 0.4765728 -0.1479722 -0.3751781 0.4765728 -0.1247786 -0.4311724 0.4765728 -0.1479722 -0.4871667 0.4765728 -0.2039664 -0.5103602 0.4765728 -0.2599607 -0.4871667 0.4765728 -0.2831543 -0.4311724 0.4765728 -0.2599607 -0.3751781 0.4765728 -0.4124043 -0.6395149 0.4731785 -0.4124043 -0.6395149 0.4891353 -0.4124043 -0.2225035 0.4731785 -0.4124043 -0.2225035 0.4891353 0.004607021 -0.6395149 0.4731785 0.004607021 -0.6395149 0.4891353 0.004607021 -0.2225035 0.4731785 0.004607021 -0.2225035 0.4891353 -0.2971053 -0.4310091 0.4891353 -0.2698057 -0.496916 0.4891353 -0.1106925 -0.4310091 0.4891353 -0.2698057 -0.3651022 0.4891353 -0.2038988 -0.3378027 0.4891353 -0.2038988 -0.5242155 0.4891353 -0.1379919 -0.496916 0.4891353 -0.1379919 -0.3651022 0.4891353 -0.2039664 -0.3913603 0.4770072 -0.1758149 -0.4030209 0.4770072 -0.1641542 -0.4311724 0.4770072 -0.1758149 -0.4593238 0.4770072 -0.2039664 -0.4709845 0.4770072 -0.2321178 -0.4593238 0.4770072 -0.2437785 -0.4311724 0.4770072 -0.2321178 -0.4030209 0.4770072 -0.2039664 -0.3947736 0.4865342 -0.1782286 -0.4054346 0.4865342 -0.1675676 -0.4311724 0.4865342 -0.1782286 -0.4569101 0.4865342 -0.2039664 -0.4675711 0.4865342 -0.2297042 -0.4569101 0.4865342 -0.2403651 -0.4311724 0.4865342 -0.2297042 -0.4054346 0.4865342</float_array>
          <technique_common>
            <accessor source="#Stove-mesh-positions-array" count="884" stride="3">
              <param name="X" type="float"/>
              <param name="Y" type="float"/>
              <param name="Z" type="float"/>
            </accessor>
          </technique_common>
        </source>
        <source id="Stove-mesh-normals">
          <float_array id="Stove-mesh-normals-array" count="5022">-1 0 0 0 1 0 0 1 -3.99008e-7 0 0 1 0 -1 0 0 -1 0 0 0 -1 0 -1 -1.74789e-6 0 -1 -4.38861e-7 0.9905921 0 0.1368486 0.990592 0 0.1368486 0.7444409 0 -0.6676884 0.7444409 0 -0.6676885 0 1 2.68332e-7 0 1 1.15009e-6 0 1 -1.40102e-6 1 0 0 1 -2.21116e-7 0 1 2.52863e-7 0 1 3.63372e-7 0 1 2.49775e-7 0 1 -2.49775e-7 0 1 2.21116e-7 0 1 -2.52863e-7 0 1 -3.63372e-7 0 1 1.21256e-6 0 1 0 0 1 1.17e-6 0 -0.4513572 0.5622276 -0.692948 -0.09863454 0.7177817 -0.6892464 -0.1069615 0.7118397 -0.6941495 0.1128416 -0.6984699 -0.706687 0.007462322 -0.7057287 -0.7084429 0.1329244 -0.6954336 -0.7061893 -0.0986346 0.7177818 0.6892464 0.004870772 0.7081032 0.7060921 0.004461765 0.7071006 0.707099 0.1128417 -0.6984699 0.706687 0.007462203 -0.7057287 0.7084429 0.00690031 -0.7070888 0.7070912 0.004870772 0.7081034 -0.7060921 0.004461824 0.7071008 -0.7070989 0.6859276 -0.1687999 -0.7078205 0.4718777 -0.5112074 -0.7183303 0.4538438 -0.5214161 -0.7226002 0.4538441 -0.5214161 0.7226001 0.1329247 -0.6954335 0.7061892 -0.4513573 0.5622276 0.6929479 -0.1069617 0.7118399 0.6941493 0.685927 0.1688002 -0.707821 0.6931225 -0.1322621 -0.7085818 -0.489988 0.5446166 0.6806648 -0.7021193 0.1921011 0.6856572 -0.702119 0.1921011 -0.6856575 -0.489988 0.5446165 -0.6806648 0.4718779 -0.5112073 0.7183302 0.6859279 -0.1687997 0.7078204 -0.7124559 -0.1426042 0.687074 -0.7124565 0.1426086 0.6870725 -0.7124559 -0.1426043 -0.6870741 -0.7021194 -0.1920973 -0.6856581 -0.09863436 -0.7177799 -0.6892483 -0.4513577 -0.5622268 -0.6929483 -0.1069594 -0.7118363 -0.6941533 0.1128419 0.6984715 -0.7066855 0.00746268 0.7057281 -0.7084435 0.006901144 0.7070875 -0.7070924 0.004871189 -0.7081046 0.7060908 -0.09863436 -0.71778 0.6892483 0.00446254 -0.7071027 0.7070968 0.1128421 0.6984714 0.7066855 0.007462739 0.7057281 0.7084435 0.1329246 0.6954356 0.7061872 0.00487107 -0.7081046 -0.7060908 0.004462361 -0.7071026 -0.7070969 0.4718798 0.5112078 -0.7183287 0.4538468 0.5214166 -0.7225981 0.4538466 0.5214166 0.7225981 0.4718805 0.5112075 0.7183284 0.1329245 0.6954357 -0.7061873 -0.4513582 -0.5622267 0.692948 -0.4899902 -0.5446138 0.6806654 -0.7021195 -0.1920973 0.685658 -0.4899899 -0.5446139 -0.6806656 0.6859289 0.1687998 0.7078194 0.6931233 0.1322622 0.7085809 0 0.8660252 -0.5000007 0 0.8660265 -0.4999982 0 0.8660247 -0.5000013 0 -0.8660264 -0.4999983 0 -0.8660256 -0.4999998 0 -0.8660253 -0.5000001 0 -0.8660265 0.4999982 0 -0.8660249 0.500001 0 -0.8660269 0.4999976 0.6780827 -0.5564792 -0.4801404 0.5127911 -0.3543688 -0.7819644 0.2791764 -0.589756 -0.7577919 0 0.8660268 0.4999976 0 0.8660238 0.5000026 0 0.8660276 0.4999964 0.5127912 0.3543684 -0.7819643 0 -0.324679 -0.9458243 0.6780836 0.55648 0.4801382 0.5127912 0.3543695 0.7819639 0.2791797 0.5897553 0.7577912 0.6780836 -0.5564799 0.4801384 0.5127912 -0.3543698 0.7819638 0.870495 -0.2219247 0.439304 0.8704956 0.2219232 -0.4393035 0.8704952 -0.2219234 -0.4393043 0.8704952 0.2219245 0.4393037 0.678083 0.5564795 -0.4801398 1 -7.60743e-7 0 1 -2.07469e-6 0 1 -7.60743e-7 0 0 0.3246785 0.9458245 0 -0.614177 -0.7891684 0.2791753 0.5897563 -0.7577919 0 0.3246775 -0.9458248 0 0.6141766 0.7891686 0.2791808 -0.589756 0.7577902 0 -0.3246784 0.9458245 0 -0.8660264 -0.4999983 0 -0.866025 -0.500001 0 -0.8660245 -0.5000016 0 0.8660255 -0.4999999 0 0.8660237 -0.5000031 0 0.866026 -0.4999991 0 0.8660257 0.4999995 0 0.8660238 0.500003 0 0.8660232 0.5000039 0.6780814 0.5564806 -0.4801406 0.5127906 0.3543692 -0.7819644 0.870495 0.2219235 -0.4393044 0 -0.8660271 0.4999973 0 -0.866025 0.5000007 0 -0.8660245 0.5000016 0 0.3246778 -0.9458248 0.5127907 -0.3543707 -0.7819636 0.6780841 -0.5564805 0.4801368 0.5127916 -0.3543708 0.7819631 0.8704952 -0.2219237 0.4393041 0.5127912 0.3543694 0.781964 0.6780831 0.5564798 0.4801393 0.8704951 0.2219237 0.4393044 0.8704949 -0.2219244 -0.4393042 0.6780818 -0.5564823 -0.4801382 1 -7.60744e-7 0 0 -0.3246796 0.945824 0 0.6141766 -0.7891687 0.2791749 0.5897576 -0.7577911 0 -0.3246795 -0.9458241 0.2791771 -0.5897597 -0.7577888 0 -0.61418 0.789166 0.2791802 -0.5897597 0.7577876 0 0.3246782 0.9458246 0.2791792 0.5897572 0.7577898 0 0.8660258 -0.4999995 0 0.8660271 -0.499997 0 0.8660253 -0.5000001 0 -0.8660268 -0.4999976 0 -0.8660254 -0.5000001 0 -0.866025 -0.5000007 0 -0.8660262 0.4999986 0 -0.8660249 0.500001 0 -0.8660266 0.4999981 0.512791 -0.3543686 -0.7819644 0.2791764 -0.5897563 -0.7577915 0 0.8660269 0.4999974 0 0.8660244 0.5000017 0.512791 0.3543683 -0.7819646 0 -0.3246778 -0.9458248 0.6780836 0.5564799 0.4801384 0.5127912 0.3543698 0.7819639 0.2791808 0.589756 0.7577903 0.5127912 -0.3543693 0.7819641 0.8704952 0.2219234 -0.4393042 0.8704949 0.2219247 0.4393042 0.6780827 0.5564792 -0.4801404 0 -0.6141765 -0.7891687 0.2791764 0.5897566 -0.7577913 0 0.3246781 -0.9458246 0 0.6141775 0.789168 0.2791808 -0.5897558 0.7577903 0 -0.3246781 0.9458246 0 -0.8660262 -0.4999986 0 -0.8660244 -0.5000019 0 -0.8660238 -0.5000028 0 0.8660256 -0.4999997 0 0.8660244 -0.5000017 0 0.8660259 -0.4999992 0 0.8660265 0.4999983 0 0.8660246 0.5000014 0 0.8660241 0.5000022 0.6780809 0.5564806 -0.4801413 0.5127906 0.3543686 -0.7819647 0.8704953 0.2219237 -0.4393041 0 -0.8660264 0.4999983 0 -0.8660244 0.5000019 0 -0.8660238 0.5000028 0 0.3246767 -0.9458251 0.5127905 -0.3543688 -0.7819647 0.6780834 -0.5564787 0.48014 0.5127913 -0.3543683 0.7819644 0.8704954 -0.2219232 0.4393039 0.5127913 0.3543684 0.7819643 0.6780831 0.5564793 0.4801397 0.8704954 0.2219235 0.4393035 0.8704952 -0.2219242 -0.4393038 0.6780804 -0.5564813 -0.4801412 1 -7.60741e-7 0 1 -7.60741e-7 0 0 -0.3246774 0.9458248 0 0.6141752 -0.7891697 0.2791733 0.5897568 -0.7577924 0 -0.3246767 -0.9458251 0.2791733 -0.5897563 -0.7577929 0 -0.6141753 0.7891697 0.2791777 -0.5897556 0.7577918 0 0.3246773 0.9458249 0.2791776 0.5897562 0.7577912 0 0.8660258 -0.4999993 0 0.8660265 -0.4999984 0 0.8660257 -0.4999996 0 -0.8660265 -0.4999983 0 -0.8660258 -0.4999994 0 -0.8660256 -0.4999998 0 -0.8660266 0.499998 0 -0.8660246 0.5000015 0 -0.8660271 0.4999971 0.6780816 -0.5564799 -0.4801411 0.5127906 -0.3543687 -0.7819646 0.2791742 -0.5897566 -0.7577922 0 0.8660265 0.499998 0 0.866027 0.4999972 0.5127907 0.3543686 -0.7819647 0 -0.3246781 -0.9458247 0.6780833 0.5564802 0.4801383 0.5127911 0.3543699 0.7819638 0.2791809 0.5897555 0.7577905 0.6780833 -0.5564802 0.4801384 0.5127912 -0.3543695 0.781964 0.870495 -0.2219247 0.4393039 0.8704952 0.2219232 -0.4393043 0.8704953 -0.2219232 -0.4393043 0.8704949 0.2219248 0.4393041 0.6780816 0.5564799 -0.4801411 1 -7.60743e-7 0 1 -7.60744e-7 0 0 0.3246787 0.9458244 0 -0.6141763 -0.7891688 0.2791742 0.5897569 -0.7577919 0 0.3246777 -0.9458248 0 0.614177 0.7891684 0.2791809 -0.5897559 0.7577902 0 -0.3246781 0.9458247 0 -0.8660261 -0.4999989 0 -0.8660243 -0.500002 0 0.8660261 -0.4999989 0 0.8660245 -0.5000018 0 0.8660265 -0.4999981 0 0.8660265 0.4999982 0 0.8660245 0.5000016 0 0.866024 0.5000025 0.678081 0.5564811 -0.4801406 0.5127906 0.3543692 -0.7819646 0.8704952 0.2219237 -0.4393041 0 -0.8660265 0.4999983 0 -0.8660246 0.5000017 0 -0.8660241 0.5000025 0 0.3246776 -0.9458248 0.5127905 -0.3543694 -0.7819644 0.678084 -0.556479 0.4801388 0.5127913 -0.3543689 0.781964 0.8704952 -0.2219233 0.4393042 0.5127913 0.3543691 0.781964 0.6780836 0.5564796 0.4801387 0.8704953 0.2219237 0.4393039 0.8704948 -0.2219244 -0.4393044 0.6780815 -0.5564811 -0.4801397 1 -7.60742e-7 0 0 -0.3246783 0.9458246 0 0.6141762 -0.7891689 0.2791737 0.5897578 -0.7577915 0 -0.3246776 -0.9458248 0.2791762 -0.5897572 -0.7577909 0 -0.6141769 0.7891684 0.2791794 -0.5897569 0.75779 0 0.324678 0.9458247 0.2791792 0.5897571 0.7577899 0.5874933 0.8086149 -0.03152137 0.5874927 0.8086153 -0.03152239 0.5874924 0.8086156 -0.03152292 0.9504361 -0.3088153 -0.0361151 0.9504361 -0.3088153 -0.03611534 0.9504362 -0.3088153 -0.03611552 0 -0.9992411 -0.03895318 0 -0.9992411 -0.03895318 0 -0.9992411 -0.03895318 -0.9504361 -0.3088156 -0.03611594 -0.9504363 -0.3088149 -0.03611564 -0.9504359 -0.308816 -0.03611606 -0.5874931 0.8086152 -0.03152287 -0.5874937 0.8086147 -0.03152245 -0.5874928 0.8086152 -0.0315231 -0.5874936 0.8086146 -0.03152203 -0.5874933 0.8086149 -0.03152215 -0.5874938 0.8086147 -0.03152197 -0.9504359 -0.3088159 -0.03611505 -0.9504361 -0.3088154 -0.03611528 -0.9504359 -0.3088162 -0.03611493 0 -0.9992411 -0.03895324 0 -0.9992411 -0.0389533 0 -0.9992411 -0.03895318 0.9504363 -0.308815 -0.03611558 0.9504361 -0.3088155 -0.0361157 0.950436 -0.3088158 -0.0361157 0.5874937 0.8086147 -0.03152245 0.5874936 0.8086146 -0.03152281 0.5874936 0.8086147 -0.03152292 0.5874928 -0.8086152 -0.03152233 0.5874934 -0.8086148 -0.03152221 0.5874925 -0.8086155 -0.03152239 0.9504364 0.3088147 -0.03611516 0.9504361 0.3088156 -0.03611493 0.9504365 0.3088142 -0.03611528 0 0.9992411 -0.03895241 0 0.9992411 -0.03895252 0 0.9992411 -0.03895235 -0.9504361 0.3088154 -0.03611576 -0.9504363 0.308815 -0.03611564 -0.9504363 0.3088147 -0.03611558 -0.587493 -0.8086152 -0.03152263 -0.5874937 -0.8086146 -0.03152233 -0.5874941 -0.8086144 -0.03152221 9.40028e-7 0 -1 -2.90484e-7 0 -1 -0.5874925 -0.8086156 -0.03152239 -0.5874926 -0.8086155 -0.03152251 -0.5874926 -0.8086155 -0.03152257 -0.9504364 0.3088147 -0.03611528 -0.950436 0.3088157 -0.03611505 -0.9504359 0.3088163 -0.03611493 0 0.9992411 -0.03895318 0 0.9992411 -0.03895324 0 0.9992411 -0.03895324 0.950436 0.308816 -0.03611564 0.9504361 0.3088153 -0.03611582 0.9504359 0.3088163 -0.03611558 0.5874925 -0.8086155 -0.03152281 0.5874924 -0.8086156 -0.03152287 0.5874925 -0.8086155 -0.03152275 -0.8662043 0 0.4996899 -0.8662034 0 0.4996916 -0.866203 0 0.4996923 0.002851128 0.9999489 -0.009707093 0.001190781 0.9999985 -0.001365125 9.18955e-4 0.9999997 8.02939e-7 -0.002851128 0.9999489 -0.009707093 -0.001190781 0.9999984 -0.001365542 -0.003053545 0.9999379 -0.01072418 0.8662032 0 0.4996922 0.8662038 0 0.4996911 0.8662041 0 0.4996906 -0.002851128 -0.9999489 -0.009707272 -0.001190781 -0.9999984 -0.001367092 -9.18954e-4 -0.9999996 -1.51191e-6 0.001190781 -0.9999985 -0.001367509 0.002851128 -0.9999489 -0.009707868 9.18956e-4 -0.9999997 -1.87884e-6 -0.004045188 0 -0.9999919 -0.004044771 0 -0.9999918 -0.004045188 0 -0.9999919 0.004045188 0 -0.9999919 0.004044771 0 -0.9999918 0.004045188 0 -0.9999919 -0.002297878 0 0.9999974 -0.002298653 0 0.9999974 -0.002297818 0 0.9999974 0.002297878 0 0.9999974 0.002298653 0 0.9999974 0.002297818 0 0.9999974 0 0.8672958 0.4977932 0 0.8672969 0.4977915 0 0.867297 0.4977911 0.999944 -0.00130701 0.01050734 0.9999945 -0.003095149 0.001237988 0.9999943 -0.003378033 -2.28517e-4 0.9999945 0.003095209 0.001238048 0.999944 0.001306772 0.0105077 0.9999943 0.003378152 -2.28499e-4 0 -0.867297 0.4977911 0 -0.867296 0.497793 0 -0.8672972 0.4977907 -0.999944 0.001306891 0.01050776 -0.9999945 0.003095149 0.001238048 -0.9999943 0.003378033 -2.28519e-4 -0.999944 -0.001306712 0.01050764 -0.9999945 -0.003095328 0.001237571 -0.9999322 -0.001096248 0.01159846 0 0.004824578 -0.9999884 0 0.004824578 -0.9999884 0 0.004824578 -0.9999884 0 -0.004824578 -0.9999884 0 -0.004824578 -0.9999884 0 -0.004824578 -0.9999884 0 0.002596914 0.9999967 0 0.002596914 0.9999967 0 0.002596914 0.9999967 0 -0.002596914 0.9999967 0 -0.002596914 0.9999967 0 -0.002596914 0.9999967 0.7107841 0.4998062 0.4949545 0.7032238 0.5134747 0.4917522 0.7008206 0.5177263 0.4907241 0.7140431 -0.7000322 -0.009874284 0.7152776 -0.6988397 -0.001024544 0.7154697 -0.6986438 3.90781e-4 0.7173829 -0.6966786 -9.46114e-4 0.7178039 -0.6962335 -0.004058539 0.7173148 -0.696749 -4.48236e-4 -0.7107813 -0.4998103 0.4949542 -0.7032236 -0.5134755 0.4917514 -0.7008212 -0.5177262 0.4907233 -0.7140432 0.7000321 -0.009871482 -0.7152778 0.6988396 -0.001025617 -0.7154698 0.6986436 3.89059e-4 -0.7173836 0.6966778 -9.45816e-4 -0.7178037 0.6962339 -0.004056394 -0.7173157 0.6967482 -4.48236e-4 -0.01023268 0.01756536 -0.9997934 0.009030878 -0.003914296 -0.9999516 -0.01106482 0.01849317 -0.9997678 0.01023256 -0.01756519 -0.9997934 -0.009030938 0.003914356 -0.9999516 0.01106476 -0.01849299 -0.9997678 -0.004431366 0.008245289 0.9999562 -0.003439664 0.007115364 0.9999688 -0.003392517 0.00706166 0.9999693 0.004431605 -0.008245348 0.9999562 0.003444194 -0.007115364 0.9999688 0.003397285 -0.00706166 0.9999694 0.7032223 -0.5134739 0.4917551 0.710781 -0.4998092 0.4949557 0.7008196 -0.5177243 0.4907276 -0.717804 -0.6962335 -0.004056096 -0.7173831 -0.6966784 -9.45784e-4 -0.7173151 -0.6967489 -4.48243e-4 -0.714043 -0.7000322 -0.009874582 -0.7152779 -0.6988394 -0.001027107 -0.7138923 -0.7001703 -0.01092702 -0.7032234 0.5134753 0.491752 -0.7107828 0.4998086 0.4949536 -0.7008204 0.5177263 0.4907242 0.7178042 0.6962332 -0.004059016 0.7173838 0.6966777 -9.45645e-4 0.7173158 0.6967481 -4.47612e-4 0.715278 0.6988393 -0.001025497 0.714043 0.7000323 -0.00987184 0.7154701 0.6986433 3.89287e-4 -0.01023256 -0.01756525 -0.9997934 0.009030878 0.003914296 -0.9999516 0.009801387 0.004773557 -0.9999406 0.01023262 0.01756531 -0.9997934 -0.009030938 -0.003914296 -0.9999516 -0.009801387 -0.004773557 -0.9999406 -0.004431545 -0.008245289 0.9999562 -0.003444194 -0.007115364 0.9999688 -0.004479229 -0.008299827 0.9999556 0.004431366 0.008245289 0.9999562 0.003439664 0.007115364 0.9999688 0.004479229 0.008299827 0.9999556 -1 0 -3.16382e-6 -1 0 -3.16383e-6 -1 0 -3.16381e-6 0.8065111 -0.591219 -4.98648e-7 0.8065721 -0.5911358 4.1377e-5 0.8064829 -0.5912574 -1.98319e-5 -0.806508 0.5912234 -2.01558e-7 -0.8065711 0.5911371 4.04571e-5 -0.8064787 0.5912632 -1.89729e-5 0.8065111 0.591219 -3.48141e-7 0.8065721 0.5911359 4.04112e-5 0.8065999 0.5910978 5.90241e-5 0 -1 -2.50946e-4 0 -1 -2.52562e-4 0 -1 -2.53048e-4 -0.80651 -0.5912204 -1.40608e-7 -0.8065718 -0.5911362 4.14892e-5 -0.8066 -0.5910978 6.04997e-5 0 1 -2.50616e-4 0 1 -2.51011e-4 0 1 -2.50497e-4 1 0 -3.69112e-6 1 0 -3.69112e-6 1 0 -3.69112e-6 5.09971e-4 -0.423003 0.9061282 -0.1927229 -0.1929881 0.9620881 -1.87279e-4 -0.2727385 0.9620882 -0.299469 -0.2987482 0.906128 -0.2740086 -4.56886e-4 0.9617273 -0.4247695 0.001239299 0.9053007 -0.1953637 0.1947088 0.9612084 -0.3012428 0.3030118 0.9041221 -1.93419e-4 0.2771209 0.960835 0.303014 0.3037514 0.9032816 5.21611e-4 0.4290487 0.9032812 0.4272721 0.001251161 0.9041224 0.1960913 0.1958168 0.9608352 0.3012315 -0.2994796 0.905302 0.2758224 -4.62892e-4 0.9612085 0.1934291 -0.1940751 0.9617277 -0.007801175 0.0078004 0.9999392 2.3005e-7 0.01103144 0.9999392 0 0 1 1.99681e-7 0 1 0 0 1 0 0 1 0 0.9413996 0.3372934 -0.6656693 0.6656712 0.3372926 0 0.9413995 0.3372939 -0.01103228 0 0.9999392 -0.007800936 -0.0078004 0.9999392 3.72705e-7 -0.01103144 0.9999392 0.007801115 -0.0078004 0.9999392 0.01103234 0 0.9999392 0.007800996 0.007800459 0.9999392 -0.9413999 -1.35932e-7 0.3372925 -0.6656692 -0.6656709 0.3372935 -0.9414001 -1.88139e-7 0.3372923 0 -0.9413995 0.3372939 0.6656692 -0.6656709 0.3372935 0 -0.9413995 0.3372939 0.9413999 -1.4148e-7 0.3372925 0.6656693 0.6656712 0.3372927 0.9414001 -2.06952e-7 0.3372923 -0.6656688 0.6656718 0.3372924 -0.6656685 -0.6656714 0.3372939 0.6656684 -0.6656714 0.3372939 0.6656687 0.6656718 0.3372924 -0.866204 0 0.4996906 -0.8662039 0 0.499691 -0.8662037 0 0.4996911 0.002850949 0.9999489 -0.009706735 0.001190602 0.9999985 -0.001366674 9.18746e-4 0.9999997 -1.06843e-6 -0.002850949 0.9999489 -0.009706795 -0.001190602 0.9999984 -0.001366615 -0.003053367 0.9999379 -0.01072365 0.8662036 0 0.4996913 0.8662035 0 0.4996916 0.8662033 0 0.4996917 -0.002851128 -0.9999489 -0.009706676 -0.001190781 -0.9999984 -0.001366615 -9.18954e-4 -0.9999996 -1.05092e-6 0.001190781 -0.9999985 -0.001366615 0.002851128 -0.9999489 -0.009706676 9.18956e-4 -0.9999997 -1.05685e-6 -0.004045188 0 -0.9999918 -0.004044771 0 -0.9999918 -0.004045188 0 -0.9999918 0.00404489 0 -0.9999919 0.004044771 0 -0.9999918 0.00404489 0 -0.9999919 -0.002297937 0 0.9999974 -0.002298653 0 0.9999974 -0.002297937 0 0.9999974 0.002297878 0 0.9999974 0.002298653 0 0.9999974 0.002297818 0 0.9999974 0 0.8672958 0.4977931 0 0.8672971 0.4977909 0 0.8672974 0.4977904 0.999944 -0.00130701 0.01050734 0.9999945 -0.003095149 0.001237988 0.9999943 -0.003378033 -2.28514e-4 0.9999945 0.003095209 0.001238048 0.999944 0.001306772 0.0105077 0.9999943 0.003378152 -2.2852e-4 0 -0.8672947 0.4977951 0 -0.8672962 0.4977926 -0.999944 0.001306891 0.01050776 -0.9999945 0.003095149 0.001238048 -0.9999943 0.003378033 -2.28521e-4 -0.999944 -0.001306712 0.01050764 -0.9999945 -0.003095328 0.001237571 0 -0.004824578 -0.9999884 0 -0.004824578 -0.9999884 0 -0.004824578 -0.9999884 0 0.002596914 0.9999967 0 -0.002596914 0.9999967 0.7107818 0.4998083 0.4949554 0.703224 0.5134726 0.4917541 0.7008215 0.5177229 0.4907264 0.7140431 -0.7000322 -0.00987184 0.7152776 -0.6988397 -0.001025378 0.7154697 -0.6986438 3.8938e-4 0.7173836 -0.6966778 -9.44274e-4 0.717804 -0.6962334 -0.004056751 0.7173157 -0.6967481 -4.46391e-4 -0.7107802 -0.4998107 0.4949554 -0.7032233 -0.5134741 0.4917534 -0.7008212 -0.5177241 0.4907255 -0.7140432 0.7000321 -0.00987178 -0.7152777 0.6988396 -0.001024901 -0.7154697 0.6986436 3.89937e-4 -0.7173836 0.6966779 -9.43851e-4 -0.7178037 0.6962339 -0.004056513 -0.7173157 0.6967482 -4.4593e-4 -0.01023256 0.01756525 -0.9997934 0.009030878 -0.003914296 -0.9999516 -0.01106476 0.01849299 -0.9997678 0.01023256 -0.01756519 -0.9997934 -0.009030878 0.003914296 -0.9999516 0.01106476 -0.01849299 -0.9997678 -0.004431605 0.008245348 0.9999562 -0.003444194 0.007115364 0.9999688 -0.003397285 0.00706166 0.9999693 0.004431605 -0.008245348 0.9999562 0.003444254 -0.007115364 0.9999688 0.003397285 -0.007061719 0.9999694 0.7032232 -0.5134728 0.491755 0.7107816 -0.4998093 0.4949547 0.7008206 -0.5177229 0.4907277 -0.717804 -0.6962334 -0.004056751 -0.7173838 -0.6966776 -9.45106e-4 -0.7173159 -0.696748 -4.47352e-4 -0.714043 -0.7000322 -0.009873747 -0.7152779 -0.6988394 -0.001026213 -0.7138923 -0.7001703 -0.01092618 -0.7032216 0.5134763 0.4917535 -0.7107806 0.4998105 0.4949551 -0.7008188 0.5177271 0.4907257 0.7178042 0.6962333 -0.004055917 0.7173838 0.6966777 -9.44046e-4 0.7173158 0.6967481 -4.46257e-4 0.715278 0.6988393 -0.001025557 0.714043 0.7000324 -0.009872317 -0.01023256 -0.01756525 -0.9997934 0.009031414 0.003914296 -0.9999516 0.009801924 0.004773557 -0.9999406 0.01023256 0.01756519 -0.9997934 -0.009030938 -0.003914296 -0.9999516 -0.009801387 -0.004773557 -0.9999406 -0.004431605 -0.008245289 0.9999562 -0.003444194 -0.007115364 0.9999688 -0.004479229 -0.008299827 0.9999555 0.004431605 0.008245348 0.9999562 0.003444194 0.007115364 0.9999688 0.004479289 0.008299887 0.9999556 -1 0 -3.16381e-6 -1 0 -3.16382e-6 -1 0 -3.16381e-6 0.8065108 -0.5912194 -1.1865e-6 0.8065706 -0.5911378 3.91355e-5 0.8064833 -0.591257 -1.98024e-5 -0.806508 0.5912234 -3.90983e-7 -0.8065711 0.5911371 4.05243e-5 -0.8064787 0.5912632 -1.92809e-5 0.8065111 0.591219 0 0.8065721 0.5911359 4.03001e-5 0.8065999 0.5910978 5.87474e-5 0 -1 -2.50963e-4 0 -1 -2.51092e-4 0 -1 -2.51131e-4 -0.8065103 -0.5912202 -1.23228e-7 -0.8065719 -0.5911361 4.06083e-5 -0.8066 -0.5910978 5.92086e-5 0 1 -2.52981e-4 0 1 -2.53216e-4 0 1 -2.52911e-4 1 0 -3.69111e-6 1 0 -3.69112e-6 1 0 -3.69112e-6 5.09871e-4 -0.4230033 0.906128 -0.1927229 -0.192988 0.9620881 -1.87369e-4 -0.2727387 0.9620881 -0.2994688 -0.2987479 0.9061281 -0.2740084 -4.56857e-4 0.9617272 -0.4247694 0.001239418 0.9053009 -0.1953637 0.1947092 0.9612084 -0.3012424 0.3030123 0.904122 -1.93337e-4 0.2771214 0.960835 0.3030138 0.3037526 0.9032813 5.2171e-4 0.4290493 0.9032809 0.427272 0.001251339 0.9041222 0.1960914 0.1958175 0.960835 0.3012315 -0.2994796 0.905302 0.2758225 -4.62792e-4 0.9612086 0.1934291 -0.1940751 0.9617276 -0.007801175 0.0078004 0.9999392 2.29338e-7 0.01103144 0.9999392 0 0 1 1.74676e-7 0 1 0 0 1 0 0 1 0 0.9414002 0.3372917 -0.6656693 0.6656712 0.3372927 0 0.9414004 0.3372915 -0.01103144 0 0.9999392 -0.007800221 -0.0078004 0.9999392 0 -0.01103144 0.9999392 0.007800281 -0.0078004 0.9999392 0.0110315 0 0.9999392 0.007800996 0.0078004 0.9999392 -0.6656706 -0.6656709 0.3372907 -0.9414003 0 0.3372915 -0.9414002 0 0.3372918 0 -0.9414005 0.3372911 0.6656702 -0.6656712 0.3372908 0 -0.9414004 0.3372915 0.9414002 1.5535e-7 0.3372917 0.6656693 0.6656711 0.3372927 0.9414004 -2.82208e-7 0.3372915 -0.6656686 0.6656717 0.337293 -0.6656703 -0.6656712 0.3372908 0.6656706 -0.6656708 0.3372908 0.6656686 0.6656716 0.3372932 -0.8662042 0 0.4996905 -0.8662042 0 0.4996903 -0.8662041 0 0.4996905 0.00285077 0.9999489 -0.009704172 0.001190543 0.9999985 -0.001365661 9.18747e-4 0.9999997 -3.56383e-7 -0.00285077 0.9999489 -0.009704113 -0.001190543 0.9999984 -0.001365184 -0.003053188 0.9999379 -0.01072084 0.8662033 0 0.4996918 0.8662039 0 0.4996907 0.8662042 0 0.4996903 -0.00285077 -0.9999489 -0.009707629 -0.001190543 -0.9999983 -0.00137031 -9.18739e-4 -0.9999996 -5.16961e-6 0.001190543 -0.9999985 -0.001369237 0.00285077 -0.9999489 -0.009708821 9.18739e-4 -0.9999997 -3.75769e-6 -0.004045069 0 -0.9999918 -0.004044771 0 -0.9999918 -0.004045069 0 -0.9999919 0.004045069 0 -0.9999919 0.004044771 0 -0.9999918 0.004045069 0 -0.9999919 -0.002297937 0 0.9999974 -0.002298653 0 0.9999974 -0.002297937 0 0.9999974 0.002297937 0 0.9999974 0.002298653 0 0.9999974 0.002297937 0 0.9999974 0 0.8672962 0.4977926 0 0.8672971 0.4977908 0.999944 -0.00130701 0.01050734 0.9999945 -0.003095149 0.001237988 0.9999943 -0.003378033 -2.28529e-4 0.9999945 0.003095209 0.001238048 0.999944 0.001306772 0.0105077 0 -0.8672964 0.4977923 0 -0.8672952 0.4977944 0 -0.8672966 0.4977918 -0.999944 0.001306891 0.01050776 -0.9999945 0.003095149 0.001238048 -0.9999943 0.003378033 -2.28521e-4 -0.999944 -0.001306712 0.01050764 -0.9999945 -0.003095328 0.001237571 -0.9999322 -0.001096248 0.01159846 0 0.004824578 -0.9999884 0 0.004824578 -0.9999884 0 0.004824578 -0.9999884 0 -0.004824578 -0.9999884 0 -0.004824578 -0.9999884 0 -0.004824578 -0.9999884 0 0.002596914 0.9999967 0 -0.002596914 0.9999967 0 -0.002596914 0.9999967 0.7107805 0.4998081 0.4949578 0.7032225 0.5134748 0.4917536 0.7008201 0.5177259 0.4907251 0.7140431 -0.7000322 -0.009872615 0.7152776 -0.6988397 -0.001022756 0.7154696 -0.6986438 3.92613e-4 0.7173829 -0.6966786 -9.44513e-4 0.7178039 -0.6962336 -0.00405848 0.7173148 -0.696749 -4.46392e-4 -0.7107807 -0.49981 0.4949553 -0.7032229 -0.5134751 0.4917529 -0.7008205 -0.5177257 0.4907249 -0.7140432 0.7000321 -0.009871542 -0.715277 0.6988404 -0.001026511 -0.7154689 0.6986445 3.88036e-4 -0.7173836 0.6966778 -9.42782e-4 -0.7178036 0.6962339 -0.004057466 -0.7173157 0.6967482 -4.44547e-4 -0.01023262 0.01756531 -0.9997934 0.009031414 -0.003914296 -0.9999516 -0.01106476 0.01849305 -0.9997678 0.01023262 -0.01756525 -0.9997934 -0.009031474 0.003914356 -0.9999516 0.01106476 -0.01849305 -0.9997678 -0.004436075 0.008245289 0.9999562 -0.003439903 0.007115423 0.9999688 -0.003392577 0.007061719 0.9999693 0.004436135 -0.008245408 0.9999562 0.003439903 -0.007115423 0.9999688 0.003392577 -0.007061719 0.9999693 0.7032234 -0.5134741 0.4917535 0.7107776 -0.4998111 0.4949586 0.700822 -0.517724 0.4907245 -0.717804 -0.6962334 -0.004055738 -0.7173839 -0.6966776 -9.4261e-4 -0.717316 -0.6967479 -4.44616e-4 -0.7140431 -0.7000322 -0.009871304 -0.7152779 -0.6988394 -0.001024365 -0.7138923 -0.7001703 -0.01092374 -0.703221 0.5134779 0.4917528 -0.7107802 0.499812 0.4949541 -0.7008181 0.5177286 0.4907251 0.7178034 0.6962341 -0.004057288 0.7173829 0.6966785 -9.43067e-4 0.717315 0.696749 -4.44901e-4 0.7152779 0.6988394 -0.001027226 0.714043 0.7000324 -0.009872913 0.7154701 0.6986433 3.87433e-4 -0.01023262 -0.01756531 -0.9997934 0.009031414 0.003914296 -0.9999516 0.009801924 0.004773557 -0.9999406 0.01023256 0.01756519 -0.9997934 -0.009031414 -0.003914296 -0.9999516 -0.009801924 -0.004773557 -0.9999406 -0.004436016 -0.008245348 0.9999562 -0.003437638 -0.007115423 0.9999688 -0.004484176 -0.008299887 0.9999556 0.004431605 0.008245348 0.9999562 0.003444254 0.007115364 0.9999688 0.004479289 0.008299887 0.9999556 -1 0 -3.16381e-6 -1 0 -3.16381e-6 -1 0 -3.16381e-6 0.8065106 -0.5912196 1.16435e-6 0.8065712 -0.591137 4.08854e-5 0.8064826 -0.5912578 -1.71741e-5 -0.8065056 0.5912266 -7.36634e-7 -0.8065696 0.5911391 4.13026e-5 -0.8064759 0.5912671 -2.01453e-5 0.8065108 0.5912194 -1.61757e-6 0.8065706 0.5911378 3.90004e-5 0.8065978 0.5911006 5.75488e-5 0 -1 -2.50949e-4 0 -1 -2.51089e-4 -0.8065096 -0.5912212 4.4172e-7 -0.8065709 -0.5911374 4.06589e-5 -0.8065989 -0.5910992 5.90243e-5 0 1 -2.52171e-4 0 1 -2.52845e-4 0 1 -2.51968e-4 1 0 -3.69111e-6 1 0 -3.69112e-6 1 0 -3.69113e-6 5.10026e-4 -0.4230031 0.9061281 -0.1927242 -0.1929885 0.9620878 -1.87279e-4 -0.2727383 0.9620882 -0.2994706 -0.2987493 0.9061271 -0.2740076 -4.56548e-4 0.9617274 -0.4247679 0.001239359 0.9053015 -0.1953627 0.1947082 0.9612088 -0.3012416 0.303011 0.9041228 -1.93375e-4 0.2771213 0.960835 0.3030135 0.3037517 0.9032816 5.21795e-4 0.4290491 0.903281 0.4272704 0.001251339 0.9041231 0.1960905 0.1958168 0.9608353 0.3012326 -0.2994799 0.9053015 0.2758215 -4.62464e-4 0.9612088 0.1934301 -0.1940751 0.9617274 -0.007800459 0.0078004 0.9999392 6.49832e-7 0.01103144 0.9999392 0 0 1 0 0 1 0 0 1 0 0.9414012 0.3372889 -0.6656692 0.6656712 0.3372927 0 0.9414017 0.3372876 -0.007800519 -0.0078004 0.9999392 -0.01103168 0 0.9999392 -3.35292e-7 -0.01103144 0.9999392 0.007799983 -0.0078004 0.9999392 0.0078004 0.0078004 0.9999392 0.01103168 0 0.9999392 -0.9414005 -7.87848e-7 0.3372907 -0.665671 -0.6656689 0.3372937 -0.941401 -1.16646e-6 0.3372896 0.6656701 -0.6656693 0.3372948 2.02249e-7 -0.941398 0.3372979 2.44122e-7 -0.9413976 0.3372989 0.9414005 -7.87848e-7 0.3372908 0.6656693 0.6656711 0.3372929 0.941401 -1.14764e-6 0.3372896 -0.6656685 0.6656714 0.3372939 -0.6656703 -0.6656691 0.3372948 0.6656708 -0.6656691 0.3372936 0.6656684 0.6656714 0.3372939 0.002851128 0.9999489 -0.009707093 0.001190781 0.9999985 -0.001365542 9.18954e-4 0.9999996 3.10482e-7 -0.002851128 0.9999489 -0.009707093 -0.001190781 0.9999984 -0.001365542 -0.003053545 0.9999378 -0.01072418 0.8662031 0 0.4996922 -0.002851128 -0.9999489 -0.00970745 -0.001190781 -0.9999984 -0.001368761 -9.18954e-4 -0.9999997 -3.39075e-6 0.001190781 -0.9999985 -0.001367449 0.002851128 -0.9999489 -0.00970751 9.18955e-4 -0.9999996 -1.87884e-6 -0.002298653 0 0.9999974 0.002297878 0 0.9999974 0.002298653 0 0.9999974 0.002297818 0 0.9999974 0 0.8672965 0.4977919 0 0.867297 0.4977912 0.999944 -0.001306951 0.01050734 0.9999945 -0.003095328 0.001237988 0.9999943 -0.003378272 -2.28517e-4 0.9999945 0.003095269 0.001238048 0.999944 0.001306593 0.0105077 0.9999943 0.003378212 -2.28499e-4 0 -0.8672971 0.4977909 0 -0.8672967 0.4977917 -0.999944 0.001306831 0.01050776 -0.9999945 0.003095328 0.001238048 -0.9999943 0.003378272 -2.28519e-4 -0.999944 -0.001306653 0.01050764 -0.9999945 -0.003095507 0.001237571 -0.9999322 -0.001096189 0.01159846 0 0.004824578 -0.9999884 0 0.004824578 -0.9999884 0 0.004824578 -0.9999884 0 -0.004824578 -0.9999884 0 -0.004824578 -0.9999884 0 -0.004824578 -0.9999884 0 0.002596914 0.9999967 0 0.002596914 0.9999967 0 -0.002596914 0.9999967 0 -0.002596914 0.9999967 0.7107825 0.4998095 0.4949533 0.7032232 0.5134758 0.4917517 0.7008203 0.5177268 0.4907239 0.714043 -0.7000324 -0.009871482 0.7152776 -0.6988397 -0.001025736 0.7154697 -0.6986438 3.88928e-4 0.7173829 -0.6966785 -9.46112e-4 0.7178036 -0.6962338 -0.004058539 0.7173149 -0.696749 -4.48236e-4 -0.7107824 -0.4998077 0.4949552 -0.7032237 -0.5134742 0.4917526 -0.700821 -0.5177252 0.4907245 -0.7140432 0.7000322 -0.009871542 -0.7152777 0.6988396 -0.001026093 -0.7154698 0.6986436 3.88516e-4 -0.7173838 0.6966776 -9.44281e-4 -0.7178037 0.6962338 -0.004056751 -0.7173159 0.696748 -4.46391e-4 -0.01023256 0.01756519 -0.9997934 0.009030938 -0.003914296 -0.9999517 -0.01106476 0.01849299 -0.9997678 0.01023256 -0.01756519 -0.9997934 -0.009030938 0.003914356 -0.9999516 0.01106476 -0.01849299 -0.9997678 -0.004431366 0.008245289 0.9999562 -0.003439664 0.007115364 0.9999688 -0.003392517 0.00706166 0.9999694 0.004431605 -0.008245289 0.9999562 0.003444254 -0.007115364 0.9999688 0.003397285 -0.007061719 0.9999693 0.7032211 -0.5134769 0.4917537 0.7107821 -0.499809 0.4949544 0.7008176 -0.5177283 0.4907262 -0.717804 -0.6962335 -0.004056096 -0.7173832 -0.6966782 -9.45785e-4 -0.7173153 -0.6967487 -4.48244e-4 -0.7140433 -0.700032 -0.009874463 -0.7152779 -0.6988394 -0.001026153 -0.7138925 -0.7001702 -0.01092702 -0.7032249 0.5134722 0.4917531 -0.7107827 0.499809 0.4949536 -0.7008225 0.5177223 0.4907257 0.7178041 0.6962334 -0.004057526 0.717384 0.6966773 -9.4544e-4 0.7173162 0.6967478 -4.47613e-4 0.7152779 0.6988395 -0.001025438 0.7140431 0.7000322 -0.009871482 0.71547 0.6986435 3.89287e-4 -0.01023256 -0.01756525 -0.9997934 0.009030878 0.003914296 -0.9999516 0.009801387 0.004773557 -0.9999406 0.01023262 0.01756531 -0.9997934 -0.009030938 -0.003914296 -0.9999516 -0.009801387 -0.004773557 -0.9999406 -0.004431605 -0.008245289 0.9999562 -0.003444194 -0.007115364 0.9999688 -0.004479229 -0.008299827 0.9999556 0.004431426 0.008245348 0.9999562 0.003439664 0.007115364 0.9999688 0.004479289 0.008299887 0.9999556 -1 0 -3.69112e-6 -1 0 -3.69112e-6 -1 0 -3.69112e-6 0.8065102 -0.5912202 -4.98609e-7 0.8065723 -0.5911355 4.1377e-5 0.8064816 -0.5912594 -1.98319e-5 -0.806511 0.5912193 7.79885e-7 -0.8065716 0.5911365 4.07647e-5 -0.8064829 0.5912574 -1.76804e-5 0.8065102 0.5912202 -3.48101e-7 0.8065723 0.5911355 4.04112e-5 0.8066007 0.5910968 5.90242e-5 0 -1 -2.50946e-4 0 -1 -2.52561e-4 0 -1 -2.53047e-4 -0.806511 -0.5912192 -4.98662e-7 -0.8065717 -0.5911365 4.13769e-5 -0.8065992 -0.5910987 6.04997e-5 0 1 -2.50616e-4 0 1 -2.5101e-4 5.0996e-4 -0.423003 0.9061282 -0.1927228 -0.192988 0.9620882 -1.87274e-4 -0.2727385 0.9620882 -0.2994688 -0.2987481 0.9061281 -0.2740086 -4.56936e-4 0.9617272 -0.4247697 0.00123918 0.9053006 -0.1953636 0.1947088 0.9612084 -0.3012428 0.3030118 0.904122 -1.93414e-4 0.2771209 0.9608352 0.303014 0.3037513 0.9032816 5.21621e-4 0.4290485 0.9032813 0.427272 0.001251339 0.9041224 0.1960913 0.1958168 0.9608352 0.3012316 -0.2994796 0.9053019 0.2758225 -4.62772e-4 0.9612086 0.1934292 -0.194075 0.9617276 2.3005e-7 0.01103144 0.9999392 1.99681e-7 0 1 0 0 1 0 0 1 0 0.9413997 0.3372933 -0.6656693 0.6656712 0.3372927 1.50511e-7 0.9413995 0.3372938 3.72705e-7 -0.01103144 0.9999392 0.01103234 0 0.9999392 -0.9413999 -1.33157e-7 0.3372925 -0.6656692 -0.6656709 0.3372935 -0.9414001 -2.06952e-7 0.3372923 0 -0.9413995 0.3372938 0.6656692 -0.6656709 0.3372936 1.50511e-7 -0.9413995 0.3372938 0.9414 -1.38706e-7 0.3372925 0.6656694 0.6656711 0.3372927 0.9414001 -1.88139e-7 0.3372923 -0.6656687 0.6656718 0.3372924 -0.6656684 -0.6656714 0.3372939 0.6656686 -0.6656713 0.3372939 0.6656689 0.6656717 0.3372925 0.002850949 0.9999489 -0.009706735 0.001190602 0.9999985 -0.001366615 9.18745e-4 0.9999996 -1.03121e-6 -0.002850949 0.9999489 -0.009706795 -0.001190602 0.9999984 -0.001366674 -0.003053367 0.9999378 -0.01072365 0.8662038 0 0.4996909 0.8662037 0 0.4996913 0.8662035 0 0.4996914 -0.002851128 -0.9999489 -0.009706676 -0.001190781 -0.9999984 -0.001366615 -9.18954e-4 -0.9999997 -1.05092e-6 0.001190781 -0.9999985 -0.001366615 0.002851128 -0.9999489 -0.009706676 9.18955e-4 -0.9999996 -1.05685e-6 0.00404489 0 -0.9999919 0.00404489 0 -0.9999918 -0.002297937 0 0.9999974 -0.002298653 0 0.9999974 -0.002297937 0 0.9999974 0.002297878 0 0.9999974 0.002298653 0 0.9999974 0.002297818 0 0.9999974 0 0.8672967 0.4977918 0 0.8672973 0.4977906 0.999944 -0.001306951 0.01050734 0.9999945 -0.003095328 0.001237988 0.9999943 -0.003378272 -2.28514e-4 0.9999945 0.003095269 0.001238048 0.999944 0.001306593 0.0105077 0.9999943 0.003378212 -2.2852e-4 0 -0.867296 0.4977928 0 -0.8672955 0.4977937 -0.999944 0.001306831 0.01050776 -0.9999945 0.003095328 0.001238048 -0.9999943 0.003378272 -2.28521e-4 -0.999944 -0.001306653 0.01050764 -0.9999945 -0.003095507 0.001237571 0 0.004824578 -0.9999884 0 0.004824578 -0.9999884 0 -0.004824578 -0.9999884 0 -0.004824578 -0.9999884 0 0.002596914 0.9999967 0 0.002596914 0.9999967 0 -0.002596914 0.9999967 0.7107802 0.4998116 0.4949544 0.7032233 0.5134738 0.4917538 0.7008212 0.5177234 0.4907261 0.7140429 -0.7000324 -0.009871482 0.7152776 -0.6988397 -0.001025736 0.7154697 -0.6986438 3.88917e-4 0.7173838 -0.6966777 -9.43844e-4 0.7178037 -0.6962338 -0.004056513 0.7173159 -0.696748 -4.4593e-4 -0.7107816 -0.4998083 0.4949558 -0.7032238 -0.513473 0.4917538 -0.7008213 -0.5177234 0.4907259 -0.7140431 0.7000322 -0.009871423 -0.7152777 0.6988396 -0.001025259 -0.7154698 0.6986436 3.89513e-4 -0.7173838 0.6966776 -9.4378e-4 -0.7178037 0.6962339 -0.004056036 -0.7173159 0.696748 -4.4593e-4 -0.01023256 0.01756519 -0.9997934 0.009030938 -0.003914356 -0.9999517 -0.0110647 0.01849299 -0.9997678 0.01023256 -0.01756519 -0.9997934 -0.009030878 0.003914296 -0.9999517 -0.004431605 0.008245348 0.9999562 -0.003444194 0.007115364 0.9999688 -0.003397285 0.00706166 0.9999693 0.004431605 -0.008245348 0.9999562 0.003444194 -0.007115364 0.9999688 0.003397285 -0.00706166 0.9999693 0.703222 -0.5134759 0.4917533 0.7107822 -0.4998089 0.4949543 0.7008188 -0.5177271 0.4907257 -0.7178041 -0.6962334 -0.004056751 -0.7173839 -0.6966775 -9.45107e-4 -0.717316 -0.6967479 -4.47352e-4 -0.7140432 -0.7000321 -0.009873688 -0.7152779 -0.6988394 -0.001025676 -0.7138925 -0.7001702 -0.01092618 -0.7032232 0.5134733 0.4917544 -0.7107807 0.4998109 0.4949545 -0.7008208 0.5177231 0.4907271 0.7178041 0.6962334 -0.004055559 0.717384 0.6966773 -9.43994e-4 0.7173162 0.6967478 -4.46257e-4 0.7152779 0.6988395 -0.001025497 0.714043 0.7000322 -0.0098719 -0.01023256 -0.01756525 -0.9997934 0.009031474 0.003914356 -0.9999516 0.009801983 0.004773557 -0.9999406 0.01023256 0.01756519 -0.9997934 -0.009030878 -0.003914296 -0.9999516 -0.009801387 -0.004773557 -0.9999406 -0.004431605 -0.008245289 0.9999563 -0.003444194 -0.007115364 0.9999688 -0.004479229 -0.008299827 0.9999556 0.004431605 0.008245348 0.9999562 0.003444194 0.007115364 0.9999688 0.004479289 0.008299887 0.9999555 -1 0 -3.69111e-6 -1 0 -3.69112e-6 -1 0 -3.69111e-6 0.80651 -0.5912206 -1.18646e-6 0.8065709 -0.5911375 3.91356e-5 0.8064818 -0.591259 -1.98024e-5 -0.806511 0.5912193 0 -0.8065716 0.5911365 4.06293e-5 -0.8064829 0.5912574 -1.88398e-5 0.8065102 0.5912202 0 0.8065723 0.5911355 4.03002e-5 0.8066007 0.5910968 5.87475e-5 0 -1 -2.50963e-4 0 -1 -2.51091e-4 0 -1 -2.5113e-4 -0.8065112 -0.591219 -8.97966e-7 -0.8065717 -0.5911365 4.00488e-5 -0.8065992 -0.5910987 5.87474e-5 0 1 -2.52981e-4 0 1 -2.53215e-4 5.09822e-4 -0.4230031 0.9061281 -0.1927229 -0.192988 0.9620882 -1.87393e-4 -0.2727386 0.9620882 -0.2994688 -0.2987479 0.9061281 -0.2740085 -4.56871e-4 0.9617272 -0.4247695 0.001239359 0.9053007 -0.1953636 0.1947092 0.9612083 -0.3012424 0.3030124 0.904122 -1.93327e-4 0.2771213 0.9608349 0.3030138 0.3037524 0.9032813 5.21732e-4 0.4290493 0.903281 0.4272721 0.001251518 0.9041222 0.1960914 0.1958174 0.960835 0.3012314 -0.2994796 0.9053021 0.2758225 -4.62648e-4 0.9612086 0.1934291 -0.194075 0.9617277 2.29338e-7 0.01103144 0.9999392 0 0 1 1.74676e-7 0 1 0 0 1 0 0 1 0 0.9414002 0.3372917 -0.6656693 0.6656712 0.3372927 0 0.9414003 0.3372914 -0.007800221 -0.0078004 0.9999392 0 -0.01103144 0.9999392 0.0110315 0 0.9999392 -0.6656706 -0.6656708 0.3372908 -0.9414004 -2.8456e-7 0.3372915 -0.9414002 1.47028e-7 0.3372917 0 -0.9414004 0.3372911 0.6656704 -0.6656711 0.3372908 0 -0.9414003 0.3372914 0.9414002 0 0.3372918 0.6656693 0.6656711 0.3372927 0.9414003 0 0.3372915 -0.6656686 0.6656716 0.3372932 -0.6656702 -0.6656713 0.3372908 0.6656707 -0.6656708 0.3372908 0.6656687 0.6656715 0.3372932 0.00285077 0.9999489 -0.009704113 0.001190543 0.9999985 -0.001365184 9.18746e-4 0.9999996 2.10501e-7 -0.00285077 0.9999489 -0.009704113 -0.001190543 0.9999984 -0.001365184 -0.003053188 0.999938 -0.01072084 0.8662034 0 0.4996918 0.8662039 0 0.4996908 -0.00285077 -0.9999489 -0.009707629 -0.001190543 -0.9999983 -0.00137031 -9.18739e-4 -0.9999997 -5.16961e-6 0.001190543 -0.9999983 -0.001370728 0.00285077 -0.9999489 -0.009707868 9.18739e-4 -0.9999996 -5.63652e-6 0.004045069 0 -0.9999918 -0.002297937 0 0.9999974 0.002297937 0 0.9999974 0 0.8672969 0.4977912 0 0.8672973 0.4977905 0.999944 -0.001306951 0.01050734 0.9999945 -0.003095328 0.001237988 0.9999943 -0.003378272 -2.28529e-4 0.9999945 0.003095269 0.001238048 0.999944 0.001306593 0.0105077 0 -0.8672965 0.497792 0 -0.8672959 0.497793 -0.999944 0.001306831 0.01050776 -0.9999945 0.003095328 0.001238048 -0.9999943 0.003378272 -2.28521e-4 -0.999944 -0.001306653 0.01050764 -0.9999945 -0.003095507 0.001237571 -0.9999322 -0.001096189 0.01159846 0 0.004824578 -0.9999884 0 0.004824578 -0.9999884 0 0.004824578 -0.9999884 0 -0.004824578 -0.9999884 0 -0.004824578 -0.9999884 0 -0.002596914 0.9999967 0.7107788 0.4998114 0.4949566 0.7032219 0.513476 0.4917533 0.7008198 0.5177265 0.4907249 0.7140429 -0.7000324 -0.009871125 0.7152776 -0.6988397 -0.001022517 0.7173829 -0.6966785 -9.42897e-4 0.7178036 -0.6962338 -0.004058301 0.7173149 -0.696749 -4.44547e-4 -0.7107818 -0.4998073 0.4949565 -0.7032226 -0.5134735 0.491755 -0.7008199 -0.5177244 0.4907272 -0.714043 0.7000322 -0.009871602 -0.715277 0.6988403 -0.001026809 -0.715469 0.6986445 3.8773e-4 -0.7173838 0.6966776 -9.42678e-4 -0.7178036 0.6962339 -0.004056692 -0.7173159 0.696748 -4.44547e-4 -0.01023256 0.01756525 -0.9997934 0.009031414 -0.003914296 -0.9999516 0.01023262 -0.01756531 -0.9997934 -0.009031474 0.003914356 -0.9999516 0.01106476 -0.01849311 -0.9997678 -0.004436075 0.008245348 0.9999562 -0.003439903 0.007115364 0.9999688 -0.003392577 0.007061719 0.9999693 0.004436135 -0.008245348 0.9999562 0.003439903 -0.007115423 0.9999688 0.7032214 -0.5134767 0.4917533 0.7107794 -0.4998113 0.494956 0.700819 -0.5177273 0.4907252 -0.7178041 -0.6962334 -0.004055917 -0.717384 -0.6966775 -9.44225e-4 -0.7173162 -0.6967478 -4.46461e-4 -0.7140433 -0.700032 -0.009871304 -0.7152779 -0.6988394 -0.001024127 -0.7138925 -0.7001702 -0.01092374 -0.7032227 0.5134751 0.4917532 -0.7107798 0.4998121 0.4949545 -0.7008205 0.5177249 0.4907254 0.7178032 0.6962343 -0.004057288 0.7173832 0.6966782 -9.43067e-4 0.7173153 0.6967486 -4.44901e-4 0.7152779 0.6988395 -0.001027286 0.714043 0.7000323 -0.009873211 0.71547 0.6986435 3.87433e-4 -0.01023262 -0.01756531 -0.9997934 0.009031474 0.003914356 -0.9999516 0.009801983 0.004773557 -0.9999406 0.01023256 0.01756525 -0.9997934 -0.009031414 -0.003914296 -0.9999516 -0.009801924 -0.004773557 -0.9999406 -0.004436016 -0.008245408 0.9999562 -0.003437638 -0.007115423 0.9999688 -0.004484236 -0.008299946 0.9999556 0.004431605 0.008245348 0.9999562 0.003444254 0.007115364 0.9999688 -1 0 -3.69111e-6 -1 0 -3.69112e-6 -1 0 -3.6911e-6 0.8065097 -0.5912209 1.16438e-6 0.8065714 -0.5911366 4.08855e-5 0.8064812 -0.5912598 -1.71741e-5 -0.8065086 0.5912225 2.20578e-7 -0.8065701 0.5911385 4.16027e-5 -0.8064801 0.5912612 -1.88847e-5 0.80651 0.5912206 -1.61753e-6 0.8065708 0.5911375 3.90004e-5 0.8065987 0.5910996 5.75488e-5 0 -1 -2.50949e-4 0 -1 -2.51088e-4 -0.8065105 -0.5912199 1.16434e-6 -0.8065707 -0.5911377 4.08854e-5 -0.8065983 -0.5911002 5.90242e-5 0 1 -2.52171e-4 0 1 -2.52844e-4 5.10011e-4 -0.423003 0.9061281 -0.192724 -0.1929885 0.9620878 -1.87274e-4 -0.2727384 0.9620882 -0.2994704 -0.2987492 0.9061272 -0.2740074 -4.56673e-4 0.9617274 -0.4247679 0.00123918 0.9053016 -0.1953626 0.1947082 0.9612088 -0.3012416 0.303011 0.9041227 -1.93365e-4 0.2771213 0.960835 0.3030135 0.3037516 0.9032818 5.21816e-4 0.429049 0.9032811 0.4272704 0.001251518 0.9041231 0.1960905 0.1958168 0.9608353 0.3012326 -0.2994799 0.9053015 0.2758215 -4.62315e-4 0.9612088 0.1934301 -0.194075 0.9617274 6.49832e-7 0.01103144 0.9999392 0 0 1 0 0 1 0 0 1 0 0 1 0 0.9414013 0.3372889 -0.6656692 0.6656712 0.3372928 1.31697e-7 0.9414017 0.3372874 -3.35292e-7 -0.01103144 0.9999392 -0.9414005 -7.85074e-7 0.3372908 -0.6656708 -0.6656691 0.3372937 -0.941401 -1.14764e-6 0.3372896 0.6656703 -0.6656692 0.3372948 0 -0.941398 0.337298 0 -0.9413976 0.3372991 0.9414005 -7.90622e-7 0.3372908 0.6656693 0.6656711 0.3372928 0.941401 -1.16646e-6 0.3372896 -0.6656684 0.6656714 0.3372939 -0.6656701 -0.6656693 0.3372948 0.6656709 -0.6656691 0.3372936 0.6656686 0.6656713 0.3372939 0.6931225 -0.1322619 0.7085817 0 1 -6.99154e-6 0.006900548 -0.7070888 -0.7070912 0.693121 0.1322626 -0.708583 -0.712456 0.1426085 -0.687073 -0.1069595 -0.7118363 0.6941533 0.006901144 0.7070875 0.7070924 0 0.8660269 -0.4999976 0 -0.8660266 -0.4999979 1 7.60743e-7 0 1 7.60743e-7 0 1 2.07469e-6 0 0 0.6141766 -0.7891687 0 -0.6141778 0.7891677 0 -0.8660267 -0.4999977 0 0.8660232 -0.5000039 0 0.8660262 0.4999986 0 -0.8660276 0.4999964 0 -0.6141803 -0.7891657 0 0.6141778 0.7891677 0 0.8660276 -0.4999964 0 -0.8660272 -0.4999969 0 0.8660238 0.5000028 0 0.6141785 -0.7891672 0 -0.6141787 0.789167 0 -0.8660268 -0.4999977 0 0.8660241 -0.5000022 0 0.8660269 0.4999976 1 -2.07468e-6 0 0 -0.6141747 -0.7891702 0 0.6141768 0.7891684 0 0.8660266 -0.4999981 0 -0.8660265 -0.499998 0 -0.866024 0.5000024 1 7.60744e-7 0 1 7.60743e-7 0 0 0.6141771 -0.7891683 0 -0.6141781 0.7891674 0 -0.8660266 -0.4999981 0 0.866024 -0.5000025 0 0.866027 0.4999973 1 -7.60742e-7 0 1 -2.07468e-6 0 0 0.6141775 0.7891681 0.5874936 0.8086148 -0.03152096 0.9504362 -0.3088153 -0.03611499 0 -0.9992411 -0.03895312 -0.9504364 -0.3088145 -0.03611552 -0.5874939 0.8086144 -0.03152221 -0.5874933 0.8086149 -0.03152221 -0.9504362 -0.3088152 -0.03611534 0 -0.9992411 -0.0389533 0.9504363 -0.3088147 -0.03611558 0.5874937 0.8086146 -0.03152233 0.5874937 -0.8086146 -0.03152215 0.9504359 0.308816 -0.03611487 0 0.9992411 -0.03895258 -0.950436 0.3088156 -0.03611582 -0.5874925 -0.8086155 -0.03152275 -2.2815e-6 0 -1 1.79528e-7 0 -1 -0.5874924 -0.8086156 -0.03152233 -0.9504365 0.3088143 -0.0361154 0 0.9992411 -0.03895318 0.9504363 0.308815 -0.03611588 0.5874923 -0.8086156 -0.03152292 -0.8662047 0 0.4996892 0.003053545 0.9999379 -0.01072418 -9.18954e-4 0.9999996 3.10482e-7 0.8662028 0 0.4996926 -0.003053545 -0.9999379 -0.01072418 0.003053545 -0.9999379 -0.01072478 -0.004044771 0 -0.9999918 0.004044771 0 -0.9999918 -0.002298653 0 0.9999974 0.002298712 0 0.9999974 0 0.8672956 0.4977936 0.9999322 -0.001096606 0.01159805 0.9999322 0.001096248 0.01159846 0 -0.8672956 0.4977934 -0.9999322 0.001096427 0.01159852 -0.9999943 -0.003378272 -2.29047e-4 0 -0.002596914 0.9999967 0.7130113 0.4956912 0.4958883 0.7138924 -0.7001703 -0.01092702 0.7178537 -0.6961799 -0.004430234 -0.7130079 -0.4956964 0.4958882 -0.7138925 0.7001702 -0.01092374 -0.7178534 0.6961804 -0.00442785 0.009801387 -0.004773557 -0.9999406 -0.009801447 0.004773557 -0.9999406 -0.004479229 0.008299827 0.9999556 0.004479289 -0.008299887 0.9999556 0.7130078 -0.4956954 0.4958891 -0.7178537 -0.6961799 -0.004427552 -0.71547 -0.6986434 3.8787e-4 -0.7130099 0.4956943 0.4958873 0.7178539 0.6961797 -0.00443083 0.7138922 0.7001704 -0.01092416 -0.01106476 -0.01849299 -0.9997678 0.01106476 0.01849305 -0.9997678 -0.003397285 -0.00706166 0.9999693 0.003392517 0.00706166 0.9999694 -1 0 -3.16383e-6 0.8065999 -0.5910978 6.04997e-5 -0.8066 0.5910978 5.90241e-5 0.8064829 0.5912574 -1.9166e-5 0 -1 -2.50459e-4 -0.8064816 -0.5912594 -1.93604e-5 0 1 -2.5113e-4 1 0 -3.69112e-6 -0.8662041 0 0.4996905 0.003053367 0.9999379 -0.01072359 -9.18745e-4 0.9999996 -1.03121e-6 0.8662037 0 0.4996911 -0.003053545 -0.9999379 -0.01072353 0.003053545 -0.9999379 -0.01072353 -0.004044771 0 -0.9999918 0.004044771 0 -0.9999918 -0.002298712 0 0.9999974 0.002298712 0 0.9999974 0.9999322 -0.001096606 0.01159805 0.9999322 0.001096248 0.01159846 0 -0.8672945 0.4977955 -0.9999322 0.001096427 0.01159852 -0.9999943 -0.003378272 -2.29043e-4 0 0.002596914 0.9999967 0.7130084 0.4956946 0.4958891 0.7138924 -0.7001703 -0.01092416 0.7178537 -0.6961799 -0.004428446 -0.7130065 -0.4956973 0.4958891 -0.7138925 0.7001702 -0.01092416 -0.7178534 0.6961804 -0.004428267 0.009801387 -0.004773557 -0.9999406 -0.009801387 0.004773557 -0.9999406 -0.004479289 0.008299887 0.9999555 0.004479289 -0.008299887 0.9999555 0.7130084 -0.4956958 0.4958878 -0.7178537 -0.6961799 -0.004428386 -0.71547 -0.6986434 3.88727e-4 -0.7130075 0.4956963 0.4958886 0.7178539 0.6961797 -0.004427552 0.7138922 0.7001705 -0.01092469 -0.01106476 -0.01849305 -0.9997678 0.0110647 0.01849293 -0.9997678 -0.003397285 -0.00706166 0.9999694 0.003397285 0.00706166 0.9999693 -1 0 -3.16382e-6 0.8065978 -0.5911006 5.75488e-5 -0.8066 0.5910978 5.92086e-5 0.8064829 0.5912574 -1.87469e-5 0 -1 -2.50924e-4 -0.8064818 -0.591259 -1.89283e-5 0 1 -2.53287e-4 1 0 -3.69111e-6 -0.8662042 0 0.4996902 0.003053188 0.9999379 -0.01072084 -9.18746e-4 0.9999996 2.10501e-7 0.8662031 0 0.4996922 -0.003053188 -0.9999379 -0.01072418 0.003053188 -0.9999379 -0.01072561 0.004044771 0 -0.9999918 -0.002298712 0 0.9999974 0.002298712 0 0.9999974 0 0.867296 0.497793 0.9999322 0.001096248 0.01159846 0 -0.8672949 0.4977948 -0.9999943 -0.003378272 -2.29055e-4 0 0.004824578 -0.9999884 0 0.002596914 0.9999967 0.713007 0.4956937 0.4958921 0.7138924 -0.7001703 -0.01092535 0.7178537 -0.6961799 -0.004430353 -0.7130073 -0.495696 0.4958891 -0.7178533 0.6961804 -0.004429399 0.009801924 -0.004773557 -0.9999406 -0.009801983 0.004773557 -0.9999406 -0.004484176 0.008299827 0.9999556 0.004484236 -0.008299946 0.9999556 0.7130032 -0.4956977 0.4958934 -0.71547 -0.6986434 3.9051e-4 -0.7130072 0.4956979 0.4958876 0.7178531 0.6961805 -0.004429221 0.7138921 0.7001705 -0.01092517 -0.01106476 -0.01849311 -0.9997678 0.01106476 0.01849299 -0.9997678 -0.003390192 -0.007061719 0.9999694 0.003397285 0.007061719 0.9999693 -1 0 -3.16382e-6 0.8065989 -0.5910992 5.90243e-5 -0.8065989 0.5910992 6.04999e-5 0.8064833 0.591257 -2.03701e-5 0 -1 -2.50907e-4 -0.8064812 -0.5912598 -1.81258e-5 0 1 -2.53047e-4 1 0 -3.6911e-6 0.003053545 0.9999378 -0.01072418 -9.18954e-4 0.9999997 3.10482e-7 -0.003053545 -0.9999378 -0.01072418 0.003053545 -0.9999378 -0.01072436 0 0.8672965 0.497792 0.9999322 -0.001096487 0.01159805 0.9999322 0.001096069 0.01159846 0 -0.8672966 0.4977918 -0.9999322 0.001096367 0.01159852 -0.9999943 -0.00337851 -2.29047e-4 0 -0.002596914 0.9999967 0.7130094 0.4956951 0.4958869 0.7138922 -0.7001705 -0.01092374 0.7178534 -0.6961803 -0.004430234 -0.7130092 -0.4956934 0.4958891 -0.7138924 0.7001702 -0.01092374 -0.7178533 0.6961804 -0.004428446 0.009801387 -0.004773557 -0.9999406 -0.009801447 0.004773557 -0.9999406 -0.004479229 0.008299827 0.9999556 0.004479229 -0.008299827 0.9999556 0.7130095 -0.4956943 0.4958877 -0.7178537 -0.6961799 -0.004427552 -0.71547 -0.6986434 3.88928e-4 -0.7130092 0.4956955 0.4958868 0.7178537 0.6961799 -0.004429221 0.7138924 0.7001703 -0.01092374 0.01106476 0.01849311 -0.9997678 -0.003397285 -0.00706166 0.9999693 0.003392517 0.00706166 0.9999694 -1 0 -3.69112e-6 0.8066007 -0.5910968 6.04998e-5 -0.8065992 0.5910987 5.90241e-5 0.8064816 0.5912594 -1.9166e-5 -0.8064829 -0.5912574 -1.98319e-5 0 1 -2.51129e-4 0.003053367 0.999938 -0.01072365 -9.18745e-4 0.9999997 -1.06057e-6 0.8662039 0 0.4996908 -0.003053545 -0.9999378 -0.01072353 0.003053545 -0.999938 -0.01072353 0.004044771 0 -0.9999918 -0.002298712 0 0.9999974 0.002298712 0 0.9999974 0.9999322 -0.001096487 0.01159805 0.9999322 0.001096069 0.01159846 0 -0.8672953 0.4977939 -0.9999322 0.001096367 0.01159852 -0.9999943 -0.00337851 -2.29043e-4 0 -0.002596914 0.9999967 0.7130065 0.4956986 0.4958878 0.7178534 -0.6961803 -0.004428207 -0.7130081 -0.4956945 0.4958896 -0.7178533 0.6961804 -0.004427731 0.009801387 -0.004773557 -0.9999406 -0.009801387 0.004773557 -0.9999406 -0.004479289 0.008299887 0.9999555 0.004479289 -0.008299887 0.9999556 -0.7178537 -0.6961799 -0.004428386 -0.71547 -0.6986434 3.8938e-4 -0.7130072 0.4956977 0.4958877 0.7178537 0.6961799 -0.004427134 0.7138923 0.7001704 -0.01092422 -0.01106476 -0.01849305 -0.9997678 0.0110647 0.01849299 -0.9997678 -0.003397285 -0.007061719 0.9999693 0.003397285 0.00706166 0.9999693 -1 0 -3.69112e-6 0.8065987 -0.5910996 5.75488e-5 -0.8065992 0.5910987 5.92085e-5 0.8064816 0.5912594 -1.87469e-5 -0.8064833 -0.591257 -1.98024e-5 0 1 -2.53286e-4 0.003053188 0.999938 -0.01072084 -9.18746e-4 0.9999997 2.10501e-7 -0.003053188 -0.9999378 -0.01072418 0.003053188 -0.9999378 -0.01072436 0 0.8672969 0.4977914 0.9999322 0.001096069 0.01159846 0 -0.8672958 0.4977932 -0.9999943 -0.00337851 -2.29055e-4 0.7130051 0.4956976 0.4958907 0.7178534 -0.6961803 -0.004430353 -0.7130087 -0.495693 0.4958901 -0.7178533 0.6961805 -0.004428565 0.009801924 -0.004773557 -0.9999406 -0.009801983 0.004773557 -0.9999406 -0.004484176 0.008299887 0.9999556 0.004484236 -0.008299946 0.9999556 0.7130059 -0.4956972 0.4958899 -0.71547 -0.6986434 3.9076e-4 -0.7130061 0.4956988 0.4958881 0.717853 0.6961808 -0.004429221 0.7138923 0.7001704 -0.01092547 0.01106476 0.01849299 -0.9997678 -0.003390192 -0.007061719 0.9999694 0.003397285 0.007061719 0.9999693 -1 0 -3.69113e-6 0.8065997 -0.5910982 5.90243e-5 -0.8065983 0.5911002 6.04998e-5 0.8064818 0.591259 -2.03701e-5 -0.8064826 -0.5912578 -1.71741e-5 0 1 -2.53046e-4</float_array>
          <technique_common>
            <accessor source="#Stove-mesh-normals-array" count="1674" stride="3">
              <param name="X" type="float"/>
              <param name="Y" type="float"/>
              <param name="Z" type="float"/>
            </accessor>
          </technique_common>
        </source>
        <source id="Stove-mesh-map-0">
          <float_array id="Stove-mesh-map-0-array" count="8784">0.5807268 0.009914517 0.6202632 0.508215 0.5807268 0.508215 0.2120226 0.9854581 0.6245502 0.9464753 0.2120226 0.9393737 0.6066189 0.5340559 0.6268954 0.9706783 0.6066189 0.9706783 0.6254034 0.01773488 0.6680623 0.4691672 0.6176319 0.4691674 0.5957162 0.01601636 0.2666141 0.5146801 0.2666141 0.01601642 0.486303 0.5349572 0.1853156 0.9910209 0.1853155 0.5349572 0.1781553 0.01773488 0.617632 0.469167 0.1781553 0.4691672 0.4139873 0.4038281 0.3928202 0.1131908 0.4139873 0.1131908 0.2120226 0.9393737 0.6245502 0.5377714 0.2120226 0.5377714 0.2120226 0.9393737 0.1822573 0.9854581 0.2120226 0.9854581 0.6066189 0.9706783 0.6240512 0.5340559 0.6066189 0.5340559 0.6066189 0.7387521 0.6240512 0.7387521 0.6297755 0.7451343 0.6318122 0.5340559 0.6109645 0.9706783 0.6109644 0.5340559 0.6109645 0.9706783 0.6045822 0.5340559 0.6109644 0.5340559 0.6066189 0.7659821 0.6268954 0.7659821 0.6297755 0.7451343 0.5807268 0.009914517 0.5439887 0.508215 0.5439887 0.009914517 0.5439887 0.009914517 0.2238356 0.508215 0.2238357 0.009914517 0.2666141 0.5146803 0.2428683 0.01601654 0.2666141 0.01601642 0.2120226 0.5377714 0.1822573 0.9393737 0.2120226 0.9393737 0.6176321 0.4691675 0.1781554 0.5017401 0.1781553 0.4691674 0.6680627 0.4691675 0.6176324 0.5017406 0.6176321 0.4691676 0.674188 0.4752764 0.172475 0.4991675 0.172475 0.4752764 0.403428 0.4991675 0.4432352 0.4752764 0.403428 0.4752764 0.403428 0.4752764 0.4432352 0.4991675 0.403428 0.4991675 0.172475 0.5071256 0.674188 0.4673182 0.674188 0.5071255 0.68707 0.08681678 0.7605307 0.510013 0.68707 0.4426194 0.08681684 0.07802999 0.004569292 0.7775948 0.004569292 0.004569232 0.84313 0.08681678 0.7696692 0.510013 0.7696692 0.004569292 0.09595543 0.07802999 0.163349 0.7775948 0.09595549 0.7041341 0.4141047 0.1210684 0.4362354 0.3959505 0.4141047 0.3959505 0.4139873 0.002792894 0.3928202 0.514226 0.4139873 0.514226 0.4139873 0.514226 0.3928202 0.002792894 0.4139873 0.002792894 0.4139873 0.1131908 0.3928202 0.4038281 0.4139873 0.4038281 0.8671002 0.2898613 0.981706 0.2866744 0.9785191 0.2898613 0.8671002 0.4907669 0.8639132 0.2866744 0.8671002 0.2898613 0.9785191 0.4907669 0.8639132 0.4939538 0.8671002 0.4907669 0.9785191 0.2898613 0.9817061 0.4939538 0.9785191 0.4907669 0.6753804 0.3959505 0.1797253 0.1210684 0.6753804 0.1210684 0.4141047 0.3959505 0.4362354 0.1210684 0.4141047 0.1210684 0.4141047 0.01068192 0.4362354 0.5063369 0.4141047 0.5063369 0.4141047 0.5063369 0.4362354 0.01068192 0.4141047 0.01068192 0.3127115 0.466993 0.3289363 0.4836618 0.3267837 0.468403 0.3200511 0.451272 0.3704442 0.4772753 0.3166882 0.4666117 0.3196415 0.4513677 0.3704442 0.4772753 0.3735482 0.4612538 0.3293356 0.4837941 0.3818649 0.4624324 0.3835141 0.4786683 0.3818649 0.4624324 0.3289363 0.4836618 0.3835141 0.4786683 0.2810961 0.4806064 0.2885073 0.4529223 0.2940036 0.4677432 0.3293356 0.4837941 0.3048765 0.465045 0.3273671 0.4682138 0.2940036 0.4677432 0.3200511 0.451272 0.3166882 0.4666117 0.3196415 0.4513677 0.3019821 0.4665084 0.3161242 0.4663708 0.2167413 0.4704926 0.6539829 0.4675554 0.6542665 0.4785493 0.2969676 0.4524437 0.2932711 0.474409 0.3019821 0.4665084 0.3047471 0.4583403 0.3064513 0.4805492 0.3127115 0.466993 0.2980684 0.479311 0.2931793 0.451072 0.3048765 0.465045 0.2171459 0.4485228 0.6553613 0.4675808 0.6546711 0.4565794 0.2167413 0.4704926 0.6553613 0.4675808 0.2160511 0.4594912 0.3289363 0.4836617 0.3127115 0.466993 0.3267838 0.468403 0.3200511 0.451272 0.3704442 0.4772753 0.3735482 0.4612538 0.3704442 0.4772753 0.3196415 0.4513677 0.3735482 0.4612538 0.3293357 0.4837941 0.3818649 0.4624324 0.3273672 0.4682138 0.3289363 0.4836617 0.3818649 0.4624324 0.3835141 0.4786682 0.2885073 0.4529223 0.2810961 0.4806065 0.2940037 0.4677432 0.3293357 0.4837941 0.3048766 0.465045 0.2980686 0.4793111 0.3200511 0.451272 0.2940037 0.4677432 0.3166882 0.4666117 0.3196415 0.4513677 0.3019821 0.4665085 0.2969676 0.4524437 0.2969676 0.4524437 0.2932711 0.4744091 0.2840514 0.4653525 0.3064514 0.4805492 0.3047471 0.4583404 0.3127115 0.466993 0.2980686 0.4793111 0.2931793 0.4510721 0.2826631 0.4596036 0.8681286 0.05576539 0.8522686 0.004569292 0.8522686 0.05576539 0.09893345 0.7867335 0.08307343 0.8458498 0.08307343 0.7867335 0.8522686 0.1161002 0.8681287 0.1672964 0.8522686 0.1672964 0.8681287 0.1672964 0.8522686 0.2184925 0.8522686 0.1672964 0.6488064 0.7906066 0.6900289 0.7956119 0.6637787 0.7992507 0.1239321 0.8458498 0.1080721 0.7867335 0.1080721 0.8458498 0.8681286 0.1069616 0.8522686 0.05576539 0.8522686 0.1069617 0.04626077 0.8076474 0.07393485 0.8494752 0.04626077 0.8494752 0.7511988 0.8497229 0.7099764 0.8447174 0.7362266 0.8410785 0.6488064 0.7906066 0.6737524 0.8238034 0.6488064 0.8497229 0.7511988 0.7906066 0.6900289 0.7956119 0.7000026 0.7610484 0.6488064 0.8497229 0.7099764 0.8447174 0.7000025 0.879281 0.7511988 0.8497229 0.7262529 0.8165258 0.7511988 0.7906066 0.004569292 0.8076473 0.02084571 0.7867335 0.03712213 0.8076473 0.04626077 0.8494752 0.07393485 0.8076474 0.04626077 0.8076474 0.04626077 0.8494752 0.07393485 0.8703891 0.04626077 0.8703891 0.04626077 0.7867335 0.07393485 0.8076474 0.04626077 0.8076474 0.04626077 0.8076474 0.07393485 0.7867335 0.04626077 0.7867335 0.04626077 0.8703891 0.07393485 0.8494752 0.04626077 0.8494752 0.8522686 0.004569292 0.8681286 0.05576539 0.8522686 0.05576539 0.08307343 0.8458498 0.09893345 0.7867335 0.08307343 0.7867335 0.8522686 0.1161002 0.8681287 0.1672964 0.8681287 0.1161002 0.8522686 0.2184925 0.8681287 0.1672964 0.8522686 0.1672964 0.6488064 0.7906066 0.6900289 0.7956119 0.7000026 0.7610484 0.1080721 0.7867335 0.1239321 0.8458498 0.1080721 0.8458498 0.8522686 0.05576539 0.8681286 0.1069616 0.8522686 0.1069617 0.07393485 0.8494752 0.04626077 0.8076474 0.04626077 0.8494752 0.7511988 0.8497229 0.7099764 0.8447174 0.7000025 0.879281 0.6737524 0.8238034 0.6488064 0.7906066 0.6488064 0.8497229 0.6900289 0.7956119 0.7511988 0.7906066 0.7000026 0.7610484 0.7099764 0.8447174 0.6488064 0.8497229 0.7000025 0.879281 0.7262529 0.8165258 0.7511988 0.8497229 0.7511988 0.7906066 0.004569292 0.8076473 0.004569292 0.8494752 0.03712213 0.8076473 0.07393485 0.8076474 0.04626077 0.8494752 0.04626077 0.8076474 0.07393485 0.8703891 0.04626077 0.8494752 0.04626077 0.8703891 0.07393485 0.8076474 0.04626077 0.7867335 0.04626077 0.8076474 0.07393485 0.7867335 0.04626077 0.8076474 0.04626077 0.7867335 0.07393485 0.8494752 0.04626077 0.8703891 0.04626077 0.8494752 0.8681286 0.05576539 0.8522686 0.004569292 0.8522686 0.05576539 0.09893345 0.7867335 0.08307343 0.8458498 0.08307343 0.7867335 0.8522686 0.1161002 0.8681287 0.1672964 0.8522686 0.1672964 0.8681287 0.1672964 0.8522686 0.2184925 0.8522686 0.1672964 0.6488064 0.7906066 0.6900289 0.7956119 0.6637787 0.7992507 0.1239321 0.8458498 0.1080721 0.7867335 0.1080721 0.8458498 0.8681286 0.1069616 0.8522686 0.05576539 0.8522686 0.1069617 0.04626077 0.8076474 0.07393485 0.8494752 0.04626077 0.8494752 0.7511988 0.8497229 0.7099764 0.8447174 0.7362266 0.8410785 0.6488064 0.7906066 0.6737524 0.8238034 0.6488064 0.8497229 0.7511988 0.7906066 0.6900289 0.7956119 0.7000026 0.7610484 0.6488064 0.8497229 0.7099764 0.8447174 0.7000025 0.879281 0.7511988 0.8497229 0.7262529 0.8165258 0.7511988 0.7906066 0.004569292 0.8076473 0.02084571 0.7867335 0.03712213 0.8076473 0.04626077 0.8494752 0.07393485 0.8076474 0.04626077 0.8076474 0.04626077 0.8494752 0.07393485 0.8703891 0.04626077 0.8703891 0.04626077 0.7867335 0.07393485 0.8076474 0.04626077 0.8076474 0.04626077 0.8076474 0.07393485 0.7867335 0.04626077 0.7867335 0.04626077 0.8703891 0.07393485 0.8494752 0.04626077 0.8494752 0.8522686 0.004569292 0.8681286 0.05576539 0.8522686 0.05576539 0.08307343 0.8458498 0.09893345 0.7867335 0.08307343 0.7867335 0.8522686 0.1161002 0.8681287 0.1672964 0.8681287 0.1161002 0.8522686 0.2184925 0.8681287 0.1672964 0.8522686 0.1672964 0.6488064 0.7906066 0.6900289 0.7956119 0.7000026 0.7610484 0.1080721 0.7867335 0.1239321 0.8458498 0.1080721 0.8458498 0.8522686 0.05576539 0.8681286 0.1069616 0.8522686 0.1069617 0.07393485 0.8494752 0.04626077 0.8076474 0.04626077 0.8494752 0.7511988 0.8497229 0.7099764 0.8447174 0.7000025 0.879281 0.6737524 0.8238034 0.6488064 0.7906066 0.6488064 0.8497229 0.6900289 0.7956119 0.7511988 0.7906066 0.7000026 0.7610484 0.7099764 0.8447174 0.6488064 0.8497229 0.7000025 0.879281 0.7262529 0.8165258 0.7511988 0.8497229 0.7511988 0.7906066 0.004569292 0.8076473 0.004569292 0.8494752 0.03712213 0.8076473 0.07393485 0.8076474 0.04626077 0.8494752 0.04626077 0.8076474 0.07393485 0.8703891 0.04626077 0.8494752 0.04626077 0.8703891 0.07393485 0.8076474 0.04626077 0.7867335 0.04626077 0.8076474 0.07393485 0.7867335 0.04626077 0.8076474 0.04626077 0.7867335 0.07393485 0.8494752 0.04626077 0.8703891 0.04626077 0.8494752 0.8681286 0.05576539 0.8522686 0.004569292 0.8522686 0.05576539 0.09893345 0.7867335 0.08307343 0.8458498 0.08307343 0.7867335 0.8522686 0.1161002 0.8681287 0.1672964 0.8522686 0.1672964 0.8681287 0.1672964 0.8522686 0.2184925 0.8522686 0.1672964 0.6488064 0.7906066 0.6900289 0.7956119 0.6637787 0.7992507 0.1239321 0.8458498 0.1080721 0.7867335 0.1080721 0.8458498 0.8681286 0.1069616 0.8522686 0.05576539 0.8522686 0.1069617 0.04626077 0.8076474 0.07393485 0.8494752 0.04626077 0.8494752 0.7511988 0.8497229 0.7099764 0.8447174 0.7362266 0.8410785 0.6488064 0.7906066 0.6737524 0.8238034 0.6488064 0.8497229 0.7511988 0.7906066 0.6900289 0.7956119 0.7000026 0.7610484 0.6488064 0.8497229 0.7099764 0.8447174 0.7000025 0.879281 0.7511988 0.8497229 0.7262529 0.8165258 0.7511988 0.7906066 0.004569292 0.8076473 0.02084571 0.7867335 0.03712213 0.8076473 0.04626077 0.8494752 0.07393485 0.8076474 0.04626077 0.8076474 0.04626077 0.8494752 0.07393485 0.8703891 0.04626077 0.8703891 0.04626077 0.7867335 0.07393485 0.8076474 0.04626077 0.8076474 0.04626077 0.8076474 0.07393485 0.7867335 0.04626077 0.7867335 0.04626077 0.8703891 0.07393485 0.8494752 0.04626077 0.8494752 0.8522686 0.004569292 0.8681286 0.05576539 0.8522686 0.05576539 0.08307343 0.8458498 0.09893345 0.7867335 0.08307343 0.7867335 0.8522686 0.1161002 0.8681287 0.1672964 0.8681287 0.1161002 0.8522686 0.2184925 0.8681287 0.1672964 0.8522686 0.1672964 0.6488064 0.7906066 0.6900289 0.7956119 0.7000026 0.7610484 0.1080721 0.7867335 0.1239321 0.8458498 0.1080721 0.8458498 0.8522686 0.05576539 0.8681286 0.1069616 0.8522686 0.1069617 0.07393485 0.8494752 0.04626077 0.8076474 0.04626077 0.8494752 0.7511988 0.8497229 0.7099764 0.8447174 0.7000025 0.879281 0.6737524 0.8238034 0.6488064 0.7906066 0.6488064 0.8497229 0.6900289 0.7956119 0.7511988 0.7906066 0.7000026 0.7610484 0.7099764 0.8447174 0.6488064 0.8497229 0.7000025 0.879281 0.7262529 0.8165258 0.7511988 0.8497229 0.7511988 0.7906066 0.004569292 0.8076473 0.004569292 0.8494752 0.03712213 0.8494752 0.07393485 0.8076474 0.04626077 0.8494752 0.04626077 0.8076474 0.07393485 0.8703891 0.04626077 0.8494752 0.04626077 0.8703891 0.07393485 0.8076474 0.04626077 0.7867335 0.04626077 0.8076474 0.07393485 0.7867335 0.04626077 0.8076474 0.04626077 0.7867335 0.07393485 0.8494752 0.04626077 0.8703891 0.04626077 0.8494752 0.569085 0.2937984 0.5886283 0.2295291 0.569085 0.2295291 0.6618462 0.2937984 0.6382803 0.2295291 0.6612548 0.2295291 0.5827916 0.2937984 0.5570066 0.2295291 0.5811634 0.2295291 0.6382803 0.2295291 0.6618462 0.2937984 0.6612548 0.2295291 0.5495417 0.2295291 0.569085 0.2937984 0.569085 0.2295291 0.5886283 0.4964479 0.5811634 0.4734733 0.5570066 0.4734733 0.2643132 0.2295291 0.2838565 0.2937984 0.2838565 0.2295291 0.6382803 0.2295291 0.6618462 0.2937984 0.6612548 0.2295291 0.2959349 0.2295291 0.27015 0.2937984 0.2717781 0.2295291 0.6382803 0.2295291 0.6618462 0.2937984 0.6357749 0.2937984 0.3033998 0.2295291 0.2838565 0.2937984 0.3060342 0.2937984 0.3033998 0.4964479 0.2717781 0.4734733 0.2643132 0.4964479 0.5886283 0.2295291 0.569085 0.2937984 0.569085 0.2295291 0.2146612 0.2295291 0.1910952 0.2937984 0.1916866 0.2295291 0.5570066 0.2295291 0.5827915 0.2937984 0.5811634 0.2295291 0.2146612 0.2295291 0.1910952 0.2937984 0.2171666 0.2937984 0.5495417 0.2295291 0.569085 0.2937984 0.5469074 0.2937984 0.5495417 0.02687972 0.5570066 0.04985421 0.5811634 0.04985421 0.2838565 0.2937984 0.2643132 0.2295291 0.2838565 0.2295291 0.1910952 0.2937984 0.2146612 0.2295291 0.1916866 0.2295291 0.27015 0.2937984 0.2959349 0.2295291 0.2717781 0.2295291 0.2146612 0.2295291 0.1910952 0.2937984 0.1916866 0.2295291 0.3033998 0.2295291 0.2838565 0.2937984 0.2838565 0.2295291 0.2643132 0.02687972 0.2717781 0.04985421 0.2959349 0.04985421 0.7619592 0.6550486 0.7681517 0.6406201 0.7621393 0.6406201 0.859187 0.6550486 0.7883211 0.6409404 0.7883211 0.6552115 0.6711035 0.6550486 0.7419693 0.6409404 0.66278 0.6406201 0.7683318 0.6550486 0.7621393 0.6406201 0.7681517 0.6406201 0.6711035 0.6550486 0.7419693 0.6409404 0.7419694 0.6552115 0.7883211 0.6409404 0.859187 0.6550486 0.7883211 0.6552115 0.7883211 0.6470052 0.8675104 0.6407476 0.7883211 0.6405023 0.7419693 0.6405023 0.66278 0.64676 0.7419693 0.6470052 0.6711035 0.6405674 0.7419694 0.6470053 0.6711035 0.6469401 0.859187 0.6469401 0.7883211 0.6405023 0.859187 0.6405674 0.7632215 0.6550187 0.7672277 0.6405445 0.7630627 0.6405445 0.6700553 0.6550187 0.7430503 0.6409368 0.7430539 0.6552083 0.7872407 0.6409368 0.8602358 0.6550187 0.7872371 0.6552083 0.7672277 0.6405445 0.7632215 0.6550187 0.7630627 0.6405445 0.8602358 0.6550187 0.7872407 0.6409368 0.7872371 0.6552083 0.6700553 0.6550187 0.7430503 0.6409368 0.6617477 0.6405445 0.7630627 0.540356 0.7673123 0.6216586 0.7672277 0.540356 0.7672277 0.7471516 0.7629781 0.665849 0.7630627 0.7471516 0.7670689 0.738844 0.7629748 0.6658454 0.7673156 0.6658454 0.7632215 0.5486636 0.7673156 0.6216622 0.7629748 0.6216622 0.8346397 0.6549782 0.8361964 0.6406486 0.8403916 0.6405375 0.6956513 0.6549782 0.7472758 0.640976 0.7472805 0.6551807 0.7784764 0.6409217 0.8301361 0.6550295 0.7784718 0.655224 0.6956513 0.6549782 0.6940947 0.6406486 0.6898993 0.6405375 0.8346397 0.6549782 0.7830152 0.640976 0.7830106 0.6551807 0.7518146 0.6409217 0.7001549 0.6550295 0.7518193 0.655224 0.691196 0.572703 0.7504978 0.6258841 0.6942175 0.5685076 0.8390945 0.7148047 0.7797926 0.6616235 0.836073 0.7189999 0.8333059 0.7087444 0.7797957 0.6616188 0.7831231 0.6570801 0.6969845 0.5787632 0.7504947 0.6258888 0.7471672 0.6304275 0.6940947 0.6406486 0.6956513 0.6549782 0.6898993 0.6405375 0.8301361 0.6550295 0.7784764 0.6409217 0.7784718 0.655224 0.6956513 0.6549782 0.7472758 0.640976 0.6898993 0.6405375 0.8361964 0.6406486 0.8346397 0.6549782 0.8403917 0.6405375 0.7001549 0.6550295 0.7518146 0.6409217 0.7518193 0.655224 0.7830152 0.640976 0.8346397 0.6549782 0.7830106 0.6551807 0.691196 0.7148047 0.7504978 0.6616235 0.7471717 0.6570847 0.8390945 0.572703 0.7797926 0.6258841 0.7831187 0.6304229 0.8333059 0.5787632 0.7797957 0.6258888 0.8302106 0.5742596 0.6969845 0.7087444 0.7504947 0.6616188 0.7000798 0.713248 0.768397 0.6552115 0.7618941 0.6409404 0.7618941 0.6552115 0.7784718 0.655224 0.7830152 0.640976 0.7830106 0.6551807 0.7518193 0.655224 0.7472758 0.640976 0.7472805 0.6551807 0.7518193 0.655224 0.7472758 0.640976 0.7518146 0.6409217 0.7629781 0.6409368 0.7673156 0.6552083 0.7629748 0.6552083 0.7784718 0.655224 0.7830152 0.640976 0.7784764 0.6409217 0.7629781 0.6409368 0.7673156 0.6552083 0.7673123 0.6409368 0.768397 0.6552115 0.7618941 0.6409404 0.7683969 0.6409404 0.7651109 0.6836614 0.7984285 0.6770369 0.765145 0.6908234 0.7933884 0.6719485 0.8122149 0.6437535 0.7984285 0.6770369 0.8051013 0.643671 0.7984285 0.61047 0.8122149 0.6437535 0.7933884 0.6153935 0.765145 0.5966836 0.7984285 0.61047 0.7368334 0.6153935 0.765145 0.5966836 0.7651109 0.6036806 0.7251204 0.643671 0.7318616 0.61047 0.7368334 0.6153935 0.7368334 0.6719485 0.7180751 0.6437535 0.7251204 0.643671 0.7651109 0.6836614 0.7318616 0.6770369 0.7368334 0.6719485 0.7651109 0.6836614 0.7508942 0.6578877 0.7651109 0.6637764 0.6598483 0.6403411 0.870442 0.6322828 0.6598483 0.6322828 0.6598483 0.6403411 0.870442 0.6322828 0.6598483 0.6322828 0.870442 0.6403411 0.6598483 0.6322828 0.870442 0.6322828 0.870442 0.6403411 0.6598483 0.6322828 0.870442 0.6322828 0.870442 0.7490503 0.6598483 0.5384566 0.6598483 0.7490503 0.765145 0.5966836 0.6598483 0.5384566 0.870442 0.5384566 0.765145 0.6908234 0.870442 0.7490503 0.6598483 0.7490503 0.7651109 0.6342164 0.7521131 0.6390275 0.7651109 0.6390275 0.7368334 0.6719485 0.7450055 0.643671 0.7508942 0.6578877 0.7251204 0.643671 0.7508942 0.6294543 0.7450055 0.643671 0.7651109 0.6036806 0.7508942 0.6294543 0.7368334 0.6153935 0.7933884 0.6153935 0.7651109 0.6235656 0.7651109 0.6036806 0.8051013 0.643671 0.7793276 0.6294543 0.7933884 0.6153935 0.7933884 0.6719485 0.7852163 0.643671 0.8051013 0.643671 0.7933884 0.6719485 0.7651109 0.6637764 0.7793276 0.6578877 0.7521131 0.6306732 0.7781087 0.6306732 0.7781087 0.6566688 0.7650628 0.6342164 0.752065 0.6390275 0.7650628 0.6390275 0.7651109 0.6342164 0.7781087 0.6390275 0.7651109 0.6390275 0.7650628 0.6342164 0.7780605 0.6390275 0.7650628 0.6390275 0.7650628 0.6342164 0.7780605 0.6390275 0.7792794 0.6342164 0.7651109 0.6342164 0.7521131 0.6390275 0.7508942 0.6342164 0.7650628 0.6342164 0.752065 0.6390275 0.750846 0.6342164 0.7651109 0.6342164 0.7781087 0.6390275 0.7793276 0.6342164 0.7619592 0.6550486 0.7681517 0.6406201 0.7621393 0.6406201 0.859187 0.6550486 0.7883211 0.6409404 0.7883211 0.6552115 0.6711035 0.6550486 0.7419693 0.6409404 0.66278 0.6406201 0.7683318 0.6550486 0.7621393 0.6406201 0.7681517 0.6406201 0.6711035 0.6550486 0.7419693 0.6409404 0.7419694 0.6552115 0.7883211 0.6409404 0.859187 0.6550486 0.7883211 0.6552115 0.7883211 0.6470052 0.8675104 0.6407476 0.7883211 0.6405023 0.7419693 0.6405023 0.66278 0.64676 0.7419693 0.6470052 0.6711035 0.6405674 0.7419694 0.6470053 0.6711035 0.6469401 0.859187 0.6469401 0.7883211 0.6405023 0.859187 0.6405674 0.7632215 0.6550187 0.7672277 0.6405445 0.7630627 0.6405445 0.6700553 0.6550187 0.7430503 0.6409368 0.7430539 0.6552083 0.7872407 0.6409368 0.8602358 0.6550187 0.7872371 0.6552083 0.7672277 0.6405445 0.7632215 0.6550187 0.7630627 0.6405445 0.8602358 0.6550187 0.7872407 0.6409368 0.7872371 0.6552083 0.6700553 0.6550187 0.7430503 0.6409368 0.6617477 0.6405445 0.7630627 0.540356 0.7673123 0.6216586 0.7672277 0.540356 0.7672277 0.7471516 0.7629781 0.665849 0.7630627 0.7471516 0.7670689 0.738844 0.7629748 0.6658454 0.7673156 0.6658454 0.7632215 0.5486636 0.7673156 0.6216622 0.7629748 0.6216622 0.8346397 0.6549782 0.8361964 0.6406486 0.8403916 0.6405375 0.6956513 0.6549782 0.7472758 0.640976 0.7472805 0.6551807 0.7784764 0.6409217 0.8301361 0.6550295 0.7784718 0.655224 0.6956513 0.6549782 0.6940947 0.6406486 0.6898993 0.6405375 0.8346397 0.6549782 0.7830152 0.640976 0.7830106 0.6551807 0.7518146 0.6409217 0.7001549 0.6550295 0.7518193 0.655224 0.691196 0.572703 0.7504978 0.6258841 0.6942175 0.5685076 0.8390945 0.7148047 0.7797926 0.6616235 0.836073 0.7189999 0.8333059 0.7087444 0.7797957 0.6616188 0.7831231 0.6570801 0.6969845 0.5787632 0.7504947 0.6258888 0.7471672 0.6304275 0.6940947 0.6406486 0.6956513 0.6549782 0.6898993 0.6405375 0.8301361 0.6550295 0.7784764 0.6409217 0.7784718 0.655224 0.6956513 0.6549782 0.7472758 0.640976 0.6898993 0.6405375 0.8361964 0.6406486 0.8346397 0.6549782 0.8403917 0.6405375 0.7001549 0.6550295 0.7518146 0.6409217 0.7518193 0.655224 0.7830152 0.640976 0.8346397 0.6549782 0.7830106 0.6551807 0.691196 0.7148047 0.7504978 0.6616235 0.7471717 0.6570847 0.8390945 0.572703 0.7797926 0.6258841 0.7831187 0.6304229 0.8333059 0.5787632 0.7797957 0.6258888 0.8302106 0.5742596 0.6969845 0.7087444 0.7504947 0.6616188 0.7000798 0.713248 0.768397 0.6552115 0.7618941 0.6409404 0.7618941 0.6552115 0.7784718 0.655224 0.7830152 0.640976 0.7830106 0.6551807 0.7518193 0.655224 0.7472758 0.640976 0.7472805 0.6551807 0.7518193 0.655224 0.7472758 0.640976 0.7518146 0.6409217 0.7629781 0.6409368 0.7673156 0.6552083 0.7629748 0.6552083 0.7784718 0.655224 0.7830152 0.640976 0.7784764 0.6409217 0.7629781 0.6409368 0.7673156 0.6552083 0.7673123 0.6409368 0.768397 0.6552115 0.7618941 0.6409404 0.7683969 0.6409404 0.7651109 0.6836614 0.7984285 0.6770369 0.765145 0.6908234 0.7933884 0.6719485 0.8122149 0.6437535 0.7984285 0.6770369 0.8051013 0.643671 0.7984285 0.61047 0.8122149 0.6437535 0.7933884 0.6153935 0.765145 0.5966836 0.7984285 0.61047 0.7368334 0.6153935 0.765145 0.5966836 0.7651109 0.6036806 0.7251204 0.643671 0.7318616 0.61047 0.7368334 0.6153935 0.7368334 0.6719485 0.7180751 0.6437535 0.7251204 0.643671 0.7651109 0.6836614 0.7318616 0.6770369 0.7368334 0.6719485 0.7651109 0.6836614 0.7508942 0.6578877 0.7651109 0.6637764 0.6598483 0.6403411 0.870442 0.6322828 0.6598483 0.6322828 0.6598483 0.6403411 0.870442 0.6322828 0.6598483 0.6322828 0.870442 0.6403411 0.6598483 0.6322828 0.870442 0.6322828 0.870442 0.6403411 0.6598483 0.6322828 0.870442 0.6322828 0.870442 0.7490503 0.6598483 0.5384566 0.6598483 0.7490503 0.765145 0.5966836 0.6598483 0.5384566 0.870442 0.5384566 0.765145 0.6908234 0.870442 0.7490503 0.6598483 0.7490503 0.7651109 0.6342164 0.7521131 0.6390275 0.7651109 0.6390275 0.7368334 0.6719485 0.7450055 0.643671 0.7508942 0.6578877 0.7251204 0.643671 0.7508942 0.6294543 0.7450055 0.643671 0.7368334 0.6153935 0.7651109 0.6235656 0.7508942 0.6294543 0.7933884 0.6153935 0.7651109 0.6235656 0.7651109 0.6036806 0.8051013 0.643671 0.7793276 0.6294543 0.7933884 0.6153935 0.7933884 0.6719485 0.7852163 0.643671 0.8051013 0.643671 0.7933884 0.6719485 0.7651109 0.6637764 0.7793276 0.6578877 0.7521131 0.6306732 0.7781087 0.6306732 0.7781087 0.6566688 0.750846 0.6342164 0.7650628 0.6390275 0.7650628 0.6342164 0.7651109 0.6342164 0.7781087 0.6390275 0.7651109 0.6390275 0.7650628 0.6342164 0.7780605 0.6390275 0.7650628 0.6390275 0.7650628 0.6342164 0.7780605 0.6390275 0.7792794 0.6342164 0.7651109 0.6342164 0.7521131 0.6390275 0.7508942 0.6342164 0.750846 0.6342164 0.7650628 0.6390275 0.752065 0.6390275 0.7651109 0.6342164 0.7781087 0.6390275 0.7793276 0.6342164 0.7621393 0.6406201 0.7683318 0.6550486 0.7681517 0.6406201 0.859187 0.6550486 0.7883211 0.6409404 0.7883211 0.6552115 0.6711035 0.6550486 0.7419693 0.6409404 0.66278 0.6406201 0.7683318 0.6550486 0.7621393 0.6406201 0.7681517 0.6406201 0.6711035 0.6550486 0.7419693 0.6409404 0.7419694 0.6552115 0.7883211 0.6409404 0.859187 0.6550486 0.7883211 0.6552115 0.7883211 0.6470052 0.8675104 0.6407476 0.7883211 0.6405023 0.7419693 0.6405023 0.66278 0.64676 0.7419693 0.6470052 0.6711035 0.6405674 0.7419694 0.6470053 0.6711035 0.6469401 0.859187 0.6469401 0.7883211 0.6405023 0.859187 0.6405674 0.7632215 0.6550187 0.7672277 0.6405445 0.7630627 0.6405445 0.6700553 0.6550187 0.7430503 0.6409368 0.7430539 0.6552083 0.7872407 0.6409368 0.8602358 0.6550187 0.7872371 0.6552083 0.7672277 0.6405445 0.7632215 0.6550187 0.7630627 0.6405445 0.8602358 0.6550187 0.7872407 0.6409368 0.7872371 0.6552083 0.6700553 0.6550187 0.7430503 0.6409368 0.6617477 0.6405445 0.7630627 0.540356 0.7673123 0.6216586 0.7672277 0.540356 0.7672277 0.7471516 0.7629781 0.665849 0.7630627 0.7471516 0.7670689 0.738844 0.7629748 0.6658454 0.7673156 0.6658454 0.7632215 0.5486636 0.7673156 0.6216622 0.7629748 0.6216622 0.8346397 0.6549782 0.8361964 0.6406486 0.8403916 0.6405375 0.6956513 0.6549782 0.7472758 0.640976 0.7472805 0.6551807 0.7784764 0.6409217 0.8301361 0.6550295 0.7784718 0.655224 0.6956513 0.6549782 0.6940947 0.6406486 0.6898993 0.6405375 0.8346397 0.6549782 0.7830152 0.640976 0.7830106 0.6551807 0.7518146 0.6409217 0.7001549 0.6550295 0.7518193 0.655224 0.691196 0.572703 0.7504978 0.6258841 0.6942175 0.5685076 0.8390945 0.7148047 0.7797926 0.6616235 0.836073 0.7189999 0.8333059 0.7087444 0.7797957 0.6616188 0.7831231 0.6570801 0.6969845 0.5787632 0.7504947 0.6258888 0.7471672 0.6304275 0.6940947 0.6406486 0.6956513 0.6549782 0.6898993 0.6405375 0.8301361 0.6550295 0.7784764 0.6409217 0.7784718 0.655224 0.6956513 0.6549782 0.7472758 0.640976 0.6898993 0.6405375 0.8361964 0.6406486 0.8346397 0.6549782 0.8403917 0.6405375 0.7001549 0.6550295 0.7518146 0.6409217 0.7518193 0.655224 0.7830152 0.640976 0.8346397 0.6549782 0.7830106 0.6551807 0.691196 0.7148047 0.7504978 0.6616235 0.7471717 0.6570847 0.8390945 0.572703 0.7797926 0.6258841 0.7831187 0.6304229 0.8333059 0.5787632 0.7797957 0.6258888 0.8302106 0.5742596 0.6969845 0.7087444 0.7504947 0.6616188 0.7000798 0.713248 0.768397 0.6552115 0.7618941 0.6409404 0.7618941 0.6552115 0.7784718 0.655224 0.7830152 0.640976 0.7830106 0.6551807 0.7518193 0.655224 0.7472758 0.640976 0.7472805 0.6551807 0.7518193 0.655224 0.7472758 0.640976 0.7518146 0.6409217 0.7629781 0.6409368 0.7673156 0.6552083 0.7629748 0.6552083 0.7784718 0.655224 0.7830152 0.640976 0.7784764 0.6409217 0.7629781 0.6409368 0.7673156 0.6552083 0.7673123 0.6409368 0.768397 0.6552115 0.7618941 0.6409404 0.7683969 0.6409404 0.7651109 0.6836614 0.7984285 0.6770369 0.765145 0.6908234 0.7933884 0.6719485 0.8122149 0.6437535 0.7984285 0.6770369 0.8051013 0.643671 0.7984285 0.61047 0.8122149 0.6437535 0.7933884 0.6153935 0.765145 0.5966836 0.7984285 0.61047 0.7368334 0.6153935 0.765145 0.5966836 0.7651109 0.6036806 0.7251204 0.643671 0.7318616 0.61047 0.7368334 0.6153935 0.7368334 0.6719485 0.7180751 0.6437535 0.7251204 0.643671 0.7651109 0.6836614 0.7318616 0.6770369 0.7368334 0.6719485 0.7651109 0.6836614 0.7508942 0.6578877 0.7651109 0.6637764 0.6598483 0.6403411 0.870442 0.6322828 0.6598483 0.6322828 0.6598483 0.6403411 0.870442 0.6322828 0.6598483 0.6322828 0.870442 0.6403411 0.6598483 0.6322828 0.870442 0.6322828 0.870442 0.6403411 0.6598483 0.6322828 0.870442 0.6322828 0.870442 0.7490503 0.6598483 0.5384566 0.6598483 0.7490503 0.765145 0.5966836 0.6598483 0.5384566 0.870442 0.5384566 0.765145 0.6908234 0.870442 0.7490503 0.6598483 0.7490503 0.7651109 0.6342164 0.7521131 0.6390275 0.7651109 0.6390275 0.7251204 0.643671 0.7508942 0.6578877 0.7368334 0.6719485 0.7251204 0.643671 0.7508942 0.6294543 0.7450055 0.643671 0.7651109 0.6036806 0.7508942 0.6294543 0.7368334 0.6153935 0.7933884 0.6153935 0.7651109 0.6235656 0.7651109 0.6036806 0.8051013 0.643671 0.7793276 0.6294543 0.7933884 0.6153935 0.8051013 0.643671 0.7793276 0.6578877 0.7852163 0.643671 0.7933884 0.6719485 0.7651109 0.6637764 0.7793276 0.6578877 0.7521131 0.6306732 0.7781087 0.6306732 0.7781087 0.6566688 0.7650628 0.6342164 0.752065 0.6390275 0.7650628 0.6390275 0.7793276 0.6342164 0.7651109 0.6390275 0.7651109 0.6342164 0.7650628 0.6342164 0.7780605 0.6390275 0.7650628 0.6390275 0.7650628 0.6342164 0.7780605 0.6390275 0.7792794 0.6342164 0.7508942 0.6342164 0.7651109 0.6390275 0.7521131 0.6390275 0.7650628 0.6342164 0.752065 0.6390275 0.750846 0.6342164 0.7651109 0.6342164 0.7781087 0.6390275 0.7793276 0.6342164 0.7619592 0.6550486 0.7681517 0.6406201 0.7621393 0.6406201 0.859187 0.6550486 0.7883211 0.6409404 0.7883211 0.6552115 0.6711035 0.6550486 0.7419693 0.6409404 0.66278 0.6406201 0.7683318 0.6550486 0.7621393 0.6406201 0.7681517 0.6406201 0.6711035 0.6550486 0.7419693 0.6409404 0.7419694 0.6552115 0.7883211 0.6409404 0.859187 0.6550486 0.7883211 0.6552115 0.7883211 0.6470052 0.8675104 0.6407476 0.7883211 0.6405023 0.7419693 0.6405023 0.66278 0.64676 0.7419693 0.6470052 0.6711035 0.6405674 0.7419694 0.6470053 0.6711035 0.6469401 0.859187 0.6469401 0.7883211 0.6405023 0.859187 0.6405674 0.7632215 0.6550187 0.7672277 0.6405445 0.7630627 0.6405445 0.6700553 0.6550187 0.7430503 0.6409368 0.7430539 0.6552083 0.7872407 0.6409368 0.8602358 0.6550187 0.7872371 0.6552083 0.7672277 0.6405445 0.7632215 0.6550187 0.7630627 0.6405445 0.8602358 0.6550187 0.7872407 0.6409368 0.7872371 0.6552083 0.6700553 0.6550187 0.7430503 0.6409368 0.6617477 0.6405445 0.7630627 0.540356 0.7673123 0.6216586 0.7672277 0.540356 0.7672277 0.7471516 0.7629781 0.665849 0.7630627 0.7471516 0.7670689 0.738844 0.7629748 0.6658454 0.7673156 0.6658454 0.7632215 0.5486636 0.7673156 0.6216622 0.7629748 0.6216622 0.8346397 0.6549782 0.8361964 0.6406486 0.8403916 0.6405375 0.6956513 0.6549782 0.7472758 0.640976 0.7472805 0.6551807 0.7784764 0.6409217 0.8301361 0.6550295 0.7784718 0.655224 0.6956513 0.6549782 0.6940947 0.6406486 0.6898993 0.6405375 0.8346397 0.6549782 0.7830152 0.640976 0.7830106 0.6551807 0.7518146 0.6409217 0.7001549 0.6550295 0.7518193 0.655224 0.691196 0.572703 0.7504978 0.6258841 0.6942175 0.5685076 0.8390945 0.7148047 0.7797926 0.6616235 0.836073 0.7189999 0.8333059 0.7087444 0.7797957 0.6616188 0.7831231 0.6570801 0.6969845 0.5787632 0.7504947 0.6258888 0.7471672 0.6304275 0.6940947 0.6406486 0.6956513 0.6549782 0.6898993 0.6405375 0.8301361 0.6550295 0.7784764 0.6409217 0.7784718 0.655224 0.6956513 0.6549782 0.7472758 0.640976 0.6898993 0.6405375 0.8361964 0.6406486 0.8346397 0.6549782 0.8403917 0.6405375 0.7001549 0.6550295 0.7518146 0.6409217 0.7518193 0.655224 0.7830152 0.640976 0.8346397 0.6549782 0.7830106 0.6551807 0.691196 0.7148047 0.7504978 0.6616235 0.7471717 0.6570847 0.8390945 0.572703 0.7797926 0.6258841 0.7831187 0.6304229 0.8333059 0.5787632 0.7797957 0.6258888 0.8302106 0.5742596 0.6969845 0.7087444 0.7504947 0.6616188 0.7000798 0.713248 0.768397 0.6552115 0.7618941 0.6409404 0.7618941 0.6552115 0.7784718 0.655224 0.7830152 0.640976 0.7830106 0.6551807 0.7518193 0.655224 0.7472758 0.640976 0.7472805 0.6551807 0.7518193 0.655224 0.7472758 0.640976 0.7518146 0.6409217 0.7629781 0.6409368 0.7673156 0.6552083 0.7629748 0.6552083 0.7784718 0.655224 0.7830152 0.640976 0.7784764 0.6409217 0.7629781 0.6409368 0.7673156 0.6552083 0.7673123 0.6409368 0.768397 0.6552115 0.7618941 0.6409404 0.7683969 0.6409404 0.7651109 0.6836614 0.7984285 0.6770369 0.765145 0.6908234 0.7933884 0.6719485 0.8122149 0.6437535 0.7984285 0.6770369 0.8051013 0.643671 0.7984285 0.61047 0.8122149 0.6437535 0.7933884 0.6153935 0.765145 0.5966836 0.7984285 0.61047 0.7368334 0.6153935 0.765145 0.5966836 0.7651109 0.6036806 0.7251204 0.643671 0.7318616 0.61047 0.7368334 0.6153935 0.7368334 0.6719485 0.7180751 0.6437535 0.7251204 0.643671 0.7651109 0.6836614 0.7318616 0.6770369 0.7368334 0.6719485 0.7651109 0.6836614 0.7508942 0.6578877 0.7651109 0.6637764 0.6598483 0.6403411 0.870442 0.6322828 0.6598483 0.6322828 0.6598483 0.6403411 0.870442 0.6322828 0.6598483 0.6322828 0.870442 0.6403411 0.6598483 0.6322828 0.870442 0.6322828 0.870442 0.6403411 0.6598483 0.6322828 0.870442 0.6322828 0.870442 0.7490503 0.6598483 0.5384566 0.6598483 0.7490503 0.765145 0.5966836 0.6598483 0.5384566 0.870442 0.5384566 0.765145 0.6908234 0.870442 0.7490503 0.6598483 0.7490503 0.7651109 0.6342164 0.7521131 0.6390275 0.7651109 0.6390275 0.7368334 0.6719485 0.7450055 0.643671 0.7508942 0.6578877 0.7251204 0.643671 0.7508942 0.6294543 0.7450055 0.643671 0.7651109 0.6036806 0.7508942 0.6294543 0.7368334 0.6153935 0.7933884 0.6153935 0.7651109 0.6235656 0.7651109 0.6036806 0.8051013 0.643671 0.7793276 0.6294543 0.7933884 0.6153935 0.7933884 0.6719485 0.7852163 0.643671 0.8051013 0.643671 0.7933884 0.6719485 0.7651109 0.6637764 0.7793276 0.6578877 0.7521131 0.6306732 0.7781087 0.6306732 0.7781087 0.6566688 0.7650628 0.6342164 0.752065 0.6390275 0.7650628 0.6390275 0.7651109 0.6342164 0.7781087 0.6390275 0.7651109 0.6390275 0.7650628 0.6342164 0.7780605 0.6390275 0.7650628 0.6390275 0.7650628 0.6342164 0.7780605 0.6390275 0.7792794 0.6342164 0.7651109 0.6342164 0.7521131 0.6390275 0.7508942 0.6342164 0.7650628 0.6342164 0.752065 0.6390275 0.750846 0.6342164 0.7651109 0.6342164 0.7781087 0.6390275 0.7793276 0.6342164 0.7619592 0.6550486 0.7681517 0.6406201 0.7621393 0.6406201 0.859187 0.6550486 0.7883211 0.6409404 0.7883211 0.6552115 0.6711035 0.6550486 0.7419693 0.6409404 0.66278 0.6406201 0.7683318 0.6550486 0.7621393 0.6406201 0.7681517 0.6406201 0.6711035 0.6550486 0.7419693 0.6409404 0.7419694 0.6552115 0.7883211 0.6409404 0.859187 0.6550486 0.7883211 0.6552115 0.7883211 0.6470052 0.8675104 0.6407476 0.7883211 0.6405023 0.7419693 0.6405023 0.66278 0.64676 0.7419693 0.6470052 0.6711035 0.6405674 0.7419694 0.6470053 0.6711035 0.6469401 0.859187 0.6469401 0.7883211 0.6405023 0.859187 0.6405674 0.7632215 0.6550187 0.7672277 0.6405445 0.7630627 0.6405445 0.6700553 0.6550187 0.7430503 0.6409368 0.7430539 0.6552083 0.7872407 0.6409368 0.8602358 0.6550187 0.7872371 0.6552083 0.7672277 0.6405445 0.7632215 0.6550187 0.7630627 0.6405445 0.8602358 0.6550187 0.7872407 0.6409368 0.7872371 0.6552083 0.6700553 0.6550187 0.7430503 0.6409368 0.6617477 0.6405445 0.7630627 0.540356 0.7673123 0.6216586 0.7672277 0.540356 0.7672277 0.7471516 0.7629781 0.665849 0.7630627 0.7471516 0.7670689 0.738844 0.7629748 0.6658454 0.7673156 0.6658454 0.7632215 0.5486636 0.7673156 0.6216622 0.7629748 0.6216622 0.8346397 0.6549782 0.8361964 0.6406486 0.8403916 0.6405375 0.6956513 0.6549782 0.7472758 0.640976 0.7472805 0.6551807 0.7784764 0.6409217 0.8301361 0.6550295 0.7784718 0.655224 0.6956513 0.6549782 0.6940947 0.6406486 0.6898993 0.6405375 0.8346397 0.6549782 0.7830152 0.640976 0.7830106 0.6551807 0.7518146 0.6409217 0.7001549 0.6550295 0.7518193 0.655224 0.691196 0.572703 0.7504978 0.6258841 0.6942175 0.5685076 0.8390945 0.7148047 0.7797926 0.6616235 0.836073 0.7189999 0.8333059 0.7087444 0.7797957 0.6616188 0.7831231 0.6570801 0.6969845 0.5787632 0.7504947 0.6258888 0.7471672 0.6304275 0.6940947 0.6406486 0.6956513 0.6549782 0.6898993 0.6405375 0.8301361 0.6550295 0.7784764 0.6409217 0.7784718 0.655224 0.6956513 0.6549782 0.7472758 0.640976 0.6898993 0.6405375 0.8361964 0.6406486 0.8346397 0.6549782 0.8403917 0.6405375 0.7001549 0.6550295 0.7518146 0.6409217 0.7518193 0.655224 0.7830152 0.640976 0.8346397 0.6549782 0.7830106 0.6551807 0.691196 0.7148047 0.7504978 0.6616235 0.7471717 0.6570847 0.8390945 0.572703 0.7797926 0.6258841 0.7831187 0.6304229 0.8333059 0.5787632 0.7797957 0.6258888 0.8302106 0.5742596 0.6969845 0.7087444 0.7504947 0.6616188 0.7000798 0.713248 0.768397 0.6552115 0.7618941 0.6409404 0.7618941 0.6552115 0.7784718 0.655224 0.7830152 0.640976 0.7830106 0.6551807 0.7518193 0.655224 0.7472758 0.640976 0.7472805 0.6551807 0.7518193 0.655224 0.7472758 0.640976 0.7518146 0.6409217 0.7629781 0.6409368 0.7673156 0.6552083 0.7629748 0.6552083 0.7784718 0.655224 0.7830152 0.640976 0.7784764 0.6409217 0.7629781 0.6409368 0.7673156 0.6552083 0.7673123 0.6409368 0.768397 0.6552115 0.7618941 0.6409404 0.7683969 0.6409404 0.7651109 0.6836614 0.7984285 0.6770369 0.765145 0.6908234 0.7933884 0.6719485 0.8122149 0.6437535 0.7984285 0.6770369 0.8051013 0.643671 0.7984285 0.61047 0.8122149 0.6437535 0.7933884 0.6153935 0.765145 0.5966836 0.7984285 0.61047 0.7368334 0.6153935 0.765145 0.5966836 0.7651109 0.6036806 0.7251204 0.643671 0.7318616 0.61047 0.7368334 0.6153935 0.7368334 0.6719485 0.7180751 0.6437535 0.7251204 0.643671 0.7651109 0.6836614 0.7318616 0.6770369 0.7368334 0.6719485 0.7651109 0.6836614 0.7508942 0.6578877 0.7651109 0.6637764 0.6598483 0.6403411 0.870442 0.6322828 0.6598483 0.6322828 0.6598483 0.6403411 0.870442 0.6322828 0.6598483 0.6322828 0.870442 0.6403411 0.6598483 0.6322828 0.870442 0.6322828 0.870442 0.6403411 0.6598483 0.6322828 0.870442 0.6322828 0.870442 0.7490503 0.6598483 0.5384566 0.6598483 0.7490503 0.765145 0.5966836 0.6598483 0.5384566 0.870442 0.5384566 0.765145 0.6908234 0.870442 0.7490503 0.6598483 0.7490503 0.7651109 0.6342164 0.7521131 0.6390275 0.7651109 0.6390275 0.7368334 0.6719485 0.7450055 0.643671 0.7508942 0.6578877 0.7251204 0.643671 0.7508942 0.6294543 0.7450055 0.643671 0.7368334 0.6153935 0.7651109 0.6235656 0.7508942 0.6294543 0.7933884 0.6153935 0.7651109 0.6235656 0.7651109 0.6036806 0.8051013 0.643671 0.7793276 0.6294543 0.7933884 0.6153935 0.7933884 0.6719485 0.7852163 0.643671 0.8051013 0.643671 0.7933884 0.6719485 0.7651109 0.6637764 0.7793276 0.6578877 0.7521131 0.6306732 0.7781087 0.6306732 0.7781087 0.6566688 0.750846 0.6342164 0.7650628 0.6390275 0.7650628 0.6342164 0.7651109 0.6342164 0.7781087 0.6390275 0.7651109 0.6390275 0.7650628 0.6342164 0.7780605 0.6390275 0.7650628 0.6390275 0.7650628 0.6342164 0.7780605 0.6390275 0.7792794 0.6342164 0.7651109 0.6342164 0.7521131 0.6390275 0.7508942 0.6342164 0.750846 0.6342164 0.7650628 0.6390275 0.752065 0.6390275 0.7651109 0.6342164 0.7781087 0.6390275 0.7793276 0.6342164 0.7621393 0.6406201 0.7683318 0.6550486 0.7681517 0.6406201 0.859187 0.6550486 0.7883211 0.6409404 0.7883211 0.6552115 0.6711035 0.6550486 0.7419693 0.6409404 0.66278 0.6406201 0.7683318 0.6550486 0.7621393 0.6406201 0.7681517 0.6406201 0.6711035 0.6550486 0.7419693 0.6409404 0.7419694 0.6552115 0.7883211 0.6409404 0.859187 0.6550486 0.7883211 0.6552115 0.7883211 0.6470052 0.8675104 0.6407476 0.7883211 0.6405023 0.7419693 0.6405023 0.66278 0.64676 0.7419693 0.6470052 0.6711035 0.6405674 0.7419694 0.6470053 0.6711035 0.6469401 0.859187 0.6469401 0.7883211 0.6405023 0.859187 0.6405674 0.7632215 0.6550187 0.7672277 0.6405445 0.7630627 0.6405445 0.6700553 0.6550187 0.7430503 0.6409368 0.7430539 0.6552083 0.7872407 0.6409368 0.8602358 0.6550187 0.7872371 0.6552083 0.7672277 0.6405445 0.7632215 0.6550187 0.7630627 0.6405445 0.8602358 0.6550187 0.7872407 0.6409368 0.7872371 0.6552083 0.6700553 0.6550187 0.7430503 0.6409368 0.6617477 0.6405445 0.7630627 0.540356 0.7673123 0.6216586 0.7672277 0.540356 0.7672277 0.7471516 0.7629781 0.665849 0.7630627 0.7471516 0.7670689 0.738844 0.7629748 0.6658454 0.7673156 0.6658454 0.7632215 0.5486636 0.7673156 0.6216622 0.7629748 0.6216622 0.8346397 0.6549782 0.8361964 0.6406486 0.8403916 0.6405375 0.6956513 0.6549782 0.7472758 0.640976 0.7472805 0.6551807 0.7784764 0.6409217 0.8301361 0.6550295 0.7784718 0.655224 0.6956513 0.6549782 0.6940947 0.6406486 0.6898993 0.6405375 0.8346397 0.6549782 0.7830152 0.640976 0.7830106 0.6551807 0.7518146 0.6409217 0.7001549 0.6550295 0.7518193 0.655224 0.691196 0.572703 0.7504978 0.6258841 0.6942175 0.5685076 0.8390945 0.7148047 0.7797926 0.6616235 0.836073 0.7189999 0.8333059 0.7087444 0.7797957 0.6616188 0.7831231 0.6570801 0.6969845 0.5787632 0.7504947 0.6258888 0.7471672 0.6304275 0.6940947 0.6406486 0.6956513 0.6549782 0.6898993 0.6405375 0.8301361 0.6550295 0.7784764 0.6409217 0.7784718 0.655224 0.6956513 0.6549782 0.7472758 0.640976 0.6898993 0.6405375 0.8361964 0.6406486 0.8346397 0.6549782 0.8403917 0.6405375 0.7001549 0.6550295 0.7518146 0.6409217 0.7518193 0.655224 0.7830152 0.640976 0.8346397 0.6549782 0.7830106 0.6551807 0.691196 0.7148047 0.7504978 0.6616235 0.7471717 0.6570847 0.8390945 0.572703 0.7797926 0.6258841 0.7831187 0.6304229 0.8333059 0.5787632 0.7797957 0.6258888 0.8302106 0.5742596 0.6969845 0.7087444 0.7504947 0.6616188 0.7000798 0.713248 0.768397 0.6552115 0.7618941 0.6409404 0.7618941 0.6552115 0.7784718 0.655224 0.7830152 0.640976 0.7830106 0.6551807 0.7518193 0.655224 0.7472758 0.640976 0.7472805 0.6551807 0.7518193 0.655224 0.7472758 0.640976 0.7518146 0.6409217 0.7629781 0.6409368 0.7673156 0.6552083 0.7629748 0.6552083 0.7784718 0.655224 0.7830152 0.640976 0.7784764 0.6409217 0.7629781 0.6409368 0.7673156 0.6552083 0.7673123 0.6409368 0.768397 0.6552115 0.7618941 0.6409404 0.7683969 0.6409404 0.7651109 0.6836614 0.7984285 0.6770369 0.765145 0.6908234 0.7933884 0.6719485 0.8122149 0.6437535 0.7984285 0.6770369 0.8051013 0.643671 0.7984285 0.61047 0.8122149 0.6437535 0.7933884 0.6153935 0.765145 0.5966836 0.7984285 0.61047 0.7368334 0.6153935 0.765145 0.5966836 0.7651109 0.6036806 0.7251204 0.643671 0.7318616 0.61047 0.7368334 0.6153935 0.7368334 0.6719485 0.7180751 0.6437535 0.7251204 0.643671 0.7651109 0.6836614 0.7318616 0.6770369 0.7368334 0.6719485 0.7651109 0.6836614 0.7508942 0.6578877 0.7651109 0.6637764 0.6598483 0.6403411 0.870442 0.6322828 0.6598483 0.6322828 0.6598483 0.6403411 0.870442 0.6322828 0.6598483 0.6322828 0.870442 0.6403411 0.6598483 0.6322828 0.870442 0.6322828 0.870442 0.6403411 0.6598483 0.6322828 0.870442 0.6322828 0.870442 0.7490503 0.6598483 0.5384566 0.6598483 0.7490503 0.765145 0.5966836 0.6598483 0.5384566 0.870442 0.5384566 0.765145 0.6908234 0.870442 0.7490503 0.6598483 0.7490503 0.7651109 0.6342164 0.7521131 0.6390275 0.7651109 0.6390275 0.7251204 0.643671 0.7508942 0.6578877 0.7368334 0.6719485 0.7251204 0.643671 0.7508942 0.6294543 0.7450055 0.643671 0.7651109 0.6036806 0.7508942 0.6294543 0.7368334 0.6153935 0.7933884 0.6153935 0.7651109 0.6235656 0.7651109 0.6036806 0.8051013 0.643671 0.7793276 0.6294543 0.7933884 0.6153935 0.8051013 0.643671 0.7793276 0.6578877 0.7852163 0.643671 0.7933884 0.6719485 0.7651109 0.6637764 0.7793276 0.6578877 0.7521131 0.6306732 0.7781087 0.6306732 0.7781087 0.6566688 0.7650628 0.6342164 0.752065 0.6390275 0.7650628 0.6390275 0.7793276 0.6342164 0.7651109 0.6390275 0.7651109 0.6342164 0.7650628 0.6342164 0.7780605 0.6390275 0.7650628 0.6390275 0.7650628 0.6342164 0.7780605 0.6390275 0.7792794 0.6342164 0.7508942 0.6342164 0.7651109 0.6390275 0.7521131 0.6390275 0.7650628 0.6342164 0.752065 0.6390275 0.750846 0.6342164 0.7651109 0.6342164 0.7781087 0.6390275 0.7793276 0.6342164 0.2171459 0.4485228 0.6539829 0.4675554 0.2174296 0.4595167 0.5807268 0.009914517 0.6202632 0.009914517 0.6202632 0.508215 0.2120226 0.9854581 0.6245502 0.9854581 0.6245502 0.9464753 0.6066189 0.5340559 0.6268954 0.5340559 0.6268954 0.9706783 0.6254034 0.01773488 0.6680626 0.01773488 0.6680623 0.4691672 0.5957162 0.01601636 0.5957162 0.5146802 0.2666141 0.5146801 0.486303 0.5349572 0.4863032 0.9910208 0.1853156 0.9910209 0.1781553 0.01773488 0.6254034 0.01773488 0.617632 0.469167 0.4139873 0.4038281 0.3928202 0.4038281 0.3928202 0.1131908 0.2120226 0.9393737 0.6245502 0.9464753 0.6245502 0.5377714 0.2120226 0.9393737 0.1822573 0.9393737 0.1822573 0.9854581 0.6066189 0.9706783 0.6240512 0.9706783 0.6240512 0.5340559 0.6268954 0.7659821 0.6066189 0.7659821 0.6297755 0.7451343 0.6066189 0.7659821 0.6066189 0.7387521 0.6297755 0.7451343 0.6318122 0.5340559 0.6318122 0.9706783 0.6109645 0.9706783 0.6109645 0.9706783 0.6045822 0.9706783 0.6045822 0.5340559 0.6240512 0.7387521 0.6066189 0.7387521 0.6297755 0.7451343 0.6066189 0.7387521 0.6066189 0.7659821 0.6297755 0.7451343 0.5807268 0.009914517 0.5807268 0.508215 0.5439887 0.508215 0.5439887 0.009914517 0.5439887 0.508215 0.2238356 0.508215 0.2666141 0.5146803 0.2428683 0.5146805 0.2428683 0.01601654 0.2120226 0.5377714 0.1822573 0.5377714 0.1822573 0.9393737 0.6176321 0.4691675 0.6176324 0.5017401 0.1781554 0.5017401 0.6680627 0.4691675 0.668063 0.5017403 0.6176324 0.5017406 0.674188 0.4752764 0.674188 0.4991675 0.172475 0.4991675 0.403428 0.4991675 0.4432352 0.4991675 0.4432352 0.4752764 0.403428 0.4752764 0.4432352 0.4752764 0.4432352 0.4991675 0.172475 0.5071256 0.172475 0.4673183 0.674188 0.4673182 0.68707 0.08681678 0.7605307 0.004569292 0.7605307 0.510013 0.08681684 0.07802999 0.08681684 0.7041341 0.004569292 0.7775948 0.84313 0.08681678 0.84313 0.4426194 0.7696692 0.510013 0.09595543 0.07802999 0.163349 0.004569292 0.163349 0.7775948 0.4141047 0.1210684 0.4362354 0.1210684 0.4362354 0.3959505 0.4139873 0.002792894 0.3928202 0.002792894 0.3928202 0.514226 0.4139873 0.514226 0.3928202 0.514226 0.3928202 0.002792894 0.4139873 0.1131908 0.3928202 0.1131908 0.3928202 0.4038281 0.8671002 0.2898613 0.8639132 0.2866744 0.981706 0.2866744 0.8671002 0.4907669 0.8639132 0.4939538 0.8639132 0.2866744 0.9785191 0.4907669 0.9817061 0.4939538 0.8639132 0.4939538 0.9785191 0.2898613 0.981706 0.2866744 0.9817061 0.4939538 0.6753804 0.3959505 0.1797253 0.3959505 0.1797253 0.1210684 0.4141047 0.3959505 0.4362354 0.3959505 0.4362354 0.1210684 0.4141047 0.01068192 0.4362354 0.01068192 0.4362354 0.5063369 0.4141047 0.5063369 0.4362354 0.5063369 0.4362354 0.01068192 0.3127115 0.466993 0.3064513 0.4805492 0.3289363 0.4836618 0.3200511 0.451272 0.3735482 0.4612538 0.3704442 0.4772753 0.3196415 0.4513677 0.3161242 0.4663708 0.3704442 0.4772753 0.3293356 0.4837941 0.3273671 0.4682138 0.3818649 0.4624324 0.3818649 0.4624324 0.3267837 0.468403 0.3289363 0.4836618 0.2810961 0.4806064 0.2713904 0.471163 0.2885073 0.4529223 0.3293356 0.4837941 0.2980684 0.479311 0.3048765 0.465045 0.2940036 0.4677432 0.2885073 0.4529223 0.3200511 0.451272 0.3196415 0.4513677 0.2969676 0.4524437 0.3019821 0.4665084 0.2167413 0.4704926 0.2174296 0.4595167 0.6539829 0.4675554 0.2969676 0.4524437 0.2840513 0.4653524 0.2932711 0.474409 0.3047471 0.4583403 0.2947494 0.4665302 0.3064513 0.4805492 0.2980684 0.479311 0.282663 0.4596036 0.2931793 0.451072 0.2171459 0.4485228 0.2160511 0.4594912 0.6553613 0.4675808 0.2167413 0.4704926 0.6542665 0.4785493 0.6553613 0.4675808 0.3289363 0.4836617 0.3064514 0.4805492 0.3127115 0.466993 0.3200511 0.451272 0.3166882 0.4666117 0.3704442 0.4772753 0.3704442 0.4772753 0.3161242 0.4663709 0.3196415 0.4513677 0.3293357 0.4837941 0.3835141 0.4786682 0.3818649 0.4624324 0.3289363 0.4836617 0.3267838 0.468403 0.3818649 0.4624324 0.2885073 0.4529223 0.2713906 0.4711629 0.2810961 0.4806065 0.3293357 0.4837941 0.3273672 0.4682138 0.3048766 0.465045 0.3200511 0.451272 0.2885073 0.4529223 0.2940037 0.4677432 0.3196415 0.4513677 0.3161242 0.4663709 0.3019821 0.4665085 0.2969676 0.4524437 0.3019821 0.4665085 0.2932711 0.4744091 0.3064514 0.4805492 0.2947495 0.4665303 0.3047471 0.4583404 0.2980686 0.4793111 0.3048766 0.465045 0.2931793 0.4510721 0.8681286 0.05576539 0.8681286 0.004569292 0.8522686 0.004569292 0.09893345 0.7867335 0.09893345 0.8458498 0.08307343 0.8458498 0.8522686 0.1161002 0.8681287 0.1161002 0.8681287 0.1672964 0.8681287 0.1672964 0.8681287 0.2184925 0.8522686 0.2184925 0.6488064 0.7906066 0.7000026 0.7610484 0.6900289 0.7956119 0.1239321 0.8458498 0.1239321 0.7867335 0.1080721 0.7867335 0.8681286 0.1069616 0.8681286 0.05576539 0.8522686 0.05576539 0.04626077 0.8076474 0.07393485 0.8076474 0.07393485 0.8494752 0.7511988 0.8497229 0.7000025 0.879281 0.7099764 0.8447174 0.6488064 0.7906066 0.6637787 0.7992507 0.6737524 0.8238034 0.7511988 0.7906066 0.7262529 0.8165258 0.6900289 0.7956119 0.6488064 0.8497229 0.6737524 0.8238034 0.7099764 0.8447174 0.7511988 0.8497229 0.7362266 0.8410785 0.7262529 0.8165258 0.03712213 0.8076473 0.03712213 0.8494752 0.004569292 0.8494752 0.03712213 0.8494752 0.02084571 0.8703891 0.004569292 0.8494752 0.004569292 0.8494752 0.004569292 0.8076473 0.03712213 0.8076473 0.04626077 0.8494752 0.07393485 0.8494752 0.07393485 0.8076474 0.04626077 0.8494752 0.07393485 0.8494752 0.07393485 0.8703891 0.04626077 0.7867335 0.07393485 0.7867335 0.07393485 0.8076474 0.04626077 0.8076474 0.07393485 0.8076474 0.07393485 0.7867335 0.04626077 0.8703891 0.07393485 0.8703891 0.07393485 0.8494752 0.8522686 0.004569292 0.8681286 0.004569292 0.8681286 0.05576539 0.08307343 0.8458498 0.09893345 0.8458498 0.09893345 0.7867335 0.8522686 0.1161002 0.8522686 0.1672964 0.8681287 0.1672964 0.8522686 0.2184925 0.8681287 0.2184925 0.8681287 0.1672964 0.6488064 0.7906066 0.6637787 0.7992507 0.6900289 0.7956119 0.1080721 0.7867335 0.1239321 0.7867335 0.1239321 0.8458498 0.8522686 0.05576539 0.8681286 0.05576539 0.8681286 0.1069616 0.07393485 0.8494752 0.07393485 0.8076474 0.04626077 0.8076474 0.7511988 0.8497229 0.7362266 0.8410785 0.7099764 0.8447174 0.6737524 0.8238034 0.6637787 0.7992507 0.6488064 0.7906066 0.6900289 0.7956119 0.7262529 0.8165258 0.7511988 0.7906066 0.7099764 0.8447174 0.6737524 0.8238034 0.6488064 0.8497229 0.7262529 0.8165258 0.7362266 0.8410785 0.7511988 0.8497229 0.02084571 0.8703891 0.03712213 0.8494752 0.004569292 0.8494752 0.03712213 0.8494752 0.03712213 0.8076473 0.004569292 0.8494752 0.03712213 0.8076473 0.02084571 0.7867335 0.004569292 0.8076473 0.07393485 0.8076474 0.07393485 0.8494752 0.04626077 0.8494752 0.07393485 0.8703891 0.07393485 0.8494752 0.04626077 0.8494752 0.07393485 0.8076474 0.07393485 0.7867335 0.04626077 0.7867335 0.07393485 0.7867335 0.07393485 0.8076474 0.04626077 0.8076474 0.07393485 0.8494752 0.07393485 0.8703891 0.04626077 0.8703891 0.8681286 0.05576539 0.8681286 0.004569292 0.8522686 0.004569292 0.09893345 0.7867335 0.09893345 0.8458498 0.08307343 0.8458498 0.8522686 0.1161002 0.8681287 0.1161002 0.8681287 0.1672964 0.8681287 0.1672964 0.8681287 0.2184925 0.8522686 0.2184925 0.6488064 0.7906066 0.7000026 0.7610484 0.6900289 0.7956119 0.1239321 0.8458498 0.1239321 0.7867335 0.1080721 0.7867335 0.8681286 0.1069616 0.8681286 0.05576539 0.8522686 0.05576539 0.04626077 0.8076474 0.07393485 0.8076474 0.07393485 0.8494752 0.7511988 0.8497229 0.7000025 0.879281 0.7099764 0.8447174 0.6488064 0.7906066 0.6637787 0.7992507 0.6737524 0.8238034 0.7511988 0.7906066 0.7262529 0.8165258 0.6900289 0.7956119 0.6488064 0.8497229 0.6737524 0.8238034 0.7099764 0.8447174 0.7511988 0.8497229 0.7362266 0.8410785 0.7262529 0.8165258 0.03712213 0.8076473 0.03712213 0.8494752 0.004569292 0.8494752 0.03712213 0.8494752 0.02084571 0.8703891 0.004569292 0.8494752 0.004569292 0.8494752 0.004569292 0.8076473 0.03712213 0.8076473 0.04626077 0.8494752 0.07393485 0.8494752 0.07393485 0.8076474 0.04626077 0.8494752 0.07393485 0.8494752 0.07393485 0.8703891 0.04626077 0.7867335 0.07393485 0.7867335 0.07393485 0.8076474 0.04626077 0.8076474 0.07393485 0.8076474 0.07393485 0.7867335 0.04626077 0.8703891 0.07393485 0.8703891 0.07393485 0.8494752 0.8522686 0.004569292 0.8681286 0.004569292 0.8681286 0.05576539 0.08307343 0.8458498 0.09893345 0.8458498 0.09893345 0.7867335 0.8522686 0.1161002 0.8522686 0.1672964 0.8681287 0.1672964 0.8522686 0.2184925 0.8681287 0.2184925 0.8681287 0.1672964 0.6488064 0.7906066 0.6637787 0.7992507 0.6900289 0.7956119 0.1080721 0.7867335 0.1239321 0.7867335 0.1239321 0.8458498 0.8522686 0.05576539 0.8681286 0.05576539 0.8681286 0.1069616 0.07393485 0.8494752 0.07393485 0.8076474 0.04626077 0.8076474 0.7511988 0.8497229 0.7362266 0.8410785 0.7099764 0.8447174 0.6737524 0.8238034 0.6637787 0.7992507 0.6488064 0.7906066 0.6900289 0.7956119 0.7262529 0.8165258 0.7511988 0.7906066 0.7099764 0.8447174 0.6737524 0.8238034 0.6488064 0.8497229 0.7262529 0.8165258 0.7362266 0.8410785 0.7511988 0.8497229 0.02084571 0.8703891 0.03712213 0.8494752 0.004569292 0.8494752 0.03712213 0.8494752 0.03712213 0.8076473 0.004569292 0.8494752 0.03712213 0.8076473 0.02084571 0.7867335 0.004569292 0.8076473 0.07393485 0.8076474 0.07393485 0.8494752 0.04626077 0.8494752 0.07393485 0.8703891 0.07393485 0.8494752 0.04626077 0.8494752 0.07393485 0.8076474 0.07393485 0.7867335 0.04626077 0.7867335 0.07393485 0.7867335 0.07393485 0.8076474 0.04626077 0.8076474 0.07393485 0.8494752 0.07393485 0.8703891 0.04626077 0.8703891 0.8681286 0.05576539 0.8681286 0.004569292 0.8522686 0.004569292 0.09893345 0.7867335 0.09893345 0.8458498 0.08307343 0.8458498 0.8522686 0.1161002 0.8681287 0.1161002 0.8681287 0.1672964 0.8681287 0.1672964 0.8681287 0.2184925 0.8522686 0.2184925 0.6488064 0.7906066 0.7000026 0.7610484 0.6900289 0.7956119 0.1239321 0.8458498 0.1239321 0.7867335 0.1080721 0.7867335 0.8681286 0.1069616 0.8681286 0.05576539 0.8522686 0.05576539 0.04626077 0.8076474 0.07393485 0.8076474 0.07393485 0.8494752 0.7511988 0.8497229 0.7000025 0.879281 0.7099764 0.8447174 0.6488064 0.7906066 0.6637787 0.7992507 0.6737524 0.8238034 0.7511988 0.7906066 0.7262529 0.8165258 0.6900289 0.7956119 0.6488064 0.8497229 0.6737524 0.8238034 0.7099764 0.8447174 0.7511988 0.8497229 0.7362266 0.8410785 0.7262529 0.8165258 0.03712213 0.8076473 0.03712213 0.8494752 0.004569292 0.8076473 0.03712213 0.8494752 0.02084571 0.8703891 0.004569292 0.8494752 0.004569292 0.8076473 0.03712213 0.8494752 0.004569292 0.8494752 0.04626077 0.8494752 0.07393485 0.8494752 0.07393485 0.8076474 0.04626077 0.8494752 0.07393485 0.8494752 0.07393485 0.8703891 0.04626077 0.7867335 0.07393485 0.7867335 0.07393485 0.8076474 0.04626077 0.8076474 0.07393485 0.8076474 0.07393485 0.7867335 0.04626077 0.8703891 0.07393485 0.8703891 0.07393485 0.8494752 0.8522686 0.004569292 0.8681286 0.004569292 0.8681286 0.05576539 0.08307343 0.8458498 0.09893345 0.8458498 0.09893345 0.7867335 0.8522686 0.1161002 0.8522686 0.1672964 0.8681287 0.1672964 0.8522686 0.2184925 0.8681287 0.2184925 0.8681287 0.1672964 0.6488064 0.7906066 0.6637787 0.7992507 0.6900289 0.7956119 0.1080721 0.7867335 0.1239321 0.7867335 0.1239321 0.8458498 0.8522686 0.05576539 0.8681286 0.05576539 0.8681286 0.1069616 0.07393485 0.8494752 0.07393485 0.8076474 0.04626077 0.8076474 0.7511988 0.8497229 0.7362266 0.8410785 0.7099764 0.8447174 0.6737524 0.8238034 0.6637787 0.7992507 0.6488064 0.7906066 0.6900289 0.7956119 0.7262529 0.8165258 0.7511988 0.7906066 0.7099764 0.8447174 0.6737524 0.8238034 0.6488064 0.8497229 0.7262529 0.8165258 0.7362266 0.8410785 0.7511988 0.8497229 0.02084571 0.8703891 0.03712213 0.8494752 0.004569292 0.8494752 0.03712213 0.8494752 0.03712213 0.8076473 0.004569292 0.8076473 0.03712213 0.8076473 0.02084571 0.7867335 0.004569292 0.8076473 0.07393485 0.8076474 0.07393485 0.8494752 0.04626077 0.8494752 0.07393485 0.8703891 0.07393485 0.8494752 0.04626077 0.8494752 0.07393485 0.8076474 0.07393485 0.7867335 0.04626077 0.7867335 0.07393485 0.7867335 0.07393485 0.8076474 0.04626077 0.8076474 0.07393485 0.8494752 0.07393485 0.8703891 0.04626077 0.8703891 0.569085 0.2937984 0.5912626 0.2937984 0.5886283 0.2295291 0.6618462 0.2937984 0.6357749 0.2937984 0.6382803 0.2295291 0.5827916 0.2937984 0.5553784 0.2937984 0.5570066 0.2295291 0.6382803 0.2295291 0.6357749 0.2937984 0.6618462 0.2937984 0.5495417 0.2295291 0.5469074 0.2937984 0.569085 0.2937984 0.5495417 0.4964479 0.569085 0.5106469 0.5570066 0.4734733 0.569085 0.5106469 0.5886283 0.4964479 0.5570066 0.4734733 0.2643132 0.2295291 0.2616789 0.2937984 0.2838565 0.2937984 0.6382803 0.2295291 0.6357749 0.2937984 0.6618462 0.2937984 0.2959349 0.2295291 0.297563 0.2937984 0.27015 0.2937984 0.6382803 0.2295291 0.6612548 0.2295291 0.6618462 0.2937984 0.3033998 0.2295291 0.2838565 0.2295291 0.2838565 0.2937984 0.2643132 0.4964479 0.2838565 0.5106469 0.3033998 0.4964479 0.3033998 0.4964479 0.2959349 0.4734733 0.2717781 0.4734733 0.5886283 0.2295291 0.5912626 0.2937984 0.569085 0.2937984 0.2146612 0.2295291 0.2171666 0.2937984 0.1910952 0.2937984 0.5570066 0.2295291 0.5553784 0.2937984 0.5827915 0.2937984 0.2146612 0.2295291 0.1916866 0.2295291 0.1910952 0.2937984 0.5495417 0.2295291 0.569085 0.2295291 0.569085 0.2937984 0.5886283 0.02687972 0.569085 0.0126807 0.5811634 0.04985421 0.569085 0.0126807 0.5495417 0.02687972 0.5811634 0.04985421 0.2838565 0.2937984 0.2616789 0.2937984 0.2643132 0.2295291 0.1910952 0.2937984 0.2171666 0.2937984 0.2146612 0.2295291 0.27015 0.2937984 0.297563 0.2937984 0.2959349 0.2295291 0.2146612 0.2295291 0.2171666 0.2937984 0.1910952 0.2937984 0.3033998 0.2295291 0.3060342 0.2937984 0.2838565 0.2937984 0.3033998 0.02687972 0.2838565 0.0126807 0.2959349 0.04985421 0.2838565 0.0126807 0.2643132 0.02687972 0.2959349 0.04985421 0.7619592 0.6550486 0.7683318 0.6550486 0.7681517 0.6406201 0.859187 0.6550486 0.8675104 0.6406201 0.7883211 0.6409404 0.6711035 0.6550486 0.7419694 0.6552115 0.7419693 0.6409404 0.7683318 0.6550486 0.7619592 0.6550486 0.7621393 0.6406201 0.6711035 0.6550486 0.66278 0.6406201 0.7419693 0.6409404 0.7883211 0.6409404 0.8675104 0.6406201 0.859187 0.6550486 0.7883211 0.6470052 0.8675104 0.64676 0.8675104 0.6407476 0.7419693 0.6405023 0.66278 0.6407476 0.66278 0.64676 0.6711035 0.6405674 0.7419694 0.6405023 0.7419694 0.6470053 0.859187 0.6469401 0.7883211 0.6470053 0.7883211 0.6405023 0.7632215 0.6550187 0.7670689 0.6550187 0.7672277 0.6405445 0.6700553 0.6550187 0.6617477 0.6405445 0.7430503 0.6409368 0.7872407 0.6409368 0.8685433 0.6405445 0.8602358 0.6550187 0.7672277 0.6405445 0.7670689 0.6550187 0.7632215 0.6550187 0.8602358 0.6550187 0.8685433 0.6405445 0.7872407 0.6409368 0.6700553 0.6550187 0.7430539 0.6552083 0.7430503 0.6409368 0.7630627 0.540356 0.7629781 0.6216586 0.7673123 0.6216586 0.7672277 0.7471516 0.7673123 0.665849 0.7629781 0.665849 0.7670689 0.738844 0.7632215 0.738844 0.7629748 0.6658454 0.7632215 0.5486636 0.7670689 0.5486636 0.7673156 0.6216622 0.8346397 0.6549782 0.8301361 0.6550295 0.8361964 0.6406486 0.6956513 0.6549782 0.6898993 0.6405375 0.7472758 0.640976 0.7784764 0.6409217 0.8361964 0.6406486 0.8301361 0.6550295 0.6956513 0.6549782 0.7001549 0.6550295 0.6940947 0.6406486 0.8346397 0.6549782 0.8403916 0.6405375 0.7830152 0.640976 0.7518146 0.6409217 0.6940947 0.6406486 0.7001549 0.6550295 0.691196 0.572703 0.7471717 0.6304229 0.7504978 0.6258841 0.8390945 0.7148047 0.7831187 0.6570847 0.7797926 0.6616235 0.8333059 0.7087444 0.8302106 0.713248 0.7797957 0.6616188 0.6969845 0.5787632 0.7000798 0.5742596 0.7504947 0.6258888 0.6940947 0.6406486 0.7001549 0.6550295 0.6956513 0.6549782 0.8301361 0.6550295 0.8361964 0.6406486 0.7784764 0.6409217 0.6956513 0.6549782 0.7472805 0.6551807 0.7472758 0.640976 0.8361964 0.6406486 0.8301361 0.6550295 0.8346397 0.6549782 0.7001549 0.6550295 0.6940947 0.6406486 0.7518146 0.6409217 0.7830152 0.640976 0.8403917 0.6405375 0.8346397 0.6549782 0.691196 0.7148047 0.6942175 0.719 0.7504978 0.6616235 0.8390945 0.572703 0.8360729 0.5685076 0.7797926 0.6258841 0.8333059 0.5787632 0.7831231 0.6304275 0.7797957 0.6258888 0.6969845 0.7087444 0.7471672 0.6570801 0.7504947 0.6616188 0.768397 0.6552115 0.7683969 0.6409404 0.7618941 0.6409404 0.7784718 0.655224 0.7784764 0.6409217 0.7830152 0.640976 0.7518193 0.655224 0.7518146 0.6409217 0.7472758 0.640976 0.7518193 0.655224 0.7472805 0.6551807 0.7472758 0.640976 0.7629781 0.6409368 0.7673123 0.6409368 0.7673156 0.6552083 0.7784718 0.655224 0.7830106 0.6551807 0.7830152 0.640976 0.7629781 0.6409368 0.7629748 0.6552083 0.7673156 0.6552083 0.768397 0.6552115 0.7618941 0.6552115 0.7618941 0.6409404 0.7651109 0.6836614 0.7933884 0.6719485 0.7984285 0.6770369 0.7933884 0.6719485 0.8051013 0.643671 0.8122149 0.6437535 0.8051013 0.643671 0.7933884 0.6153935 0.7984285 0.61047 0.7933884 0.6153935 0.7651109 0.6036806 0.765145 0.5966836 0.7368334 0.6153935 0.7318616 0.61047 0.765145 0.5966836 0.7251204 0.643671 0.7180751 0.6437535 0.7318616 0.61047 0.7368334 0.6719485 0.7318616 0.6770369 0.7180751 0.6437535 0.7651109 0.6836614 0.765145 0.6908234 0.7318616 0.6770369 0.7651109 0.6836614 0.7368334 0.6719485 0.7508942 0.6578877 0.6598483 0.6403411 0.870442 0.6403411 0.870442 0.6322828 0.6598483 0.6403411 0.870442 0.6403411 0.870442 0.6322828 0.870442 0.6403411 0.6598483 0.6403411 0.6598483 0.6322828 0.870442 0.6403411 0.6598483 0.6403411 0.6598483 0.6322828 0.870442 0.7490503 0.870442 0.5384566 0.6598483 0.5384566 0.870442 0.5384566 0.870442 0.7490503 0.8122149 0.6437535 0.870442 0.5384566 0.8122149 0.6437535 0.7984285 0.61047 0.7318616 0.61047 0.7180751 0.6437535 0.6598483 0.5384566 0.870442 0.5384566 0.7984285 0.61047 0.765145 0.5966836 0.765145 0.5966836 0.7318616 0.61047 0.6598483 0.5384566 0.6598483 0.7490503 0.6598483 0.5384566 0.7180751 0.6437535 0.6598483 0.7490503 0.7180751 0.6437535 0.7318616 0.6770369 0.7984285 0.6770369 0.8122149 0.6437535 0.870442 0.7490503 0.6598483 0.7490503 0.7318616 0.6770369 0.765145 0.6908234 0.765145 0.6908234 0.7984285 0.6770369 0.870442 0.7490503 0.7651109 0.6342164 0.7508942 0.6342164 0.7521131 0.6390275 0.7368334 0.6719485 0.7251204 0.643671 0.7450055 0.643671 0.7251204 0.643671 0.7368334 0.6153935 0.7508942 0.6294543 0.7651109 0.6036806 0.7651109 0.6235656 0.7508942 0.6294543 0.7933884 0.6153935 0.7793276 0.6294543 0.7651109 0.6235656 0.8051013 0.643671 0.7852163 0.643671 0.7793276 0.6294543 0.7933884 0.6719485 0.7793276 0.6578877 0.7852163 0.643671 0.7933884 0.6719485 0.7651109 0.6836614 0.7651109 0.6637764 0.7781087 0.6566688 0.7651109 0.6620526 0.7521131 0.6566688 0.7521131 0.6566688 0.7467293 0.643671 0.7521131 0.6306732 0.7521131 0.6306732 0.7651109 0.6252894 0.7781087 0.6306732 0.7781087 0.6306732 0.7834925 0.643671 0.7781087 0.6566688 0.7781087 0.6566688 0.7521131 0.6566688 0.7521131 0.6306732 0.7650628 0.6342164 0.750846 0.6342164 0.752065 0.6390275 0.7651109 0.6342164 0.7793276 0.6342164 0.7781087 0.6390275 0.7650628 0.6342164 0.7792794 0.6342164 0.7780605 0.6390275 0.7650628 0.6342164 0.7650628 0.6390275 0.7780605 0.6390275 0.7651109 0.6342164 0.7651109 0.6390275 0.7521131 0.6390275 0.7650628 0.6342164 0.7650628 0.6390275 0.752065 0.6390275 0.7651109 0.6342164 0.7651109 0.6390275 0.7781087 0.6390275 0.7619592 0.6550486 0.7683318 0.6550486 0.7681517 0.6406201 0.859187 0.6550486 0.8675104 0.6406201 0.7883211 0.6409404 0.6711035 0.6550486 0.7419694 0.6552115 0.7419693 0.6409404 0.7683318 0.6550486 0.7619592 0.6550486 0.7621393 0.6406201 0.6711035 0.6550486 0.66278 0.6406201 0.7419693 0.6409404 0.7883211 0.6409404 0.8675104 0.6406201 0.859187 0.6550486 0.7883211 0.6470052 0.8675104 0.64676 0.8675104 0.6407476 0.7419693 0.6405023 0.66278 0.6407476 0.66278 0.64676 0.6711035 0.6405674 0.7419694 0.6405023 0.7419694 0.6470053 0.859187 0.6469401 0.7883211 0.6470053 0.7883211 0.6405023 0.7632215 0.6550187 0.7670689 0.6550187 0.7672277 0.6405445 0.6700553 0.6550187 0.6617477 0.6405445 0.7430503 0.6409368 0.7872407 0.6409368 0.8685433 0.6405445 0.8602358 0.6550187 0.7672277 0.6405445 0.7670689 0.6550187 0.7632215 0.6550187 0.8602358 0.6550187 0.8685433 0.6405445 0.7872407 0.6409368 0.6700553 0.6550187 0.7430539 0.6552083 0.7430503 0.6409368 0.7630627 0.540356 0.7629781 0.6216586 0.7673123 0.6216586 0.7672277 0.7471516 0.7673123 0.665849 0.7629781 0.665849 0.7670689 0.738844 0.7632215 0.738844 0.7629748 0.6658454 0.7632215 0.5486636 0.7670689 0.5486636 0.7673156 0.6216622 0.8346397 0.6549782 0.8301361 0.6550295 0.8361964 0.6406486 0.6956513 0.6549782 0.6898993 0.6405375 0.7472758 0.640976 0.7784764 0.6409217 0.8361964 0.6406486 0.8301361 0.6550295 0.6956513 0.6549782 0.7001549 0.6550295 0.6940947 0.6406486 0.8346397 0.6549782 0.8403916 0.6405375 0.7830152 0.640976 0.7518146 0.6409217 0.6940947 0.6406486 0.7001549 0.6550295 0.691196 0.572703 0.7471717 0.6304229 0.7504978 0.6258841 0.8390945 0.7148047 0.7831187 0.6570847 0.7797926 0.6616235 0.8333059 0.7087444 0.8302106 0.713248 0.7797957 0.6616188 0.6969845 0.5787632 0.7000798 0.5742596 0.7504947 0.6258888 0.6940947 0.6406486 0.7001549 0.6550295 0.6956513 0.6549782 0.8301361 0.6550295 0.8361964 0.6406486 0.7784764 0.6409217 0.6956513 0.6549782 0.7472805 0.6551807 0.7472758 0.640976 0.8361964 0.6406486 0.8301361 0.6550295 0.8346397 0.6549782 0.7001549 0.6550295 0.6940947 0.6406486 0.7518146 0.6409217 0.7830152 0.640976 0.8403917 0.6405375 0.8346397 0.6549782 0.691196 0.7148047 0.6942175 0.719 0.7504978 0.6616235 0.8390945 0.572703 0.8360729 0.5685076 0.7797926 0.6258841 0.8333059 0.5787632 0.7831231 0.6304275 0.7797957 0.6258888 0.6969845 0.7087444 0.7471672 0.6570801 0.7504947 0.6616188 0.768397 0.6552115 0.7683969 0.6409404 0.7618941 0.6409404 0.7784718 0.655224 0.7784764 0.6409217 0.7830152 0.640976 0.7518193 0.655224 0.7518146 0.6409217 0.7472758 0.640976 0.7518193 0.655224 0.7472805 0.6551807 0.7472758 0.640976 0.7629781 0.6409368 0.7673123 0.6409368 0.7673156 0.6552083 0.7784718 0.655224 0.7830106 0.6551807 0.7830152 0.640976 0.7629781 0.6409368 0.7629748 0.6552083 0.7673156 0.6552083 0.768397 0.6552115 0.7618941 0.6552115 0.7618941 0.6409404 0.7651109 0.6836614 0.7933884 0.6719485 0.7984285 0.6770369 0.7933884 0.6719485 0.8051013 0.643671 0.8122149 0.6437535 0.8051013 0.643671 0.7933884 0.6153935 0.7984285 0.61047 0.7933884 0.6153935 0.7651109 0.6036806 0.765145 0.5966836 0.7368334 0.6153935 0.7318616 0.61047 0.765145 0.5966836 0.7251204 0.643671 0.7180751 0.6437535 0.7318616 0.61047 0.7368334 0.6719485 0.7318616 0.6770369 0.7180751 0.6437535 0.7651109 0.6836614 0.765145 0.6908234 0.7318616 0.6770369 0.7651109 0.6836614 0.7368334 0.6719485 0.7508942 0.6578877 0.6598483 0.6403411 0.870442 0.6403411 0.870442 0.6322828 0.6598483 0.6403411 0.870442 0.6403411 0.870442 0.6322828 0.870442 0.6403411 0.6598483 0.6403411 0.6598483 0.6322828 0.870442 0.6403411 0.6598483 0.6403411 0.6598483 0.6322828 0.870442 0.7490503 0.870442 0.5384566 0.6598483 0.5384566 0.870442 0.5384566 0.870442 0.7490503 0.8122149 0.6437535 0.870442 0.5384566 0.8122149 0.6437535 0.7984285 0.61047 0.7318616 0.61047 0.7180751 0.6437535 0.6598483 0.5384566 0.870442 0.5384566 0.7984285 0.61047 0.765145 0.5966836 0.765145 0.5966836 0.7318616 0.61047 0.6598483 0.5384566 0.6598483 0.7490503 0.6598483 0.5384566 0.7180751 0.6437535 0.6598483 0.7490503 0.7180751 0.6437535 0.7318616 0.6770369 0.7984285 0.6770369 0.8122149 0.6437535 0.870442 0.7490503 0.6598483 0.7490503 0.7318616 0.6770369 0.765145 0.6908234 0.765145 0.6908234 0.7984285 0.6770369 0.870442 0.7490503 0.7651109 0.6342164 0.7508942 0.6342164 0.7521131 0.6390275 0.7368334 0.6719485 0.7251204 0.643671 0.7450055 0.643671 0.7251204 0.643671 0.7368334 0.6153935 0.7508942 0.6294543 0.7368334 0.6153935 0.7651109 0.6036806 0.7651109 0.6235656 0.7933884 0.6153935 0.7793276 0.6294543 0.7651109 0.6235656 0.8051013 0.643671 0.7852163 0.643671 0.7793276 0.6294543 0.7933884 0.6719485 0.7793276 0.6578877 0.7852163 0.643671 0.7933884 0.6719485 0.7651109 0.6836614 0.7651109 0.6637764 0.7781087 0.6566688 0.7651109 0.6620526 0.7521131 0.6566688 0.7521131 0.6566688 0.7467293 0.643671 0.7521131 0.6306732 0.7521131 0.6306732 0.7651109 0.6252894 0.7781087 0.6306732 0.7781087 0.6306732 0.7834925 0.643671 0.7781087 0.6566688 0.7781087 0.6566688 0.7521131 0.6566688 0.7521131 0.6306732 0.750846 0.6342164 0.752065 0.6390275 0.7650628 0.6390275 0.7651109 0.6342164 0.7793276 0.6342164 0.7781087 0.6390275 0.7650628 0.6342164 0.7792794 0.6342164 0.7780605 0.6390275 0.7650628 0.6342164 0.7650628 0.6390275 0.7780605 0.6390275 0.7651109 0.6342164 0.7651109 0.6390275 0.7521131 0.6390275 0.750846 0.6342164 0.7650628 0.6342164 0.7650628 0.6390275 0.7651109 0.6342164 0.7651109 0.6390275 0.7781087 0.6390275 0.7621393 0.6406201 0.7619592 0.6550486 0.7683318 0.6550486 0.859187 0.6550486 0.8675104 0.6406201 0.7883211 0.6409404 0.6711035 0.6550486 0.7419694 0.6552115 0.7419693 0.6409404 0.7683318 0.6550486 0.7619592 0.6550486 0.7621393 0.6406201 0.6711035 0.6550486 0.66278 0.6406201 0.7419693 0.6409404 0.7883211 0.6409404 0.8675104 0.6406201 0.859187 0.6550486 0.7883211 0.6470052 0.8675104 0.64676 0.8675104 0.6407476 0.7419693 0.6405023 0.66278 0.6407476 0.66278 0.64676 0.6711035 0.6405674 0.7419694 0.6405023 0.7419694 0.6470053 0.859187 0.6469401 0.7883211 0.6470053 0.7883211 0.6405023 0.7632215 0.6550187 0.7670689 0.6550187 0.7672277 0.6405445 0.6700553 0.6550187 0.6617477 0.6405445 0.7430503 0.6409368 0.7872407 0.6409368 0.8685433 0.6405445 0.8602358 0.6550187 0.7672277 0.6405445 0.7670689 0.6550187 0.7632215 0.6550187 0.8602358 0.6550187 0.8685433 0.6405445 0.7872407 0.6409368 0.6700553 0.6550187 0.7430539 0.6552083 0.7430503 0.6409368 0.7630627 0.540356 0.7629781 0.6216586 0.7673123 0.6216586 0.7672277 0.7471516 0.7673123 0.665849 0.7629781 0.665849 0.7670689 0.738844 0.7632215 0.738844 0.7629748 0.6658454 0.7632215 0.5486636 0.7670689 0.5486636 0.7673156 0.6216622 0.8346397 0.6549782 0.8301361 0.6550295 0.8361964 0.6406486 0.6956513 0.6549782 0.6898993 0.6405375 0.7472758 0.640976 0.7784764 0.6409217 0.8361964 0.6406486 0.8301361 0.6550295 0.6956513 0.6549782 0.7001549 0.6550295 0.6940947 0.6406486 0.8346397 0.6549782 0.8403916 0.6405375 0.7830152 0.640976 0.7518146 0.6409217 0.6940947 0.6406486 0.7001549 0.6550295 0.691196 0.572703 0.7471717 0.6304229 0.7504978 0.6258841 0.8390945 0.7148047 0.7831187 0.6570847 0.7797926 0.6616235 0.8333059 0.7087444 0.8302106 0.713248 0.7797957 0.6616188 0.6969845 0.5787632 0.7000798 0.5742596 0.7504947 0.6258888 0.6940947 0.6406486 0.7001549 0.6550295 0.6956513 0.6549782 0.8301361 0.6550295 0.8361964 0.6406486 0.7784764 0.6409217 0.6956513 0.6549782 0.7472805 0.6551807 0.7472758 0.640976 0.8361964 0.6406486 0.8301361 0.6550295 0.8346397 0.6549782 0.7001549 0.6550295 0.6940947 0.6406486 0.7518146 0.6409217 0.7830152 0.640976 0.8403917 0.6405375 0.8346397 0.6549782 0.691196 0.7148047 0.6942175 0.719 0.7504978 0.6616235 0.8390945 0.572703 0.8360729 0.5685076 0.7797926 0.6258841 0.8333059 0.5787632 0.7831231 0.6304275 0.7797957 0.6258888 0.6969845 0.7087444 0.7471672 0.6570801 0.7504947 0.6616188 0.768397 0.6552115 0.7683969 0.6409404 0.7618941 0.6409404 0.7784718 0.655224 0.7784764 0.6409217 0.7830152 0.640976 0.7518193 0.655224 0.7518146 0.6409217 0.7472758 0.640976 0.7518193 0.655224 0.7472805 0.6551807 0.7472758 0.640976 0.7629781 0.6409368 0.7673123 0.6409368 0.7673156 0.6552083 0.7784718 0.655224 0.7830106 0.6551807 0.7830152 0.640976 0.7629781 0.6409368 0.7629748 0.6552083 0.7673156 0.6552083 0.768397 0.6552115 0.7618941 0.6552115 0.7618941 0.6409404 0.7651109 0.6836614 0.7933884 0.6719485 0.7984285 0.6770369 0.7933884 0.6719485 0.8051013 0.643671 0.8122149 0.6437535 0.8051013 0.643671 0.7933884 0.6153935 0.7984285 0.61047 0.7933884 0.6153935 0.7651109 0.6036806 0.765145 0.5966836 0.7368334 0.6153935 0.7318616 0.61047 0.765145 0.5966836 0.7251204 0.643671 0.7180751 0.6437535 0.7318616 0.61047 0.7368334 0.6719485 0.7318616 0.6770369 0.7180751 0.6437535 0.7651109 0.6836614 0.765145 0.6908234 0.7318616 0.6770369 0.7651109 0.6836614 0.7368334 0.6719485 0.7508942 0.6578877 0.6598483 0.6403411 0.870442 0.6403411 0.870442 0.6322828 0.6598483 0.6403411 0.870442 0.6403411 0.870442 0.6322828 0.870442 0.6403411 0.6598483 0.6403411 0.6598483 0.6322828 0.870442 0.6403411 0.6598483 0.6403411 0.6598483 0.6322828 0.870442 0.7490503 0.870442 0.5384566 0.6598483 0.5384566 0.870442 0.5384566 0.870442 0.7490503 0.8122149 0.6437535 0.870442 0.5384566 0.8122149 0.6437535 0.7984285 0.61047 0.7318616 0.61047 0.7180751 0.6437535 0.6598483 0.5384566 0.870442 0.5384566 0.7984285 0.61047 0.765145 0.5966836 0.765145 0.5966836 0.7318616 0.61047 0.6598483 0.5384566 0.6598483 0.7490503 0.6598483 0.5384566 0.7180751 0.6437535 0.6598483 0.7490503 0.7180751 0.6437535 0.7318616 0.6770369 0.7984285 0.6770369 0.8122149 0.6437535 0.870442 0.7490503 0.6598483 0.7490503 0.7318616 0.6770369 0.765145 0.6908234 0.765145 0.6908234 0.7984285 0.6770369 0.870442 0.7490503 0.7651109 0.6342164 0.7508942 0.6342164 0.7521131 0.6390275 0.7251204 0.643671 0.7450055 0.643671 0.7508942 0.6578877 0.7251204 0.643671 0.7368334 0.6153935 0.7508942 0.6294543 0.7651109 0.6036806 0.7651109 0.6235656 0.7508942 0.6294543 0.7933884 0.6153935 0.7793276 0.6294543 0.7651109 0.6235656 0.8051013 0.643671 0.7852163 0.643671 0.7793276 0.6294543 0.8051013 0.643671 0.7933884 0.6719485 0.7793276 0.6578877 0.7933884 0.6719485 0.7651109 0.6836614 0.7651109 0.6637764 0.7781087 0.6566688 0.7651109 0.6620526 0.7521131 0.6566688 0.7521131 0.6566688 0.7467293 0.643671 0.7521131 0.6306732 0.7521131 0.6306732 0.7651109 0.6252894 0.7781087 0.6306732 0.7781087 0.6306732 0.7834925 0.643671 0.7781087 0.6566688 0.7781087 0.6566688 0.7521131 0.6566688 0.7521131 0.6306732 0.7650628 0.6342164 0.750846 0.6342164 0.752065 0.6390275 0.7793276 0.6342164 0.7781087 0.6390275 0.7651109 0.6390275 0.7650628 0.6342164 0.7792794 0.6342164 0.7780605 0.6390275 0.7650628 0.6342164 0.7650628 0.6390275 0.7780605 0.6390275 0.7508942 0.6342164 0.7651109 0.6342164 0.7651109 0.6390275 0.7650628 0.6342164 0.7650628 0.6390275 0.752065 0.6390275 0.7651109 0.6342164 0.7651109 0.6390275 0.7781087 0.6390275 0.7619592 0.6550486 0.7683318 0.6550486 0.7681517 0.6406201 0.859187 0.6550486 0.8675104 0.6406201 0.7883211 0.6409404 0.6711035 0.6550486 0.7419694 0.6552115 0.7419693 0.6409404 0.7683318 0.6550486 0.7619592 0.6550486 0.7621393 0.6406201 0.6711035 0.6550486 0.66278 0.6406201 0.7419693 0.6409404 0.7883211 0.6409404 0.8675104 0.6406201 0.859187 0.6550486 0.7883211 0.6470052 0.8675104 0.64676 0.8675104 0.6407476 0.7419693 0.6405023 0.66278 0.6407476 0.66278 0.64676 0.6711035 0.6405674 0.7419694 0.6405023 0.7419694 0.6470053 0.859187 0.6469401 0.7883211 0.6470053 0.7883211 0.6405023 0.7632215 0.6550187 0.7670689 0.6550187 0.7672277 0.6405445 0.6700553 0.6550187 0.6617477 0.6405445 0.7430503 0.6409368 0.7872407 0.6409368 0.8685433 0.6405445 0.8602358 0.6550187 0.7672277 0.6405445 0.7670689 0.6550187 0.7632215 0.6550187 0.8602358 0.6550187 0.8685433 0.6405445 0.7872407 0.6409368 0.6700553 0.6550187 0.7430539 0.6552083 0.7430503 0.6409368 0.7630627 0.540356 0.7629781 0.6216586 0.7673123 0.6216586 0.7672277 0.7471516 0.7673123 0.665849 0.7629781 0.665849 0.7670689 0.738844 0.7632215 0.738844 0.7629748 0.6658454 0.7632215 0.5486636 0.7670689 0.5486636 0.7673156 0.6216622 0.8346397 0.6549782 0.8301361 0.6550295 0.8361964 0.6406486 0.6956513 0.6549782 0.6898993 0.6405375 0.7472758 0.640976 0.7784764 0.6409217 0.8361964 0.6406486 0.8301361 0.6550295 0.6956513 0.6549782 0.7001549 0.6550295 0.6940947 0.6406486 0.8346397 0.6549782 0.8403916 0.6405375 0.7830152 0.640976 0.7518146 0.6409217 0.6940947 0.6406486 0.7001549 0.6550295 0.691196 0.572703 0.7471717 0.6304229 0.7504978 0.6258841 0.8390945 0.7148047 0.7831187 0.6570847 0.7797926 0.6616235 0.8333059 0.7087444 0.8302106 0.713248 0.7797957 0.6616188 0.6969845 0.5787632 0.7000798 0.5742596 0.7504947 0.6258888 0.6940947 0.6406486 0.7001549 0.6550295 0.6956513 0.6549782 0.8301361 0.6550295 0.8361964 0.6406486 0.7784764 0.6409217 0.6956513 0.6549782 0.7472805 0.6551807 0.7472758 0.640976 0.8361964 0.6406486 0.8301361 0.6550295 0.8346397 0.6549782 0.7001549 0.6550295 0.6940947 0.6406486 0.7518146 0.6409217 0.7830152 0.640976 0.8403917 0.6405375 0.8346397 0.6549782 0.691196 0.7148047 0.6942175 0.719 0.7504978 0.6616235 0.8390945 0.572703 0.8360729 0.5685076 0.7797926 0.6258841 0.8333059 0.5787632 0.7831231 0.6304275 0.7797957 0.6258888 0.6969845 0.7087444 0.7471672 0.6570801 0.7504947 0.6616188 0.768397 0.6552115 0.7683969 0.6409404 0.7618941 0.6409404 0.7784718 0.655224 0.7784764 0.6409217 0.7830152 0.640976 0.7518193 0.655224 0.7518146 0.6409217 0.7472758 0.640976 0.7518193 0.655224 0.7472805 0.6551807 0.7472758 0.640976 0.7629781 0.6409368 0.7673123 0.6409368 0.7673156 0.6552083 0.7784718 0.655224 0.7830106 0.6551807 0.7830152 0.640976 0.7629781 0.6409368 0.7629748 0.6552083 0.7673156 0.6552083 0.768397 0.6552115 0.7618941 0.6552115 0.7618941 0.6409404 0.7651109 0.6836614 0.7933884 0.6719485 0.7984285 0.6770369 0.7933884 0.6719485 0.8051013 0.643671 0.8122149 0.6437535 0.8051013 0.643671 0.7933884 0.6153935 0.7984285 0.61047 0.7933884 0.6153935 0.7651109 0.6036806 0.765145 0.5966836 0.7368334 0.6153935 0.7318616 0.61047 0.765145 0.5966836 0.7251204 0.643671 0.7180751 0.6437535 0.7318616 0.61047 0.7368334 0.6719485 0.7318616 0.6770369 0.7180751 0.6437535 0.7651109 0.6836614 0.765145 0.6908234 0.7318616 0.6770369 0.7651109 0.6836614 0.7368334 0.6719485 0.7508942 0.6578877 0.6598483 0.6403411 0.870442 0.6403411 0.870442 0.6322828 0.6598483 0.6403411 0.870442 0.6403411 0.870442 0.6322828 0.870442 0.6403411 0.6598483 0.6403411 0.6598483 0.6322828 0.870442 0.6403411 0.6598483 0.6403411 0.6598483 0.6322828 0.870442 0.7490503 0.870442 0.5384566 0.6598483 0.5384566 0.870442 0.5384566 0.870442 0.7490503 0.8122149 0.6437535 0.870442 0.5384566 0.8122149 0.6437535 0.7984285 0.61047 0.7318616 0.61047 0.7180751 0.6437535 0.6598483 0.5384566 0.870442 0.5384566 0.7984285 0.61047 0.765145 0.5966836 0.765145 0.5966836 0.7318616 0.61047 0.6598483 0.5384566 0.6598483 0.7490503 0.6598483 0.5384566 0.7180751 0.6437535 0.6598483 0.7490503 0.7180751 0.6437535 0.7318616 0.6770369 0.7984285 0.6770369 0.8122149 0.6437535 0.870442 0.7490503 0.6598483 0.7490503 0.7318616 0.6770369 0.765145 0.6908234 0.765145 0.6908234 0.7984285 0.6770369 0.870442 0.7490503 0.7651109 0.6342164 0.7508942 0.6342164 0.7521131 0.6390275 0.7368334 0.6719485 0.7251204 0.643671 0.7450055 0.643671 0.7251204 0.643671 0.7368334 0.6153935 0.7508942 0.6294543 0.7651109 0.6036806 0.7651109 0.6235656 0.7508942 0.6294543 0.7933884 0.6153935 0.7793276 0.6294543 0.7651109 0.6235656 0.8051013 0.643671 0.7852163 0.643671 0.7793276 0.6294543 0.7933884 0.6719485 0.7793276 0.6578877 0.7852163 0.643671 0.7933884 0.6719485 0.7651109 0.6836614 0.7651109 0.6637764 0.7781087 0.6566688 0.7651109 0.6620526 0.7521131 0.6566688 0.7521131 0.6566688 0.7467293 0.643671 0.7521131 0.6306732 0.7521131 0.6306732 0.7651109 0.6252894 0.7781087 0.6306732 0.7781087 0.6306732 0.7834925 0.643671 0.7781087 0.6566688 0.7781087 0.6566688 0.7521131 0.6566688 0.7521131 0.6306732 0.7650628 0.6342164 0.750846 0.6342164 0.752065 0.6390275 0.7651109 0.6342164 0.7793276 0.6342164 0.7781087 0.6390275 0.7650628 0.6342164 0.7792794 0.6342164 0.7780605 0.6390275 0.7650628 0.6342164 0.7650628 0.6390275 0.7780605 0.6390275 0.7651109 0.6342164 0.7651109 0.6390275 0.7521131 0.6390275 0.7650628 0.6342164 0.7650628 0.6390275 0.752065 0.6390275 0.7651109 0.6342164 0.7651109 0.6390275 0.7781087 0.6390275 0.7619592 0.6550486 0.7683318 0.6550486 0.7681517 0.6406201 0.859187 0.6550486 0.8675104 0.6406201 0.7883211 0.6409404 0.6711035 0.6550486 0.7419694 0.6552115 0.7419693 0.6409404 0.7683318 0.6550486 0.7619592 0.6550486 0.7621393 0.6406201 0.6711035 0.6550486 0.66278 0.6406201 0.7419693 0.6409404 0.7883211 0.6409404 0.8675104 0.6406201 0.859187 0.6550486 0.7883211 0.6470052 0.8675104 0.64676 0.8675104 0.6407476 0.7419693 0.6405023 0.66278 0.6407476 0.66278 0.64676 0.6711035 0.6405674 0.7419694 0.6405023 0.7419694 0.6470053 0.859187 0.6469401 0.7883211 0.6470053 0.7883211 0.6405023 0.7632215 0.6550187 0.7670689 0.6550187 0.7672277 0.6405445 0.6700553 0.6550187 0.6617477 0.6405445 0.7430503 0.6409368 0.7872407 0.6409368 0.8685433 0.6405445 0.8602358 0.6550187 0.7672277 0.6405445 0.7670689 0.6550187 0.7632215 0.6550187 0.8602358 0.6550187 0.8685433 0.6405445 0.7872407 0.6409368 0.6700553 0.6550187 0.7430539 0.6552083 0.7430503 0.6409368 0.7630627 0.540356 0.7629781 0.6216586 0.7673123 0.6216586 0.7672277 0.7471516 0.7673123 0.665849 0.7629781 0.665849 0.7670689 0.738844 0.7632215 0.738844 0.7629748 0.6658454 0.7632215 0.5486636 0.7670689 0.5486636 0.7673156 0.6216622 0.8346397 0.6549782 0.8301361 0.6550295 0.8361964 0.6406486 0.6956513 0.6549782 0.6898993 0.6405375 0.7472758 0.640976 0.7784764 0.6409217 0.8361964 0.6406486 0.8301361 0.6550295 0.6956513 0.6549782 0.7001549 0.6550295 0.6940947 0.6406486 0.8346397 0.6549782 0.8403916 0.6405375 0.7830152 0.640976 0.7518146 0.6409217 0.6940947 0.6406486 0.7001549 0.6550295 0.691196 0.572703 0.7471717 0.6304229 0.7504978 0.6258841 0.8390945 0.7148047 0.7831187 0.6570847 0.7797926 0.6616235 0.8333059 0.7087444 0.8302106 0.713248 0.7797957 0.6616188 0.6969845 0.5787632 0.7000798 0.5742596 0.7504947 0.6258888 0.6940947 0.6406486 0.7001549 0.6550295 0.6956513 0.6549782 0.8301361 0.6550295 0.8361964 0.6406486 0.7784764 0.6409217 0.6956513 0.6549782 0.7472805 0.6551807 0.7472758 0.640976 0.8361964 0.6406486 0.8301361 0.6550295 0.8346397 0.6549782 0.7001549 0.6550295 0.6940947 0.6406486 0.7518146 0.6409217 0.7830152 0.640976 0.8403917 0.6405375 0.8346397 0.6549782 0.691196 0.7148047 0.6942175 0.719 0.7504978 0.6616235 0.8390945 0.572703 0.8360729 0.5685076 0.7797926 0.6258841 0.8333059 0.5787632 0.7831231 0.6304275 0.7797957 0.6258888 0.6969845 0.7087444 0.7471672 0.6570801 0.7504947 0.6616188 0.768397 0.6552115 0.7683969 0.6409404 0.7618941 0.6409404 0.7784718 0.655224 0.7784764 0.6409217 0.7830152 0.640976 0.7518193 0.655224 0.7518146 0.6409217 0.7472758 0.640976 0.7518193 0.655224 0.7472805 0.6551807 0.7472758 0.640976 0.7629781 0.6409368 0.7673123 0.6409368 0.7673156 0.6552083 0.7784718 0.655224 0.7830106 0.6551807 0.7830152 0.640976 0.7629781 0.6409368 0.7629748 0.6552083 0.7673156 0.6552083 0.768397 0.6552115 0.7618941 0.6552115 0.7618941 0.6409404 0.7651109 0.6836614 0.7933884 0.6719485 0.7984285 0.6770369 0.7933884 0.6719485 0.8051013 0.643671 0.8122149 0.6437535 0.8051013 0.643671 0.7933884 0.6153935 0.7984285 0.61047 0.7933884 0.6153935 0.7651109 0.6036806 0.765145 0.5966836 0.7368334 0.6153935 0.7318616 0.61047 0.765145 0.5966836 0.7251204 0.643671 0.7180751 0.6437535 0.7318616 0.61047 0.7368334 0.6719485 0.7318616 0.6770369 0.7180751 0.6437535 0.7651109 0.6836614 0.765145 0.6908234 0.7318616 0.6770369 0.7651109 0.6836614 0.7368334 0.6719485 0.7508942 0.6578877 0.6598483 0.6403411 0.870442 0.6403411 0.870442 0.6322828 0.6598483 0.6403411 0.870442 0.6403411 0.870442 0.6322828 0.870442 0.6403411 0.6598483 0.6403411 0.6598483 0.6322828 0.870442 0.6403411 0.6598483 0.6403411 0.6598483 0.6322828 0.870442 0.7490503 0.870442 0.5384566 0.6598483 0.5384566 0.870442 0.5384566 0.870442 0.7490503 0.8122149 0.6437535 0.870442 0.5384566 0.8122149 0.6437535 0.7984285 0.61047 0.7318616 0.61047 0.7180751 0.6437535 0.6598483 0.5384566 0.870442 0.5384566 0.7984285 0.61047 0.765145 0.5966836 0.765145 0.5966836 0.7318616 0.61047 0.6598483 0.5384566 0.6598483 0.7490503 0.6598483 0.5384566 0.7180751 0.6437535 0.6598483 0.7490503 0.7180751 0.6437535 0.7318616 0.6770369 0.7984285 0.6770369 0.8122149 0.6437535 0.870442 0.7490503 0.6598483 0.7490503 0.7318616 0.6770369 0.765145 0.6908234 0.765145 0.6908234 0.7984285 0.6770369 0.870442 0.7490503 0.7651109 0.6342164 0.7508942 0.6342164 0.7521131 0.6390275 0.7368334 0.6719485 0.7251204 0.643671 0.7450055 0.643671 0.7251204 0.643671 0.7368334 0.6153935 0.7508942 0.6294543 0.7368334 0.6153935 0.7651109 0.6036806 0.7651109 0.6235656 0.7933884 0.6153935 0.7793276 0.6294543 0.7651109 0.6235656 0.8051013 0.643671 0.7852163 0.643671 0.7793276 0.6294543 0.7933884 0.6719485 0.7793276 0.6578877 0.7852163 0.643671 0.7933884 0.6719485 0.7651109 0.6836614 0.7651109 0.6637764 0.7781087 0.6566688 0.7651109 0.6620526 0.7521131 0.6566688 0.7521131 0.6566688 0.7467293 0.643671 0.7521131 0.6306732 0.7521131 0.6306732 0.7651109 0.6252894 0.7781087 0.6306732 0.7781087 0.6306732 0.7834925 0.643671 0.7781087 0.6566688 0.7781087 0.6566688 0.7521131 0.6566688 0.7521131 0.6306732 0.750846 0.6342164 0.752065 0.6390275 0.7650628 0.6390275 0.7651109 0.6342164 0.7793276 0.6342164 0.7781087 0.6390275 0.7650628 0.6342164 0.7792794 0.6342164 0.7780605 0.6390275 0.7650628 0.6342164 0.7650628 0.6390275 0.7780605 0.6390275 0.7651109 0.6342164 0.7651109 0.6390275 0.7521131 0.6390275 0.750846 0.6342164 0.7650628 0.6342164 0.7650628 0.6390275 0.7651109 0.6342164 0.7651109 0.6390275 0.7781087 0.6390275 0.7621393 0.6406201 0.7619592 0.6550486 0.7683318 0.6550486 0.859187 0.6550486 0.8675104 0.6406201 0.7883211 0.6409404 0.6711035 0.6550486 0.7419694 0.6552115 0.7419693 0.6409404 0.7683318 0.6550486 0.7619592 0.6550486 0.7621393 0.6406201 0.6711035 0.6550486 0.66278 0.6406201 0.7419693 0.6409404 0.7883211 0.6409404 0.8675104 0.6406201 0.859187 0.6550486 0.7883211 0.6470052 0.8675104 0.64676 0.8675104 0.6407476 0.7419693 0.6405023 0.66278 0.6407476 0.66278 0.64676 0.6711035 0.6405674 0.7419694 0.6405023 0.7419694 0.6470053 0.859187 0.6469401 0.7883211 0.6470053 0.7883211 0.6405023 0.7632215 0.6550187 0.7670689 0.6550187 0.7672277 0.6405445 0.6700553 0.6550187 0.6617477 0.6405445 0.7430503 0.6409368 0.7872407 0.6409368 0.8685433 0.6405445 0.8602358 0.6550187 0.7672277 0.6405445 0.7670689 0.6550187 0.7632215 0.6550187 0.8602358 0.6550187 0.8685433 0.6405445 0.7872407 0.6409368 0.6700553 0.6550187 0.7430539 0.6552083 0.7430503 0.6409368 0.7630627 0.540356 0.7629781 0.6216586 0.7673123 0.6216586 0.7672277 0.7471516 0.7673123 0.665849 0.7629781 0.665849 0.7670689 0.738844 0.7632215 0.738844 0.7629748 0.6658454 0.7632215 0.5486636 0.7670689 0.5486636 0.7673156 0.6216622 0.8346397 0.6549782 0.8301361 0.6550295 0.8361964 0.6406486 0.6956513 0.6549782 0.6898993 0.6405375 0.7472758 0.640976 0.7784764 0.6409217 0.8361964 0.6406486 0.8301361 0.6550295 0.6956513 0.6549782 0.7001549 0.6550295 0.6940947 0.6406486 0.8346397 0.6549782 0.8403916 0.6405375 0.7830152 0.640976 0.7518146 0.6409217 0.6940947 0.6406486 0.7001549 0.6550295 0.691196 0.572703 0.7471717 0.6304229 0.7504978 0.6258841 0.8390945 0.7148047 0.7831187 0.6570847 0.7797926 0.6616235 0.8333059 0.7087444 0.8302106 0.713248 0.7797957 0.6616188 0.6969845 0.5787632 0.7000798 0.5742596 0.7504947 0.6258888 0.6940947 0.6406486 0.7001549 0.6550295 0.6956513 0.6549782 0.8301361 0.6550295 0.8361964 0.6406486 0.7784764 0.6409217 0.6956513 0.6549782 0.7472805 0.6551807 0.7472758 0.640976 0.8361964 0.6406486 0.8301361 0.6550295 0.8346397 0.6549782 0.7001549 0.6550295 0.6940947 0.6406486 0.7518146 0.6409217 0.7830152 0.640976 0.8403917 0.6405375 0.8346397 0.6549782 0.691196 0.7148047 0.6942175 0.719 0.7504978 0.6616235 0.8390945 0.572703 0.8360729 0.5685076 0.7797926 0.6258841 0.8333059 0.5787632 0.7831231 0.6304275 0.7797957 0.6258888 0.6969845 0.7087444 0.7471672 0.6570801 0.7504947 0.6616188 0.768397 0.6552115 0.7683969 0.6409404 0.7618941 0.6409404 0.7784718 0.655224 0.7784764 0.6409217 0.7830152 0.640976 0.7518193 0.655224 0.7518146 0.6409217 0.7472758 0.640976 0.7518193 0.655224 0.7472805 0.6551807 0.7472758 0.640976 0.7629781 0.6409368 0.7673123 0.6409368 0.7673156 0.6552083 0.7784718 0.655224 0.7830106 0.6551807 0.7830152 0.640976 0.7629781 0.6409368 0.7629748 0.6552083 0.7673156 0.6552083 0.768397 0.6552115 0.7618941 0.6552115 0.7618941 0.6409404 0.7651109 0.6836614 0.7933884 0.6719485 0.7984285 0.6770369 0.7933884 0.6719485 0.8051013 0.643671 0.8122149 0.6437535 0.8051013 0.643671 0.7933884 0.6153935 0.7984285 0.61047 0.7933884 0.6153935 0.7651109 0.6036806 0.765145 0.5966836 0.7368334 0.6153935 0.7318616 0.61047 0.765145 0.5966836 0.7251204 0.643671 0.7180751 0.6437535 0.7318616 0.61047 0.7368334 0.6719485 0.7318616 0.6770369 0.7180751 0.6437535 0.7651109 0.6836614 0.765145 0.6908234 0.7318616 0.6770369 0.7651109 0.6836614 0.7368334 0.6719485 0.7508942 0.6578877 0.6598483 0.6403411 0.870442 0.6403411 0.870442 0.6322828 0.6598483 0.6403411 0.870442 0.6403411 0.870442 0.6322828 0.870442 0.6403411 0.6598483 0.6403411 0.6598483 0.6322828 0.870442 0.6403411 0.6598483 0.6403411 0.6598483 0.6322828 0.870442 0.7490503 0.870442 0.5384566 0.6598483 0.5384566 0.870442 0.5384566 0.870442 0.7490503 0.8122149 0.6437535 0.870442 0.5384566 0.8122149 0.6437535 0.7984285 0.61047 0.7318616 0.61047 0.7180751 0.6437535 0.6598483 0.5384566 0.870442 0.5384566 0.7984285 0.61047 0.765145 0.5966836 0.765145 0.5966836 0.7318616 0.61047 0.6598483 0.5384566 0.6598483 0.7490503 0.6598483 0.5384566 0.7180751 0.6437535 0.6598483 0.7490503 0.7180751 0.6437535 0.7318616 0.6770369 0.7984285 0.6770369 0.8122149 0.6437535 0.870442 0.7490503 0.6598483 0.7490503 0.7318616 0.6770369 0.765145 0.6908234 0.765145 0.6908234 0.7984285 0.6770369 0.870442 0.7490503 0.7651109 0.6342164 0.7508942 0.6342164 0.7521131 0.6390275 0.7251204 0.643671 0.7450055 0.643671 0.7508942 0.6578877 0.7251204 0.643671 0.7368334 0.6153935 0.7508942 0.6294543 0.7651109 0.6036806 0.7651109 0.6235656 0.7508942 0.6294543 0.7933884 0.6153935 0.7793276 0.6294543 0.7651109 0.6235656 0.8051013 0.643671 0.7852163 0.643671 0.7793276 0.6294543 0.8051013 0.643671 0.7933884 0.6719485 0.7793276 0.6578877 0.7933884 0.6719485 0.7651109 0.6836614 0.7651109 0.6637764 0.7781087 0.6566688 0.7651109 0.6620526 0.7521131 0.6566688 0.7521131 0.6566688 0.7467293 0.643671 0.7521131 0.6306732 0.7521131 0.6306732 0.7651109 0.6252894 0.7781087 0.6306732 0.7781087 0.6306732 0.7834925 0.643671 0.7781087 0.6566688 0.7781087 0.6566688 0.7521131 0.6566688 0.7521131 0.6306732 0.7650628 0.6342164 0.750846 0.6342164 0.752065 0.6390275 0.7793276 0.6342164 0.7781087 0.6390275 0.7651109 0.6390275 0.7650628 0.6342164 0.7792794 0.6342164 0.7780605 0.6390275 0.7650628 0.6342164 0.7650628 0.6390275 0.7780605 0.6390275 0.7508942 0.6342164 0.7651109 0.6342164 0.7651109 0.6390275 0.7650628 0.6342164 0.7650628 0.6390275 0.752065 0.6390275 0.7651109 0.6342164 0.7651109 0.6390275 0.7781087 0.6390275 0.2171459 0.4485228 0.6546711 0.4565794 0.6539829 0.4675554</float_array>
          <technique_common>
            <accessor source="#Stove-mesh-map-0-array" count="4392" stride="2">
              <param name="S" type="float"/>
              <param name="T" type="float"/>
            </accessor>
          </technique_common>
        </source>
        <vertices id="Stove-mesh-vertices">
          <input semantic="POSITION" source="#Stove-mesh-positions"/>
        </vertices>
        <triangles material="Stove-material" count="1464">
          <input semantic="VERTEX" source="#Stove-mesh-vertices" offset="0"/>
          <input semantic="NORMAL" source="#Stove-mesh-normals" offset="1"/>
          <input semantic="TEXCOORD" source="#Stove-mesh-map-0" offset="2" set="0"/>
          <p>21 0 0 27 0 1 22 0 2 3 1 3 28 2 4 9 1 5 5 3 6 12 3 7 7 3 8 31 4 9 1 5 10 8 5 11 29 6 12 0 6 13 2 6 14 3 3 15 5 3 16 7 3 17 30 5 18 8 5 19 0 5 20 10 5 21 37 5 22 6 5 23 9 1 24 29 1 25 2 1 26 9 1 27 22 1 28 3 1 29 28 6 30 16 6 31 31 6 32 31 4 33 16 7 34 17 8 35 12 9 36 17 9 37 14 10 38 17 11 39 15 11 40 14 12 41 7 13 42 12 14 43 14 15 44 21 0 45 23 0 46 20 0 47 20 0 48 18 0 49 19 0 50 0 6 51 18 6 52 2 6 53 2 1 54 23 1 55 9 1 56 8 5 57 19 5 58 0 5 59 1 5 60 20 5 61 8 5 62 25 3 63 26 3 64 24 3 65 22 1 66 25 1 67 3 1 68 1 5 69 26 5 70 21 5 71 3 16 72 24 16 73 1 16 74 6 17 75 28 18 76 10 19 77 6 17 78 30 20 79 29 21 80 4 22 81 31 23 82 30 20 83 10 19 84 31 23 85 11 24 86 34 5 87 43 5 88 35 5 89 11 6 90 36 6 91 10 6 92 6 3 93 38 3 94 4 3 95 4 1 96 39 1 97 11 1 98 33 16 99 36 16 100 32 16 101 34 25 102 37 16 103 33 16 104 35 26 105 38 27 106 34 25 107 32 16 108 39 16 109 35 26 110 40 16 111 42 16 112 41 16 113 32 1 114 41 1 115 33 1 116 35 3 117 40 3 118 32 3 119 33 6 120 42 6 121 34 6 122 54 28 123 47 29 124 45 30 125 46 31 126 51 32 127 47 33 128 44 34 129 49 35 130 48 36 131 46 37 132 48 38 133 50 39 134 49 40 135 47 29 136 51 41 137 59 42 138 52 43 139 55 44 140 46 37 141 53 45 142 44 46 143 55 44 144 46 31 145 47 33 146 44 34 147 54 47 148 45 48 149 75 49 150 56 50 151 59 42 152 53 51 153 58 52 154 54 47 155 58 53 156 55 54 157 54 28 158 52 55 159 57 56 160 53 45 161 73 57 162 58 52 163 57 58 164 75 59 165 58 53 166 74 60 167 63 61 168 70 62 169 61 63 170 62 64 171 67 65 172 66 66 173 65 67 174 60 68 175 64 69 176 62 70 177 64 71 178 60 72 179 63 61 180 65 73 181 67 74 182 68 75 183 75 49 184 71 76 185 62 70 186 69 77 187 68 78 188 62 64 189 71 76 190 63 79 191 60 68 192 70 80 193 69 81 194 69 81 195 74 82 196 73 57 197 71 83 198 74 60 199 70 62 200 68 78 201 73 84 202 72 85 203 77 86 204 78 87 205 76 88 206 79 6 207 80 6 208 78 6 209 80 89 210 83 90 211 82 91 212 83 92 213 84 93 214 82 94 215 83 95 216 90 96 217 91 97 218 85 3 219 86 3 220 84 3 221 87 98 222 76 99 223 86 100 224 88 101 225 96 102 226 90 96 227 77 103 228 93 104 229 89 105 230 83 106 231 92 107 232 85 108 233 79 109 234 90 96 235 81 110 236 85 108 237 93 104 238 87 111 239 77 112 240 88 101 241 79 109 242 98 113 243 97 114 244 96 115 245 92 107 246 99 116 247 93 104 248 90 96 249 97 117 250 91 97 251 89 118 252 94 119 253 88 101 254 93 104 255 95 120 256 89 105 257 91 121 258 98 122 259 92 107 260 102 123 261 101 124 262 100 125 263 104 6 264 103 6 265 102 6 266 104 126 267 107 127 268 105 128 269 108 129 270 107 130 271 106 131 272 107 132 273 114 133 274 105 134 275 110 3 276 109 3 277 108 3 278 100 135 279 111 136 280 110 137 281 120 138 282 112 139 283 114 133 284 101 140 285 117 141 286 111 142 287 116 143 288 107 144 289 109 145 290 114 133 291 103 146 292 105 134 293 117 141 294 109 145 295 111 142 296 112 139 297 101 147 298 103 146 299 122 113 300 123 16 301 120 148 302 123 149 303 116 143 304 117 141 305 121 150 306 114 133 307 115 151 308 118 152 309 113 153 310 112 139 311 119 154 312 117 141 313 113 155 314 122 156 315 115 157 316 116 143 317 125 158 318 126 159 319 124 160 320 127 6 321 128 6 322 126 6 323 128 161 324 131 162 325 130 163 326 131 164 327 132 165 328 130 166 329 131 95 330 138 167 331 139 168 332 133 3 333 134 3 334 132 3 335 135 169 336 124 170 337 134 100 338 136 171 339 144 172 340 138 167 341 125 173 342 141 174 343 137 175 344 131 106 345 140 176 346 133 108 347 127 177 348 138 167 349 129 110 350 133 108 351 141 174 352 135 178 353 125 179 354 136 171 355 127 177 356 146 113 357 145 114 358 144 115 359 140 176 360 147 116 361 141 174 362 138 167 363 145 180 364 139 168 365 137 181 366 142 182 367 136 171 368 141 174 369 143 183 370 137 175 371 139 184 372 146 185 373 140 176 374 150 186 375 149 187 376 148 188 377 152 6 378 151 6 379 150 6 380 152 189 381 155 190 382 153 191 383 156 192 384 155 193 385 154 194 386 155 195 387 162 196 388 153 197 389 158 3 390 157 3 391 156 3 392 148 198 393 159 199 394 158 200 395 168 201 396 160 202 397 162 196 398 149 203 399 165 204 400 159 205 401 164 206 402 155 207 403 157 208 404 162 196 405 151 209 406 153 197 407 165 204 408 157 208 409 159 205 410 160 202 411 149 210 412 151 209 413 170 211 414 171 16 415 168 212 416 171 213 417 164 206 418 165 204 419 169 214 420 162 196 421 163 215 422 166 216 423 161 217 424 160 202 425 167 218 426 165 204 427 161 219 428 170 220 429 163 221 430 164 206 431 173 222 432 174 223 433 172 224 434 175 6 435 176 6 436 174 6 437 176 225 438 179 226 439 178 227 440 179 228 441 180 229 442 178 230 443 179 231 444 186 232 445 187 233 446 181 3 447 182 3 448 180 3 449 183 234 450 172 193 451 182 235 452 184 236 453 192 237 454 186 232 455 173 238 456 189 239 457 185 240 458 179 241 459 188 242 460 181 243 461 175 244 462 186 232 463 177 245 464 181 243 465 189 239 466 183 246 467 173 247 468 184 236 469 175 244 470 194 248 471 193 114 472 192 249 473 188 242 474 195 250 475 189 239 476 186 232 477 193 251 478 187 233 479 185 252 480 190 253 481 184 236 482 189 239 483 191 254 484 185 240 485 187 255 486 194 256 487 188 242 488 198 257 489 197 258 490 196 188 491 200 6 492 199 6 493 198 6 494 200 259 495 203 260 496 201 261 497 204 262 498 203 263 499 202 264 500 203 265 501 210 266 502 201 267 503 206 3 504 205 3 505 204 3 506 196 268 507 207 269 508 206 270 509 216 271 510 208 272 511 210 266 512 197 273 513 213 274 514 207 275 515 212 276 516 203 277 517 205 278 518 210 266 519 199 279 520 201 267 521 213 274 522 205 278 523 207 275 524 208 272 525 197 280 526 199 279 527 218 281 528 219 16 529 214 16 530 219 282 531 212 276 532 213 274 533 217 283 534 210 266 535 211 284 536 214 285 537 209 286 538 208 272 539 215 287 540 213 274 541 209 288 542 218 289 543 211 290 544 212 276 545 221 291 546 222 292 547 220 293 548 223 294 549 224 295 550 222 296 551 225 297 552 226 298 553 224 299 554 226 300 555 229 301 556 228 302 557 228 303 558 221 304 559 220 305 560 222 6 561 224 6 562 226 6 563 232 306 564 231 307 565 230 308 566 234 309 567 233 310 568 232 311 569 236 312 570 235 313 571 234 314 572 236 315 573 239 316 574 237 317 575 238 318 576 231 319 577 239 320 578 238 6 579 234 6 580 232 6 581 242 321 582 241 322 583 240 323 584 244 324 585 243 325 586 242 326 587 246 327 588 245 328 589 244 329 590 246 330 591 249 331 592 247 332 593 248 333 594 241 334 595 249 335 596 248 336 597 246 6 598 244 337 599 251 338 600 252 339 601 250 340 602 253 341 603 254 342 604 252 343 605 255 344 606 256 345 607 254 346 608 256 347 609 259 348 610 258 349 611 258 350 612 251 351 613 250 352 614 252 6 615 254 6 616 256 6 617 261 353 618 262 354 619 260 355 620 267 356 621 295 357 622 293 358 623 263 359 624 294 360 625 262 361 626 267 362 627 264 363 628 266 364 629 261 365 630 298 366 631 296 367 632 299 368 633 265 369 634 297 370 635 295 371 636 264 372 637 299 373 638 298 374 639 262 375 640 294 376 641 261 377 642 292 378 643 263 379 644 267 380 645 297 381 646 265 382 647 269 383 648 270 384 649 268 385 650 275 386 651 302 387 652 300 388 653 303 389 654 271 390 655 301 391 656 274 392 657 273 393 658 272 394 659 269 395 660 307 396 661 305 397 662 273 398 663 306 399 664 272 400 665 272 401 666 302 402 667 274 403 668 270 404 669 307 405 670 268 406 671 271 407 672 305 408 673 301 409 674 273 410 675 300 411 676 304 412 677 277 413 678 278 414 679 276 415 680 283 416 681 310 417 682 308 418 683 311 419 684 279 420 685 309 421 686 283 422 687 280 423 688 282 424 689 277 425 690 315 426 691 313 427 692 314 428 693 281 429 694 312 430 695 280 431 696 310 432 697 282 433 698 278 434 699 315 435 700 276 436 701 279 437 702 313 438 703 309 439 704 281 440 705 308 441 706 312 442 707 284 443 708 287 444 709 286 445 710 291 446 711 319 447 712 317 448 713 287 449 714 318 450 715 286 451 716 290 452 717 289 453 718 288 454 719 285 455 720 322 456 721 320 457 722 323 458 723 289 459 724 321 460 725 290 461 726 323 462 727 319 463 728 284 464 729 318 465 730 322 466 731 285 467 732 316 468 733 287 469 734 291 470 735 321 471 736 289 472 737 293 473 738 299 474 739 297 475 740 317 476 741 323 477 742 321 478 743 320 479 744 318 480 745 316 481 746 312 482 747 310 483 748 314 484 749 307 485 750 301 486 751 305 487 752 309 488 753 315 489 754 311 490 755 306 491 756 300 492 757 302 493 758 292 494 759 298 495 760 294 496 761 324 497 762 347 498 763 344 499 764 325 500 765 342 501 766 347 498 767 326 502 768 346 503 769 342 501 770 327 504 771 345 505 772 346 503 773 329 506 774 345 505 775 328 507 776 330 508 777 341 509 778 329 506 779 331 510 780 340 511 781 330 508 782 324 497 783 343 512 784 331 510 785 324 497 786 355 513 787 348 514 788 333 0 789 334 0 790 332 0 791 335 1 792 338 1 793 334 1 794 339 16 795 336 16 796 338 16 797 337 5 798 332 5 799 336 5 800 338 6 801 332 6 802 334 6 803 345 505 804 333 515 805 337 516 806 344 499 807 339 517 808 335 518 809 348 519 810 363 520 811 356 521 812 331 510 813 354 522 814 355 513 815 330 508 816 353 523 817 354 522 818 328 507 819 353 523 820 329 506 821 327 504 822 352 524 823 328 507 824 326 502 825 351 525 826 327 504 827 325 500 828 350 526 829 326 502 830 325 500 831 348 514 832 349 527 833 361 3 834 359 3 835 357 3 836 354 528 837 361 529 838 362 530 839 352 531 840 359 532 841 360 533 842 350 534 843 357 535 844 358 536 845 354 528 846 363 520 847 355 537 848 352 531 849 361 529 850 353 538 851 350 534 852 359 532 853 351 539 854 348 519 855 357 535 856 349 540 857 365 541 858 366 542 859 364 543 860 371 544 861 399 545 862 397 546 863 367 547 864 398 548 865 366 549 866 371 550 867 368 551 868 370 552 869 365 553 870 402 554 871 400 555 872 403 556 873 369 557 874 401 558 875 399 559 876 368 560 877 403 561 878 402 562 879 366 563 880 398 564 881 365 565 882 396 566 883 367 567 884 371 568 885 401 569 886 369 570 887 373 571 888 374 572 889 372 573 890 379 574 891 406 575 892 404 576 893 407 577 894 375 578 895 405 579 896 378 393 897 377 580 898 376 581 899 373 582 900 411 583 901 409 584 902 377 585 903 410 586 904 376 400 905 376 401 906 406 402 907 378 403 908 374 587 909 411 588 910 372 589 911 375 590 912 409 408 913 405 409 914 377 591 915 404 411 916 408 412 917 381 592 918 382 593 919 380 594 920 387 595 921 414 596 922 412 597 923 415 598 924 383 599 925 413 600 926 387 601 927 384 602 928 386 603 929 381 604 930 419 605 931 417 606 932 418 607 933 385 608 934 416 609 935 384 610 936 414 611 937 386 612 938 382 613 939 419 614 940 380 615 941 383 616 942 417 617 943 413 618 944 385 619 945 412 620 946 416 621 947 388 622 948 391 623 949 390 624 950 395 625 951 423 626 952 421 627 953 391 628 954 422 629 955 390 630 956 394 631 957 393 632 958 392 633 959 389 634 960 426 635 961 424 636 962 427 637 963 393 638 964 425 460 965 394 639 966 427 640 967 423 641 968 388 642 969 422 643 970 426 644 971 389 645 972 420 646 973 391 647 974 395 648 975 425 649 976 393 650 977 397 651 978 403 652 979 401 653 980 421 654 981 427 655 982 425 656 983 424 657 984 422 658 985 420 659 986 416 660 987 414 661 988 418 662 989 411 663 990 405 664 991 409 665 992 413 666 993 419 667 994 415 668 995 410 669 996 404 670 997 406 671 998 396 672 999 402 673 1000 398 674 1001 428 675 1002 451 676 1003 448 677 1004 429 678 1005 446 679 1006 451 676 1007 430 680 1008 450 681 1009 446 679 1010 431 682 1011 449 683 1012 450 681 1013 433 684 1014 449 683 1015 432 685 1016 434 686 1017 445 687 1018 433 684 1019 435 688 1020 444 689 1021 434 686 1022 428 675 1023 447 690 1024 435 688 1025 428 675 1026 459 691 1027 452 692 1028 437 0 1029 438 0 1030 436 0 1031 439 1 1032 442 1 1033 438 1 1034 443 16 1035 440 16 1036 442 16 1037 441 5 1038 436 5 1039 440 5 1040 442 6 1041 436 6 1042 438 6 1043 449 683 1044 437 693 1045 441 694 1046 448 677 1047 443 695 1048 439 696 1049 452 697 1050 467 698 1051 460 699 1052 435 688 1053 458 700 1054 459 691 1055 434 686 1056 457 701 1057 458 700 1058 433 684 1059 456 702 1060 457 701 1061 431 682 1062 456 702 1063 432 685 1064 430 680 1065 455 703 1066 431 682 1067 429 678 1068 454 704 1069 430 680 1070 429 678 1071 452 692 1072 453 705 1073 465 3 1074 463 3 1075 461 3 1076 457 706 1077 466 707 1078 458 708 1079 456 709 1080 463 710 1081 464 711 1082 454 712 1083 461 713 1084 462 714 1085 458 708 1086 467 698 1087 459 715 1088 456 709 1089 465 716 1090 457 706 1091 455 717 1092 462 714 1093 463 710 1094 452 697 1095 461 713 1096 453 718 1097 468 719 1098 471 720 1099 470 721 1100 475 722 1101 503 723 1102 501 724 1103 471 725 1104 502 726 1105 470 727 1106 475 728 1107 472 729 1108 474 730 1109 469 731 1110 506 732 1111 504 733 1112 507 734 1113 473 735 1114 505 736 1115 503 737 1116 472 738 1117 507 739 1118 506 740 1119 470 741 1120 502 742 1121 469 743 1122 500 744 1123 471 745 1124 475 746 1125 505 747 1126 473 748 1127 477 749 1128 478 750 1129 476 573 1130 483 751 1131 510 752 1132 508 753 1133 511 754 1134 479 755 1135 509 579 1136 482 756 1137 481 757 1138 480 758 1139 477 759 1140 515 760 1141 513 761 1142 481 762 1143 514 763 1144 480 764 1145 480 765 1146 510 766 1147 482 767 1148 478 768 1149 515 769 1150 476 770 1151 479 771 1152 513 408 1153 509 409 1154 481 772 1155 508 410 1156 512 773 1157 485 774 1158 486 775 1159 484 776 1160 491 777 1161 518 778 1162 516 779 1163 519 780 1164 487 781 1165 517 782 1166 491 783 1167 488 784 1168 490 785 1169 485 786 1170 523 787 1171 521 788 1172 522 789 1173 489 790 1174 520 791 1175 488 792 1176 518 793 1177 490 794 1178 486 795 1179 523 796 1180 484 797 1181 487 798 1182 521 799 1183 517 800 1184 489 801 1185 516 802 1186 520 803 1187 492 804 1188 495 805 1189 494 806 1190 499 807 1191 527 808 1192 525 809 1193 495 810 1194 526 811 1195 494 812 1196 498 813 1197 497 814 1198 496 815 1199 493 816 1200 530 817 1201 528 818 1202 531 819 1203 497 820 1204 529 821 1205 498 822 1206 531 823 1207 527 824 1208 492 825 1209 526 826 1210 530 827 1211 493 828 1212 524 829 1213 495 830 1214 499 831 1215 529 832 1216 497 833 1217 501 834 1218 507 835 1219 505 836 1220 525 837 1221 531 838 1222 529 839 1223 528 840 1224 526 841 1225 524 842 1226 520 843 1227 518 844 1228 522 845 1229 515 846 1230 509 847 1231 513 665 1232 517 848 1233 523 849 1234 519 850 1235 514 851 1236 508 852 1237 510 853 1238 500 854 1239 506 855 1240 502 856 1241 532 857 1242 555 858 1243 552 859 1244 533 860 1245 550 861 1246 555 858 1247 534 862 1248 554 863 1249 550 861 1250 535 864 1251 553 865 1252 554 863 1253 537 866 1254 553 865 1255 536 867 1256 538 868 1257 549 869 1258 537 866 1259 539 870 1260 548 871 1261 538 868 1262 532 857 1263 551 872 1264 539 870 1265 532 857 1266 563 873 1267 556 874 1268 541 0 1269 542 0 1270 540 0 1271 543 1 1272 546 1 1273 542 1 1274 547 16 1275 544 16 1276 546 16 1277 545 5 1278 540 5 1279 544 5 1280 546 6 1281 540 6 1282 542 6 1283 553 865 1284 541 693 1285 545 875 1286 552 859 1287 547 876 1288 543 877 1289 556 878 1290 571 879 1291 564 880 1292 538 868 1293 563 873 1294 539 870 1295 538 868 1296 561 881 1297 562 882 1298 536 867 1299 561 881 1300 537 866 1301 535 864 1302 560 883 1303 536 867 1304 534 862 1305 559 884 1306 535 864 1307 534 862 1308 557 885 1309 558 886 1310 533 860 1311 556 874 1312 557 885 1313 569 3 1314 567 3 1315 565 3 1316 562 887 1317 569 888 1318 570 889 1319 559 890 1320 568 891 1321 560 892 1322 558 893 1323 565 894 1324 566 895 1325 562 887 1326 571 879 1327 563 896 1328 561 897 1329 568 891 1330 569 888 1331 558 893 1332 567 898 1333 559 890 1334 556 878 1335 565 894 1336 557 899 1337 573 353 1338 574 354 1339 572 355 1340 579 900 1341 607 901 1342 605 902 1343 575 903 1344 606 904 1345 574 905 1346 579 906 1347 576 363 1348 578 364 1349 573 907 1350 610 908 1351 608 909 1352 611 910 1353 577 911 1354 609 912 1355 607 371 1356 576 372 1357 611 373 1358 610 374 1359 574 375 1360 606 376 1361 573 377 1362 604 913 1363 575 379 1364 579 914 1365 609 915 1366 577 916 1367 581 917 1368 582 918 1369 580 385 1370 587 919 1371 614 920 1372 612 921 1373 615 922 1374 583 923 1375 613 924 1376 586 925 1377 585 926 1378 584 394 1379 581 927 1380 619 928 1381 617 929 1382 585 930 1383 618 931 1384 584 932 1385 584 933 1386 614 934 1387 586 935 1388 582 936 1389 619 937 1390 580 938 1391 583 939 1392 617 940 1393 613 940 1394 585 941 1395 612 942 1396 616 412 1397 589 943 1398 590 944 1399 588 945 1400 595 946 1401 622 947 1402 620 948 1403 623 949 1404 591 950 1405 621 951 1406 595 952 1407 592 953 1408 594 954 1409 589 955 1410 627 956 1411 625 957 1412 626 958 1413 593 959 1414 624 960 1415 592 961 1416 622 962 1417 594 963 1418 590 964 1419 627 965 1420 588 966 1421 591 967 1422 625 968 1423 621 969 1424 593 970 1425 620 971 1426 624 972 1427 596 973 1428 599 974 1429 598 975 1430 603 976 1431 631 977 1432 629 978 1433 599 979 1434 630 980 1435 598 981 1436 602 982 1437 601 983 1438 600 984 1439 597 985 1440 634 986 1441 632 987 1442 635 988 1443 601 989 1444 633 990 1445 602 991 1446 635 992 1447 631 993 1448 596 994 1449 630 995 1450 634 996 1451 597 997 1452 628 998 1453 599 999 1454 603 1000 1455 633 1001 1456 601 1002 1457 605 1003 1458 611 1004 1459 609 1005 1460 629 1006 1461 635 1007 1462 633 1008 1463 632 1009 1464 630 1010 1465 628 1011 1466 624 1012 1467 622 1013 1468 626 1014 1469 619 1015 1470 613 1016 1471 617 1017 1472 621 1018 1473 627 1019 1474 623 1020 1475 618 1021 1476 612 1022 1477 614 493 1478 604 494 1479 610 495 1480 606 496 1481 636 1023 1482 659 1024 1483 656 1025 1484 637 1026 1485 654 1027 1486 659 1024 1487 638 1028 1488 658 1029 1489 654 1027 1490 639 1030 1491 657 1031 1492 658 1029 1493 641 1032 1494 657 1031 1495 640 1033 1496 642 1034 1497 653 1035 1498 641 1032 1499 643 1036 1500 652 1037 1501 642 1034 1502 636 1023 1503 655 1038 1504 643 1036 1505 636 1023 1506 667 513 1507 660 1039 1508 645 0 1509 646 0 1510 644 0 1511 647 1 1512 650 1 1513 646 1 1514 651 16 1515 648 16 1516 650 16 1517 649 5 1518 644 5 1519 648 5 1520 650 6 1521 644 6 1522 646 6 1523 657 1031 1524 645 515 1525 649 1040 1526 656 1025 1527 651 1041 1528 647 1042 1529 660 1043 1530 675 1044 1531 668 1045 1532 643 1036 1533 666 522 1534 667 513 1535 642 1034 1536 665 523 1537 666 522 1538 640 1033 1539 665 523 1540 641 1032 1541 639 1030 1542 664 1046 1543 640 1033 1544 638 1028 1545 663 525 1546 639 1030 1547 637 1026 1548 662 1047 1549 638 1028 1550 637 1026 1551 660 1039 1552 661 527 1553 673 3 1554 671 3 1555 669 3 1556 666 1048 1557 673 1049 1558 674 1050 1559 664 1051 1560 671 1052 1561 672 1053 1562 662 1054 1563 669 1055 1564 670 1056 1565 666 1048 1566 675 1044 1567 667 1057 1568 664 1051 1569 673 1049 1570 665 1058 1571 662 1054 1572 671 1052 1573 663 1059 1574 660 1043 1575 669 1055 1576 661 1060 1577 677 541 1578 678 542 1579 676 543 1580 683 1061 1581 711 1062 1582 709 1063 1583 679 1064 1584 710 1065 1585 678 1066 1586 683 1067 1587 680 1068 1588 682 1069 1589 677 1070 1590 714 1071 1591 712 1072 1592 715 1073 1593 681 1074 1594 713 1075 1595 711 559 1596 680 560 1597 715 561 1598 714 1076 1599 678 563 1600 710 1077 1601 677 1078 1602 708 1079 1603 679 1080 1604 683 1081 1605 713 1082 1606 681 1083 1607 685 1084 1608 686 1085 1609 684 573 1610 691 1086 1611 718 1087 1612 716 1088 1613 719 1089 1614 687 1090 1615 717 1091 1616 690 1092 1617 689 1093 1618 688 581 1619 685 1094 1620 723 1095 1621 721 1096 1622 689 1097 1623 722 1098 1624 688 932 1625 688 1099 1626 718 934 1627 690 1100 1628 686 1101 1629 723 937 1630 684 1102 1631 687 1103 1632 721 1104 1633 717 940 1634 689 1105 1635 716 942 1636 720 412 1637 693 1106 1638 694 1107 1639 692 1108 1640 699 1109 1641 726 1110 1642 724 1111 1643 727 1112 1644 695 1113 1645 725 1114 1646 699 1115 1647 696 1116 1648 698 1117 1649 693 1118 1650 731 1119 1651 729 1120 1652 730 1121 1653 697 1122 1654 728 1123 1655 696 1124 1656 726 1125 1657 698 1126 1658 694 1127 1659 731 1128 1660 692 966 1661 695 1129 1662 729 1130 1663 725 1131 1664 697 1132 1665 724 1133 1666 728 1134 1667 700 1135 1668 703 1136 1669 702 1137 1670 707 1138 1671 735 1139 1672 733 1140 1673 703 1141 1674 734 1142 1675 702 1143 1676 706 1144 1677 705 1145 1678 704 1146 1679 701 1147 1680 738 1148 1681 736 1149 1682 739 1150 1683 705 1151 1684 737 990 1685 706 1152 1686 739 1153 1687 735 1154 1688 700 1155 1689 734 1156 1690 738 1157 1691 701 1158 1692 732 1159 1693 703 1160 1694 707 1161 1695 737 1162 1696 705 1163 1697 709 1164 1698 715 1165 1699 713 1166 1700 733 1167 1701 739 1168 1702 737 1169 1703 736 1170 1704 734 1171 1705 732 1172 1706 728 1173 1707 726 1174 1708 730 1175 1709 723 1176 1710 717 1177 1711 721 1178 1712 725 1179 1713 731 1180 1714 727 1181 1715 722 1182 1716 716 1183 1717 718 671 1718 708 672 1719 714 673 1720 710 674 1721 740 1184 1722 763 1185 1723 760 1186 1724 741 1187 1725 758 1188 1726 763 1185 1727 742 1189 1728 762 1190 1729 758 1188 1730 743 1191 1731 761 1192 1732 762 1190 1733 745 1193 1734 761 1192 1735 744 1194 1736 746 1195 1737 757 1196 1738 745 1193 1739 747 1197 1740 756 1198 1741 746 1195 1742 740 1184 1743 759 1199 1744 747 1197 1745 740 1184 1746 771 691 1747 764 1200 1748 749 0 1749 750 0 1750 748 0 1751 751 1 1752 754 1 1753 750 1 1754 755 16 1755 752 16 1756 754 16 1757 753 5 1758 748 5 1759 752 5 1760 754 6 1761 748 6 1762 750 6 1763 761 1192 1764 749 1201 1765 753 1202 1766 760 1186 1767 755 1203 1768 751 1204 1769 764 1205 1770 779 1206 1771 772 1207 1772 747 1197 1773 770 700 1774 771 691 1775 746 1195 1776 769 1208 1777 770 700 1778 745 1193 1779 768 1209 1780 769 1208 1781 743 1191 1782 768 1209 1783 744 1194 1784 742 1189 1785 767 703 1786 743 1191 1787 741 1187 1788 766 1210 1789 742 1189 1790 741 1187 1791 764 1200 1792 765 705 1793 777 3 1794 775 3 1795 773 3 1796 769 1211 1797 778 1212 1798 770 1213 1799 768 1214 1800 775 1215 1801 776 1216 1802 766 1217 1803 773 1218 1804 774 1219 1805 770 1213 1806 779 1206 1807 771 1220 1808 768 1214 1809 777 1221 1810 769 1211 1811 767 1222 1812 774 1219 1813 775 1215 1814 764 1205 1815 773 1218 1816 765 1223 1817 780 719 1818 783 720 1819 782 721 1820 787 1224 1821 815 1225 1822 813 1226 1823 783 1227 1824 814 1228 1825 782 1229 1826 787 1230 1827 784 1231 1828 786 730 1829 781 1232 1830 818 1233 1831 816 1234 1832 819 1235 1833 785 1236 1834 817 1237 1835 815 737 1836 784 738 1837 819 739 1838 818 1238 1839 782 741 1840 814 742 1841 781 1239 1842 812 744 1843 783 745 1844 787 1240 1845 817 747 1846 785 748 1847 789 1241 1848 790 1242 1849 788 573 1850 795 1243 1851 822 1244 1852 820 1245 1853 823 1246 1854 791 1247 1855 821 1091 1856 794 1248 1857 793 1249 1858 792 758 1859 789 1250 1860 827 1251 1861 825 1252 1862 793 1253 1863 826 1254 1864 792 1255 1865 792 1256 1866 822 1257 1867 794 1258 1868 790 1259 1869 827 1260 1870 788 1101 1871 791 590 1872 825 940 1873 821 940 1874 793 1105 1875 820 1261 1876 824 773 1877 797 1262 1878 798 1263 1879 796 1264 1880 803 1265 1881 830 1266 1882 828 779 1883 831 1267 1884 799 1268 1885 829 1269 1886 803 1270 1887 800 1271 1888 802 1272 1889 797 1273 1890 835 1274 1891 833 1275 1892 834 1276 1893 801 1277 1894 832 1278 1895 800 1279 1896 830 1280 1897 802 963 1898 798 1281 1899 835 1282 1900 796 1283 1901 799 1284 1902 833 1285 1903 829 1286 1904 801 1287 1905 828 1288 1906 832 803 1907 804 1289 1908 807 1290 1909 806 1291 1910 811 1292 1911 839 1293 1912 837 1294 1913 807 1295 1914 838 1296 1915 806 1297 1916 810 1298 1917 809 1299 1918 808 1300 1919 805 1301 1920 842 1302 1921 840 1303 1922 843 1304 1923 809 1305 1924 841 1306 1925 810 1307 1926 843 1308 1927 839 1309 1928 804 1310 1929 838 1311 1930 842 1312 1931 805 1313 1932 836 1314 1933 807 1315 1934 811 1316 1935 841 1317 1936 809 1002 1937 813 1318 1938 819 1319 1939 817 1320 1940 837 1321 1941 843 1322 1942 841 1323 1943 840 1324 1944 838 1325 1945 836 1326 1946 832 1327 1947 830 1328 1948 834 1329 1949 827 1330 1950 821 1331 1951 825 1178 1952 829 1332 1953 835 1333 1954 831 1334 1955 826 1335 1956 820 1336 1957 822 853 1958 812 854 1959 818 855 1960 814 856 1961 844 1337 1962 867 1338 1963 864 1339 1964 845 1340 1965 862 1341 1966 867 1338 1967 846 1342 1968 866 1343 1969 862 1341 1970 847 1344 1971 865 1345 1972 866 1343 1973 849 1346 1974 865 1345 1975 848 1347 1976 850 1348 1977 861 1349 1978 849 1346 1979 851 1350 1980 860 1351 1981 850 1348 1982 844 1337 1983 863 1352 1984 851 1350 1985 844 1337 1986 875 873 1987 868 1353 1988 853 0 1989 854 0 1990 852 0 1991 855 1 1992 858 1 1993 854 1 1994 859 16 1995 856 16 1996 858 16 1997 857 5 1998 852 5 1999 856 5 2000 858 6 2001 852 6 2002 854 6 2003 865 1345 2004 853 1354 2005 857 1355 2006 864 1339 2007 859 1356 2008 855 1357 2009 868 1358 2010 883 1359 2011 876 1360 2012 850 1348 2013 875 873 2014 851 1350 2015 850 1348 2016 873 881 2017 874 882 2018 848 1347 2019 873 881 2020 849 1346 2021 847 1344 2022 872 1361 2023 848 1347 2024 846 1342 2025 871 884 2026 847 1344 2027 846 1342 2028 869 885 2029 870 886 2030 845 1340 2031 868 1353 2032 869 885 2033 881 3 2034 879 3 2035 877 3 2036 874 1362 2037 881 1363 2038 882 1364 2039 871 1365 2040 880 1366 2041 872 1367 2042 870 1368 2043 877 1369 2044 878 1370 2045 874 1362 2046 883 1359 2047 875 1371 2048 873 1372 2049 880 1366 2050 881 1363 2051 870 1368 2052 879 1373 2053 871 1365 2054 868 1358 2055 877 1369 2056 869 1374 2057 73 84 2058 56 1375 2059 72 85 2060 21 0 2061 26 0 2062 27 0 2063 3 1 2064 7 13 2065 28 2 2066 5 3 2067 13 3 2068 12 3 2069 31 4 2070 5 5 2071 1 5 2072 29 6 2073 30 6 2074 0 6 2075 3 3 2076 1 3 2077 5 3 2078 30 5 2079 31 4 2080 8 5 2081 10 5 2082 36 5 2083 37 5 2084 9 1 2085 28 2 2086 29 1 2087 9 1 2088 23 1 2089 22 1 2090 28 6 2091 15 6 2092 16 6 2093 13 5 2094 5 5 2095 17 8 2096 5 5 2097 31 4 2098 17 8 2099 12 9 2100 13 10 2101 17 9 2102 17 11 2103 16 12 2104 15 11 2105 15 1376 2106 28 2 2107 14 15 2108 28 2 2109 7 13 2110 14 15 2111 21 0 2112 22 0 2113 23 0 2114 20 0 2115 23 0 2116 18 0 2117 0 6 2118 19 6 2119 18 6 2120 2 1 2121 18 1 2122 23 1 2123 8 5 2124 20 5 2125 19 5 2126 1 5 2127 21 5 2128 20 5 2129 25 3 2130 27 3 2131 26 3 2132 22 1 2133 27 1 2134 25 1 2135 1 5 2136 24 5 2137 26 5 2138 3 16 2139 25 16 2140 24 16 2141 6 17 2142 29 21 2143 28 18 2144 6 17 2145 4 22 2146 30 20 2147 4 22 2148 11 24 2149 31 23 2150 10 19 2151 28 18 2152 31 23 2153 34 5 2154 42 5 2155 43 5 2156 11 6 2157 39 6 2158 36 6 2159 6 3 2160 37 3 2161 38 3 2162 4 1 2163 38 1 2164 39 1 2165 33 16 2166 37 16 2167 36 16 2168 34 25 2169 38 27 2170 37 16 2171 35 26 2172 39 16 2173 38 27 2174 32 16 2175 36 16 2176 39 16 2177 40 16 2178 43 16 2179 42 16 2180 32 1 2181 40 1 2182 41 1 2183 35 3 2184 43 3 2185 40 3 2186 33 6 2187 41 6 2188 42 6 2189 54 28 2190 55 54 2191 47 29 2192 46 31 2193 50 1377 2194 51 32 2195 44 34 2196 45 48 2197 49 35 2198 46 37 2199 44 46 2200 48 38 2201 49 40 2202 45 30 2203 47 29 2204 59 42 2205 56 50 2206 52 43 2207 46 37 2208 52 55 2209 53 45 2210 55 44 2211 52 43 2212 46 31 2213 44 34 2214 53 51 2215 54 47 2216 75 49 2217 72 1378 2218 56 50 2219 53 51 2220 57 58 2221 58 52 2222 58 53 2223 59 1379 2224 55 54 2225 52 55 2226 56 1375 2227 57 56 2228 73 57 2229 74 82 2230 58 52 2231 75 59 2232 59 1379 2233 58 53 2234 63 61 2235 71 83 2236 70 62 2237 62 64 2238 63 79 2239 67 65 2240 65 67 2241 61 1380 2242 60 68 2243 62 70 2244 66 1381 2245 64 71 2246 63 61 2247 61 63 2248 65 73 2249 68 75 2250 72 1378 2251 75 49 2252 62 70 2253 60 72 2254 69 77 2255 62 64 2256 68 75 2257 71 76 2258 60 68 2259 61 1380 2260 70 80 2261 69 81 2262 70 80 2263 74 82 2264 71 83 2265 75 59 2266 74 60 2267 68 78 2268 69 77 2269 73 84 2270 77 86 2271 79 1382 2272 78 87 2273 79 6 2274 81 6 2275 80 6 2276 80 89 2277 81 1383 2278 83 90 2279 83 92 2280 85 137 2281 84 93 2282 83 95 2283 81 110 2284 90 96 2285 85 3 2286 87 3 2287 86 3 2288 87 98 2289 77 131 2290 76 99 2291 88 101 2292 94 119 2293 96 102 2294 77 103 2295 87 111 2296 93 104 2297 83 106 2298 91 121 2299 92 107 2300 79 109 2301 88 101 2302 90 96 2303 85 108 2304 92 107 2305 93 104 2306 77 112 2307 89 118 2308 88 101 2309 96 115 2310 94 1384 2311 99 1385 2312 94 1384 2313 95 1386 2314 99 1385 2315 99 1385 2316 98 113 2317 96 115 2318 92 107 2319 98 122 2320 99 116 2321 90 96 2322 96 102 2323 97 117 2324 89 118 2325 95 1387 2326 94 119 2327 93 104 2328 99 116 2329 95 120 2330 91 121 2331 97 1388 2332 98 122 2333 102 123 2334 103 1389 2335 101 124 2336 104 6 2337 105 6 2338 103 6 2339 104 126 2340 106 1390 2341 107 127 2342 108 129 2343 109 1391 2344 107 130 2345 107 132 2346 115 151 2347 114 133 2348 110 3 2349 111 3 2350 109 3 2351 100 135 2352 101 1392 2353 111 136 2354 120 138 2355 118 152 2356 112 139 2357 101 140 2358 113 155 2359 117 141 2360 116 143 2361 115 157 2362 107 144 2363 114 133 2364 112 139 2365 103 146 2366 117 141 2367 116 143 2368 109 145 2369 112 139 2370 113 153 2371 101 147 2372 119 16 2373 118 16 2374 123 16 2375 118 16 2376 120 148 2377 123 16 2378 120 148 2379 121 114 2380 122 113 2381 123 149 2382 122 156 2383 116 143 2384 121 150 2385 120 138 2386 114 133 2387 118 152 2388 119 1393 2389 113 153 2390 119 154 2391 123 149 2392 117 141 2393 122 156 2394 121 1394 2395 115 157 2396 125 158 2397 127 1395 2398 126 159 2399 127 6 2400 129 6 2401 128 6 2402 128 161 2403 129 1396 2404 131 162 2405 131 164 2406 133 137 2407 132 165 2408 131 95 2409 129 110 2410 138 167 2411 133 3 2412 135 3 2413 134 3 2414 135 169 2415 125 1397 2416 124 170 2417 136 171 2418 142 182 2419 144 172 2420 125 173 2421 135 178 2422 141 174 2423 131 106 2424 139 184 2425 140 176 2426 127 177 2427 136 171 2428 138 167 2429 133 108 2430 140 176 2431 141 174 2432 125 179 2433 137 181 2434 136 171 2435 144 115 2436 142 1384 2437 147 1385 2438 142 1384 2439 143 1386 2440 147 1385 2441 147 1385 2442 146 113 2443 144 115 2444 140 176 2445 146 185 2446 147 116 2447 138 167 2448 144 172 2449 145 180 2450 137 181 2451 143 1398 2452 142 182 2453 141 174 2454 147 116 2455 143 183 2456 139 184 2457 145 1399 2458 146 185 2459 150 186 2460 151 1400 2461 149 187 2462 152 6 2463 153 6 2464 151 6 2465 152 189 2466 154 1401 2467 155 190 2468 156 192 2469 157 1402 2470 155 193 2471 155 195 2472 163 215 2473 162 196 2474 158 3 2475 159 3 2476 157 3 2477 148 198 2478 149 94 2479 159 199 2480 168 201 2481 166 216 2482 160 202 2483 149 203 2484 161 219 2485 165 204 2486 164 206 2487 163 221 2488 155 207 2489 162 196 2490 160 202 2491 151 209 2492 165 204 2493 164 206 2494 157 208 2495 160 202 2496 161 217 2497 149 210 2498 167 16 2499 166 16 2500 171 16 2501 166 16 2502 168 212 2503 171 16 2504 168 212 2505 169 1403 2506 170 211 2507 171 213 2508 170 220 2509 164 206 2510 169 214 2511 168 201 2512 162 196 2513 166 216 2514 167 1404 2515 161 217 2516 167 218 2517 171 213 2518 165 204 2519 170 220 2520 169 1405 2521 163 221 2522 173 222 2523 175 1406 2524 174 223 2525 175 6 2526 177 6 2527 176 6 2528 176 225 2529 177 1407 2530 179 226 2531 179 228 2532 181 1408 2533 180 229 2534 179 231 2535 177 245 2536 186 232 2537 181 3 2538 183 3 2539 182 3 2540 183 234 2541 173 194 2542 172 193 2543 184 236 2544 190 253 2545 192 237 2546 173 238 2547 183 246 2548 189 239 2549 179 241 2550 187 255 2551 188 242 2552 175 244 2553 184 236 2554 186 232 2555 181 243 2556 188 242 2557 189 239 2558 173 247 2559 185 252 2560 184 236 2561 192 249 2562 190 1409 2563 194 248 2564 190 1409 2565 191 1386 2566 195 1410 2567 194 248 2568 190 1409 2569 195 1410 2570 188 242 2571 194 256 2572 195 250 2573 186 232 2574 192 237 2575 193 251 2576 185 252 2577 191 1411 2578 190 253 2579 189 239 2580 195 250 2581 191 254 2582 187 255 2583 193 1412 2584 194 256 2585 198 257 2586 199 1413 2587 197 258 2588 200 6 2589 201 6 2590 199 6 2591 200 259 2592 202 1414 2593 203 260 2594 204 262 2595 205 1415 2596 203 263 2597 203 265 2598 211 284 2599 210 266 2600 206 3 2601 207 3 2602 205 3 2603 196 268 2604 197 94 2605 207 269 2606 216 271 2607 214 285 2608 208 272 2609 197 273 2610 209 288 2611 213 274 2612 212 276 2613 211 290 2614 203 277 2615 210 266 2616 208 272 2617 199 279 2618 213 274 2619 212 276 2620 205 278 2621 208 272 2622 209 286 2623 197 280 2624 215 16 2625 214 16 2626 219 16 2627 214 16 2628 216 1416 2629 218 281 2630 216 1416 2631 217 1417 2632 218 281 2633 219 282 2634 218 289 2635 212 276 2636 217 283 2637 216 271 2638 210 266 2639 214 285 2640 215 251 2641 209 286 2642 215 287 2643 219 282 2644 213 274 2645 218 289 2646 217 1418 2647 211 290 2648 221 291 2649 223 1419 2650 222 292 2651 223 294 2652 225 1420 2653 224 295 2654 225 297 2655 227 1421 2656 226 298 2657 226 300 2658 227 1422 2659 229 301 2660 228 303 2661 229 1423 2662 221 304 2663 228 6 2664 220 6 2665 226 6 2666 220 6 2667 222 6 2668 226 6 2669 232 306 2670 233 1424 2671 231 307 2672 234 309 2673 235 1425 2674 233 310 2675 236 312 2676 237 1426 2677 235 313 2678 236 315 2679 238 1427 2680 239 316 2681 238 318 2682 230 1428 2683 231 319 2684 232 6 2685 230 6 2686 238 6 2687 238 6 2688 236 6 2689 234 6 2690 242 321 2691 243 1429 2692 241 322 2693 244 324 2694 245 1430 2695 243 325 2696 246 327 2697 247 1431 2698 245 328 2699 246 330 2700 248 1432 2701 249 331 2702 248 333 2703 240 1433 2704 241 334 2705 242 1434 2706 240 1435 2707 244 337 2708 240 1435 2709 248 336 2710 244 337 2711 251 338 2712 253 1436 2713 252 339 2714 253 341 2715 255 1437 2716 254 342 2717 255 344 2718 257 1438 2719 256 345 2720 256 347 2721 257 1439 2722 259 348 2723 258 350 2724 259 1440 2725 251 351 2726 258 6 2727 250 6 2728 256 6 2729 250 6 2730 252 6 2731 256 6 2732 261 353 2733 263 1441 2734 262 354 2735 267 356 2736 266 1442 2737 295 357 2738 263 359 2739 292 1443 2740 294 360 2741 267 362 2742 265 1444 2743 264 363 2744 261 365 2745 260 1445 2746 298 366 2747 299 368 2748 264 1446 2749 265 369 2750 295 371 2751 266 1447 2752 264 372 2753 298 374 2754 260 1448 2755 262 375 2756 261 377 2757 296 1449 2758 292 378 2759 267 380 2760 293 1450 2761 297 381 2762 269 383 2763 271 1451 2764 270 384 2765 275 386 2766 274 1452 2767 302 387 2768 303 389 2769 270 1453 2770 271 390 2771 274 392 2772 275 1454 2773 273 393 2774 269 395 2775 268 1455 2776 307 396 2777 273 398 2778 304 1456 2779 306 399 2780 272 401 2781 306 934 2782 302 402 2783 270 404 2784 303 588 2785 307 405 2786 271 407 2787 269 939 2788 305 408 2789 273 410 2790 275 1457 2791 300 411 2792 277 413 2793 279 1458 2794 278 414 2795 283 416 2796 282 1459 2797 310 417 2798 311 419 2799 278 1460 2800 279 420 2801 283 422 2802 281 1461 2803 280 423 2804 277 425 2805 276 1462 2806 315 426 2807 314 428 2808 280 1463 2809 281 429 2810 280 431 2811 314 1464 2812 310 432 2813 278 434 2814 311 1465 2815 315 435 2816 279 437 2817 277 1466 2818 313 438 2819 281 440 2820 283 1467 2821 308 441 2822 284 443 2823 285 1468 2824 287 444 2825 291 446 2826 290 1469 2827 319 447 2828 287 449 2829 316 1470 2830 318 450 2831 290 452 2832 291 1471 2833 289 453 2834 285 455 2835 284 1472 2836 322 456 2837 323 458 2838 288 1473 2839 289 459 2840 290 461 2841 288 1474 2842 323 462 2843 284 464 2844 286 1475 2845 318 465 2846 285 467 2847 320 1476 2848 316 468 2849 291 470 2850 317 1477 2851 321 471 2852 293 473 2853 295 1478 2854 299 474 2855 317 476 2856 319 1479 2857 323 477 2858 320 479 2859 322 1480 2860 318 480 2861 312 482 2862 308 1481 2863 310 483 2864 307 485 2865 303 1482 2866 301 486 2867 309 488 2868 313 1483 2869 315 489 2870 306 491 2871 304 1484 2872 300 492 2873 292 494 2874 296 1485 2875 298 495 2876 324 497 2877 325 500 2878 347 498 2879 325 500 2880 326 502 2881 342 501 2882 326 502 2883 327 504 2884 346 503 2885 327 504 2886 328 507 2887 345 505 2888 329 506 2889 341 509 2890 345 505 2891 330 508 2892 340 511 2893 341 509 2894 331 510 2895 343 512 2896 340 511 2897 324 497 2898 344 499 2899 343 512 2900 324 497 2901 331 510 2902 355 513 2903 333 0 2904 335 0 2905 334 0 2906 335 1 2907 339 1 2908 338 1 2909 339 16 2910 337 16 2911 336 16 2912 337 5 2913 333 5 2914 332 5 2915 338 6 2916 336 6 2917 332 6 2918 337 516 2919 339 517 2920 342 501 2921 337 516 2922 342 501 2923 346 503 2924 341 509 2925 340 511 2926 333 515 2927 337 516 2928 346 503 2929 345 505 2930 345 505 2931 341 509 2932 333 515 2933 335 518 2934 333 515 2935 340 511 2936 335 518 2937 340 511 2938 343 512 2939 347 498 2940 342 501 2941 339 517 2942 335 518 2943 343 512 2944 344 499 2945 344 499 2946 347 498 2947 339 517 2948 348 519 2949 355 537 2950 363 520 2951 331 510 2952 330 508 2953 354 522 2954 330 508 2955 329 506 2956 353 523 2957 328 507 2958 352 524 2959 353 523 2960 327 504 2961 351 525 2962 352 524 2963 326 502 2964 350 526 2965 351 525 2966 325 500 2967 349 527 2968 350 526 2969 325 500 2970 324 497 2971 348 514 2972 357 3 2973 356 3 2974 363 3 2975 363 3 2976 362 3 2977 361 3 2978 361 3 2979 360 3 2980 359 3 2981 359 3 2982 358 3 2983 357 3 2984 357 3 2985 363 3 2986 361 3 2987 354 528 2988 353 538 2989 361 529 2990 352 531 2991 351 539 2992 359 532 2993 350 534 2994 349 540 2995 357 535 2996 354 528 2997 362 530 2998 363 520 2999 352 531 3000 360 533 3001 361 529 3002 350 534 3003 358 536 3004 359 532 3005 348 519 3006 356 521 3007 357 535 3008 365 541 3009 367 1486 3010 366 542 3011 371 544 3012 370 1487 3013 399 545 3014 367 547 3015 396 1488 3016 398 548 3017 371 550 3018 369 1489 3019 368 551 3020 365 553 3021 364 1490 3022 402 554 3023 403 556 3024 368 1491 3025 369 557 3026 399 559 3027 370 1492 3028 368 560 3029 402 562 3030 364 1493 3031 366 563 3032 365 565 3033 400 1494 3034 396 566 3035 371 568 3036 397 1495 3037 401 569 3038 373 571 3039 375 1451 3040 374 572 3041 379 574 3042 378 1496 3043 406 575 3044 407 577 3045 374 1497 3046 375 578 3047 378 393 3048 379 1498 3049 377 580 3050 373 582 3051 372 1499 3052 411 583 3053 377 585 3054 408 1500 3055 410 586 3056 376 401 3057 410 934 3058 406 402 3059 374 587 3060 407 588 3061 411 588 3062 375 590 3063 373 1501 3064 409 408 3065 377 591 3066 379 591 3067 404 411 3068 381 592 3069 383 1502 3070 382 593 3071 387 595 3072 386 1503 3073 414 596 3074 415 598 3075 382 1504 3076 383 599 3077 387 601 3078 385 1505 3079 384 602 3080 381 604 3081 380 1506 3082 419 605 3083 418 607 3084 384 1507 3085 385 608 3086 384 610 3087 418 1508 3088 414 611 3089 382 613 3090 415 1509 3091 419 614 3092 383 616 3093 381 1510 3094 417 617 3095 385 619 3096 387 1511 3097 412 620 3098 388 622 3099 389 1512 3100 391 623 3101 395 625 3102 394 1513 3103 423 626 3104 391 628 3105 420 1514 3106 422 629 3107 394 631 3108 395 1515 3109 393 632 3110 389 634 3111 388 1516 3112 426 635 3113 427 637 3114 392 1517 3115 393 638 3116 394 639 3117 392 1518 3118 427 640 3119 388 642 3120 390 1519 3121 422 643 3122 389 645 3123 424 1520 3124 420 646 3125 395 648 3126 421 1521 3127 425 649 3128 397 651 3129 399 1522 3130 403 652 3131 421 654 3132 423 1523 3133 427 655 3134 424 657 3135 426 1524 3136 422 658 3137 416 660 3138 412 1525 3139 414 661 3140 411 663 3141 407 1526 3142 405 664 3143 413 666 3144 417 1527 3145 419 667 3146 410 669 3147 408 1528 3148 404 670 3149 396 672 3150 400 1529 3151 402 673 3152 428 675 3153 429 678 3154 451 676 3155 429 678 3156 430 680 3157 446 679 3158 430 680 3159 431 682 3160 450 681 3161 431 682 3162 432 685 3163 449 683 3164 433 684 3165 445 687 3166 449 683 3167 434 686 3168 444 689 3169 445 687 3170 435 688 3171 447 690 3172 444 689 3173 428 675 3174 448 677 3175 447 690 3176 428 675 3177 435 688 3178 459 691 3179 437 0 3180 439 0 3181 438 0 3182 439 1 3183 443 1 3184 442 1 3185 443 16 3186 441 16 3187 440 16 3188 441 5 3189 437 5 3190 436 5 3191 442 6 3192 440 6 3193 436 6 3194 441 694 3195 443 695 3196 446 679 3197 441 694 3198 446 679 3199 450 681 3200 445 687 3201 444 689 3202 437 693 3203 441 694 3204 450 681 3205 449 683 3206 449 683 3207 445 687 3208 437 693 3209 439 696 3210 437 693 3211 444 689 3212 439 696 3213 444 689 3214 447 690 3215 451 676 3216 446 679 3217 443 695 3218 439 696 3219 447 690 3220 448 677 3221 448 677 3222 451 676 3223 443 695 3224 452 697 3225 459 715 3226 467 698 3227 435 688 3228 434 686 3229 458 700 3230 434 686 3231 433 684 3232 457 701 3233 433 684 3234 432 685 3235 456 702 3236 431 682 3237 455 703 3238 456 702 3239 430 680 3240 454 704 3241 455 703 3242 429 678 3243 453 705 3244 454 704 3245 429 678 3246 428 675 3247 452 692 3248 461 3 3249 460 3 3250 467 3 3251 467 3 3252 466 3 3253 465 3 3254 465 3 3255 464 3 3256 463 3 3257 463 3 3258 462 3 3259 461 3 3260 461 3 3261 467 3 3262 465 3 3263 457 706 3264 465 716 3265 466 707 3266 456 709 3267 455 717 3268 463 710 3269 454 712 3270 453 718 3271 461 713 3272 458 708 3273 466 707 3274 467 698 3275 456 709 3276 464 711 3277 465 716 3278 455 717 3279 454 712 3280 462 714 3281 452 697 3282 460 699 3283 461 713 3284 468 719 3285 469 1530 3286 471 720 3287 475 722 3288 474 1531 3289 503 723 3290 471 725 3291 500 1532 3292 502 726 3293 475 728 3294 473 1533 3295 472 729 3296 469 731 3297 468 1534 3298 506 732 3299 507 734 3300 472 1535 3301 473 735 3302 503 737 3303 474 1447 3304 472 738 3305 506 740 3306 468 1536 3307 470 741 3308 469 743 3309 504 1537 3310 500 744 3311 475 746 3312 501 1538 3313 505 747 3314 477 749 3315 479 1539 3316 478 750 3317 483 751 3318 482 1496 3319 510 752 3320 511 754 3321 478 1540 3322 479 755 3323 482 756 3324 483 1541 3325 481 757 3326 477 759 3327 476 1499 3328 515 760 3329 481 762 3330 512 1542 3331 514 763 3332 480 765 3333 514 1543 3334 510 766 3335 478 768 3336 511 769 3337 515 769 3338 479 771 3339 477 1544 3340 513 408 3341 481 772 3342 483 1457 3343 508 410 3344 485 774 3345 487 1545 3346 486 775 3347 491 777 3348 490 1546 3349 518 778 3350 519 780 3351 486 1547 3352 487 781 3353 491 783 3354 489 1548 3355 488 784 3356 485 786 3357 484 1462 3358 523 787 3359 522 789 3360 488 1549 3361 489 790 3362 488 792 3363 522 1550 3364 518 793 3365 486 795 3366 519 1551 3367 523 796 3368 487 798 3369 485 1552 3370 521 799 3371 489 801 3372 491 1553 3373 516 802 3374 492 804 3375 493 1554 3376 495 805 3377 499 807 3378 498 1469 3379 527 808 3380 495 810 3381 524 1555 3382 526 811 3383 498 813 3384 499 1556 3385 497 814 3386 493 816 3387 492 1557 3388 530 817 3389 531 819 3390 496 1558 3391 497 820 3392 498 822 3393 496 1559 3394 531 823 3395 492 825 3396 494 1560 3397 526 826 3398 493 828 3399 528 1561 3400 524 829 3401 499 831 3402 525 1562 3403 529 832 3404 501 834 3405 503 1563 3406 507 835 3407 525 837 3408 527 1564 3409 531 838 3410 528 840 3411 530 1565 3412 526 841 3413 520 843 3414 516 1566 3415 518 844 3416 515 846 3417 511 1567 3418 509 847 3419 517 848 3420 521 1568 3421 523 849 3422 514 851 3423 512 1569 3424 508 852 3425 500 854 3426 504 1570 3427 506 855 3428 532 857 3429 533 860 3430 555 858 3431 533 860 3432 534 862 3433 550 861 3434 534 862 3435 535 864 3436 554 863 3437 535 864 3438 536 867 3439 553 865 3440 537 866 3441 549 869 3442 553 865 3443 538 868 3444 548 871 3445 549 869 3446 539 870 3447 551 872 3448 548 871 3449 532 857 3450 552 859 3451 551 872 3452 532 857 3453 539 870 3454 563 873 3455 541 0 3456 543 0 3457 542 0 3458 543 1 3459 547 1 3460 546 1 3461 547 16 3462 545 16 3463 544 16 3464 545 5 3465 541 5 3466 540 5 3467 546 6 3468 544 6 3469 540 6 3470 545 875 3471 547 876 3472 550 861 3473 545 875 3474 550 861 3475 554 863 3476 549 869 3477 548 871 3478 541 693 3479 545 875 3480 554 863 3481 553 865 3482 553 865 3483 549 869 3484 541 693 3485 543 877 3486 541 693 3487 548 871 3488 543 877 3489 548 871 3490 551 872 3491 555 858 3492 550 861 3493 547 876 3494 543 877 3495 551 872 3496 552 859 3497 552 859 3498 555 858 3499 547 876 3500 556 878 3501 563 896 3502 571 879 3503 538 868 3504 562 882 3505 563 873 3506 538 868 3507 537 866 3508 561 881 3509 536 867 3510 560 883 3511 561 881 3512 535 864 3513 559 884 3514 560 883 3515 534 862 3516 558 886 3517 559 884 3518 534 862 3519 533 860 3520 557 885 3521 533 860 3522 532 857 3523 556 874 3524 565 3 3525 564 3 3526 571 3 3527 571 3 3528 570 3 3529 569 3 3530 569 3 3531 568 3 3532 567 3 3533 567 3 3534 566 3 3535 565 3 3536 565 3 3537 571 3 3538 569 3 3539 562 887 3540 561 897 3541 569 888 3542 559 890 3543 567 898 3544 568 891 3545 558 893 3546 557 899 3547 565 894 3548 562 887 3549 570 889 3550 571 879 3551 561 897 3552 560 892 3553 568 891 3554 558 893 3555 566 895 3556 567 898 3557 556 878 3558 564 880 3559 565 894 3560 573 353 3561 575 1441 3562 574 354 3563 579 900 3564 578 1571 3565 607 901 3566 575 903 3567 604 1572 3568 606 904 3569 579 906 3570 577 1444 3571 576 363 3572 573 907 3573 572 1573 3574 610 908 3575 611 910 3576 576 1574 3577 577 911 3578 607 371 3579 578 1447 3580 576 372 3581 610 374 3582 572 1448 3583 574 375 3584 573 377 3585 608 1449 3586 604 913 3587 579 914 3588 605 1538 3589 609 915 3590 581 917 3591 583 1575 3592 582 918 3593 587 919 3594 586 1576 3595 614 920 3596 615 922 3597 582 1577 3598 583 923 3599 586 925 3600 587 1578 3601 585 926 3602 581 927 3603 580 1579 3604 619 928 3605 585 930 3606 616 1580 3607 618 931 3608 584 933 3609 618 934 3610 614 934 3611 582 936 3612 615 588 3613 619 937 3614 583 939 3615 581 939 3616 617 940 3617 585 941 3618 587 1581 3619 612 942 3620 589 943 3621 591 1582 3622 590 944 3623 595 946 3624 594 1583 3625 622 947 3626 623 949 3627 590 1584 3628 591 950 3629 595 952 3630 593 1585 3631 592 953 3632 589 955 3633 588 1586 3634 627 956 3635 626 958 3636 592 1587 3637 593 959 3638 592 961 3639 626 1588 3640 622 962 3641 590 964 3642 623 1589 3643 627 965 3644 591 967 3645 589 1590 3646 625 968 3647 593 970 3648 595 1591 3649 620 971 3650 596 973 3651 597 1592 3652 599 974 3653 603 976 3654 602 1593 3655 631 977 3656 599 979 3657 628 1594 3658 630 980 3659 602 982 3660 603 1595 3661 601 983 3662 597 985 3663 596 1596 3664 634 986 3665 635 988 3666 600 1597 3667 601 989 3668 602 991 3669 600 1474 3670 635 992 3671 596 994 3672 598 1598 3673 630 995 3674 597 997 3675 632 1599 3676 628 998 3677 603 1000 3678 629 1600 3679 633 1001 3680 605 1003 3681 607 1601 3682 611 1004 3683 629 1006 3684 631 1602 3685 635 1007 3686 632 1009 3687 634 1603 3688 630 1010 3689 624 1012 3690 620 1604 3691 622 1013 3692 619 1015 3693 615 1482 3694 613 1016 3695 621 1018 3696 625 1605 3697 627 1019 3698 618 1021 3699 616 1606 3700 612 1022 3701 604 494 3702 608 1485 3703 610 495 3704 636 1023 3705 637 1026 3706 659 1024 3707 637 1026 3708 638 1028 3709 654 1027 3710 638 1028 3711 639 1030 3712 658 1029 3713 639 1030 3714 640 1033 3715 657 1031 3716 641 1032 3717 653 1035 3718 657 1031 3719 642 1034 3720 652 1037 3721 653 1035 3722 643 1036 3723 655 1038 3724 652 1037 3725 636 1023 3726 656 1025 3727 655 1038 3728 636 1023 3729 643 1036 3730 667 513 3731 645 0 3732 647 0 3733 646 0 3734 647 1 3735 651 1 3736 650 1 3737 651 16 3738 649 16 3739 648 16 3740 649 5 3741 645 5 3742 644 5 3743 650 6 3744 648 6 3745 644 6 3746 649 1040 3747 651 1041 3748 654 1027 3749 649 1040 3750 654 1027 3751 658 1029 3752 653 1035 3753 652 1037 3754 645 515 3755 649 1040 3756 658 1029 3757 657 1031 3758 657 1031 3759 653 1035 3760 645 515 3761 647 1042 3762 645 515 3763 652 1037 3764 647 1042 3765 652 1037 3766 655 1038 3767 659 1024 3768 654 1027 3769 651 1041 3770 647 1042 3771 655 1038 3772 656 1025 3773 656 1025 3774 659 1024 3775 651 1041 3776 660 1043 3777 667 1057 3778 675 1044 3779 643 1036 3780 642 1034 3781 666 522 3782 642 1034 3783 641 1032 3784 665 523 3785 640 1033 3786 664 1046 3787 665 523 3788 639 1030 3789 663 525 3790 664 1046 3791 638 1028 3792 662 1047 3793 663 525 3794 637 1026 3795 661 527 3796 662 1047 3797 637 1026 3798 636 1023 3799 660 1039 3800 669 3 3801 668 3 3802 675 3 3803 675 3 3804 674 3 3805 673 3 3806 673 3 3807 672 3 3808 671 3 3809 671 3 3810 670 3 3811 669 3 3812 669 3 3813 675 3 3814 673 3 3815 666 1048 3816 665 1058 3817 673 1049 3818 664 1051 3819 663 1059 3820 671 1052 3821 662 1054 3822 661 1060 3823 669 1055 3824 666 1048 3825 674 1050 3826 675 1044 3827 664 1051 3828 672 1053 3829 673 1049 3830 662 1054 3831 670 1056 3832 671 1052 3833 660 1043 3834 668 1045 3835 669 1055 3836 677 541 3837 679 1486 3838 678 542 3839 683 1061 3840 682 1607 3841 711 1062 3842 679 1064 3843 708 1608 3844 710 1065 3845 683 1067 3846 681 1609 3847 680 1068 3848 677 1070 3849 676 1610 3850 714 1071 3851 715 1073 3852 680 1611 3853 681 1074 3854 711 559 3855 682 1492 3856 680 560 3857 714 1076 3858 676 1612 3859 678 563 3860 677 1078 3861 712 1613 3862 708 1079 3863 683 1081 3864 709 1614 3865 713 1082 3866 685 1084 3867 687 1575 3868 686 1085 3869 691 1086 3870 690 1615 3871 718 1087 3872 719 1089 3873 686 1616 3874 687 1090 3875 690 1092 3876 691 1617 3877 689 1093 3878 685 1094 3879 684 1618 3880 723 1095 3881 689 1097 3882 720 1619 3883 722 1098 3884 688 1099 3885 722 934 3886 718 934 3887 686 1101 3888 719 588 3889 723 937 3890 687 1103 3891 685 1501 3892 721 1104 3893 689 1105 3894 691 1620 3895 716 942 3896 693 1106 3897 695 1621 3898 694 1107 3899 699 1109 3900 698 1583 3901 726 1110 3902 727 1112 3903 694 1622 3904 695 1113 3905 699 1115 3906 697 1623 3907 696 1116 3908 693 1118 3909 692 1586 3910 731 1119 3911 730 1121 3912 696 1624 3913 697 1122 3914 696 1124 3915 730 1625 3916 726 1125 3917 694 1127 3918 727 1626 3919 731 1128 3920 695 1129 3921 693 1627 3922 729 1130 3923 697 1132 3924 699 1628 3925 724 1133 3926 700 1135 3927 701 1592 3928 703 1136 3929 707 1138 3930 706 1629 3931 735 1139 3932 703 1141 3933 732 1630 3934 734 1142 3935 706 1144 3936 707 1631 3937 705 1145 3938 701 1147 3939 700 1632 3940 738 1148 3941 739 1150 3942 704 1633 3943 705 1151 3944 706 1152 3945 704 1634 3946 739 1153 3947 700 1155 3948 702 1635 3949 734 1156 3950 701 1158 3951 736 1636 3952 732 1159 3953 707 1161 3954 733 1637 3955 737 1162 3956 709 1164 3957 711 1638 3958 715 1165 3959 733 1167 3960 735 1639 3961 739 1168 3962 736 1170 3963 738 1640 3964 734 1171 3965 728 1173 3966 724 1641 3967 726 1174 3968 723 1176 3969 719 1526 3970 717 1177 3971 725 1179 3972 729 1642 3973 731 1180 3974 722 1182 3975 720 1643 3976 716 1183 3977 708 672 3978 712 1529 3979 714 673 3980 740 1184 3981 741 1187 3982 763 1185 3983 741 1187 3984 742 1189 3985 758 1188 3986 742 1189 3987 743 1191 3988 762 1190 3989 743 1191 3990 744 1194 3991 761 1192 3992 745 1193 3993 757 1196 3994 761 1192 3995 746 1195 3996 756 1198 3997 757 1196 3998 747 1197 3999 759 1199 4000 756 1198 4001 740 1184 4002 760 1186 4003 759 1199 4004 740 1184 4005 747 1197 4006 771 691 4007 749 0 4008 751 0 4009 750 0 4010 751 1 4011 755 1 4012 754 1 4013 755 16 4014 753 16 4015 752 16 4016 753 5 4017 749 5 4018 748 5 4019 754 6 4020 752 6 4021 748 6 4022 753 1202 4023 755 1203 4024 758 1188 4025 753 1202 4026 758 1188 4027 762 1190 4028 757 1196 4029 756 1198 4030 749 1201 4031 753 1202 4032 762 1190 4033 761 1192 4034 761 1192 4035 757 1196 4036 749 1201 4037 751 1204 4038 749 1201 4039 756 1198 4040 751 1204 4041 756 1198 4042 759 1199 4043 763 1185 4044 758 1188 4045 755 1203 4046 751 1204 4047 759 1199 4048 760 1186 4049 760 1186 4050 763 1185 4051 755 1203 4052 764 1205 4053 771 1220 4054 779 1206 4055 747 1197 4056 746 1195 4057 770 700 4058 746 1195 4059 745 1193 4060 769 1208 4061 745 1193 4062 744 1194 4063 768 1209 4064 743 1191 4065 767 703 4066 768 1209 4067 742 1189 4068 766 1210 4069 767 703 4070 741 1187 4071 765 705 4072 766 1210 4073 741 1187 4074 740 1184 4075 764 1200 4076 773 3 4077 772 3 4078 779 3 4079 779 3 4080 778 3 4081 777 3 4082 777 3 4083 776 3 4084 775 3 4085 775 3 4086 774 3 4087 773 3 4088 773 3 4089 779 3 4090 777 3 4091 769 1211 4092 777 1221 4093 778 1212 4094 768 1214 4095 767 1222 4096 775 1215 4097 766 1217 4098 765 1223 4099 773 1218 4100 770 1213 4101 778 1212 4102 779 1206 4103 768 1214 4104 776 1216 4105 777 1221 4106 767 1222 4107 766 1217 4108 774 1219 4109 764 1205 4110 772 1207 4111 773 1218 4112 780 719 4113 781 1530 4114 783 720 4115 787 1224 4116 786 1644 4117 815 1225 4118 783 1227 4119 812 1645 4120 814 1228 4121 787 1230 4122 785 1533 4123 784 1231 4124 781 1232 4125 780 1646 4126 818 1233 4127 819 1235 4128 784 1647 4129 785 1236 4130 815 737 4131 786 1447 4132 784 738 4133 818 1238 4134 780 1536 4135 782 741 4136 781 1239 4137 816 1537 4138 812 744 4139 787 1240 4140 813 1538 4141 817 747 4142 789 1241 4143 791 1648 4144 790 1242 4145 795 1243 4146 794 1615 4147 822 1244 4148 823 1246 4149 790 1649 4150 791 1247 4151 794 1248 4152 795 1650 4153 793 1249 4154 789 1250 4155 788 1618 4156 827 1251 4157 793 1253 4158 824 1651 4159 826 1254 4160 792 1256 4161 826 1543 4162 822 1257 4163 790 1259 4164 823 769 4165 827 1260 4166 791 590 4167 789 1544 4168 825 940 4169 793 1105 4170 795 1581 4171 820 1261 4172 797 1262 4173 799 1652 4174 798 1263 4175 803 1265 4176 802 1583 4177 830 1266 4178 831 1267 4179 798 1653 4180 799 1268 4181 803 1270 4182 801 1654 4183 800 1271 4184 797 1273 4185 796 1586 4186 835 1274 4187 834 1276 4188 800 1655 4189 801 1277 4190 800 1279 4191 834 1656 4192 830 1280 4193 798 1281 4194 831 1657 4195 835 1282 4196 799 1284 4197 797 1658 4198 833 1285 4199 801 1287 4200 803 1659 4201 828 1288 4202 804 1289 4203 805 1660 4204 807 1290 4205 811 1292 4206 810 1593 4207 839 1293 4208 807 1295 4209 836 1661 4210 838 1296 4211 810 1298 4212 811 1662 4213 809 1299 4214 805 1301 4215 804 1663 4216 842 1302 4217 843 1304 4218 808 1664 4219 809 1305 4220 810 1307 4221 808 1559 4222 843 1308 4223 804 1310 4224 806 1665 4225 838 1311 4226 805 1313 4227 840 1666 4228 836 1314 4229 811 1316 4230 837 1667 4231 841 1317 4232 813 1318 4233 815 1668 4234 819 1319 4235 837 1321 4236 839 1669 4237 843 1322 4238 840 1324 4239 842 1670 4240 838 1325 4241 832 1327 4242 828 1671 4243 830 1328 4244 827 1330 4245 823 1567 4246 821 1331 4247 829 1332 4248 833 1672 4249 835 1333 4250 826 1335 4251 824 1673 4252 820 1336 4253 812 854 4254 816 1570 4255 818 855 4256 844 1337 4257 845 1340 4258 867 1338 4259 845 1340 4260 846 1342 4261 862 1341 4262 846 1342 4263 847 1344 4264 866 1343 4265 847 1344 4266 848 1347 4267 865 1345 4268 849 1346 4269 861 1349 4270 865 1345 4271 850 1348 4272 860 1351 4273 861 1349 4274 851 1350 4275 863 1352 4276 860 1351 4277 844 1337 4278 864 1339 4279 863 1352 4280 844 1337 4281 851 1350 4282 875 873 4283 853 0 4284 855 0 4285 854 0 4286 855 1 4287 859 1 4288 858 1 4289 859 16 4290 857 16 4291 856 16 4292 857 5 4293 853 5 4294 852 5 4295 858 6 4296 856 6 4297 852 6 4298 857 1355 4299 859 1356 4300 862 1341 4301 857 1355 4302 862 1341 4303 866 1343 4304 861 1349 4305 860 1351 4306 853 1354 4307 857 1355 4308 866 1343 4309 865 1345 4310 865 1345 4311 861 1349 4312 853 1354 4313 855 1357 4314 853 1354 4315 860 1351 4316 855 1357 4317 860 1351 4318 863 1352 4319 867 1338 4320 862 1341 4321 859 1356 4322 855 1357 4323 863 1352 4324 864 1339 4325 864 1339 4326 867 1338 4327 859 1356 4328 868 1358 4329 875 1371 4330 883 1359 4331 850 1348 4332 874 882 4333 875 873 4334 850 1348 4335 849 1346 4336 873 881 4337 848 1347 4338 872 1361 4339 873 881 4340 847 1344 4341 871 884 4342 872 1361 4343 846 1342 4344 870 886 4345 871 884 4346 846 1342 4347 845 1340 4348 869 885 4349 845 1340 4350 844 1337 4351 868 1353 4352 877 3 4353 876 3 4354 883 3 4355 883 3 4356 882 3 4357 881 3 4358 881 3 4359 880 3 4360 879 3 4361 879 3 4362 878 3 4363 877 3 4364 877 3 4365 883 3 4366 881 3 4367 874 1362 4368 873 1372 4369 881 1363 4370 871 1365 4371 879 1373 4372 880 1366 4373 870 1368 4374 869 1374 4375 877 1369 4376 874 1362 4377 882 1364 4378 883 1359 4379 873 1372 4380 872 1367 4381 880 1366 4382 870 1368 4383 878 1370 4384 879 1373 4385 868 1358 4386 876 1360 4387 877 1369 4388 73 84 4389 57 56 4390 56 1375 4391</p>
        </triangles>
      </mesh>
    </geometry>
  </library_geometries>
  <library_visual_scenes>
    <visual_scene id="Scene" name="Scene">
      <node id="Stove" name="Stove" type="NODE">
        <matrix sid="transform">1.19249e-8 1 0 0 -1 1.19249e-8 0 0 0 0 1 0 0 0 0 1</matrix>
        <instance_geometry url="#Stove-mesh" name="Stove">
          <bind_material>
            <technique_common>
              <instance_material symbol="Stove-material" target="#Stove-material">
                <bind_vertex_input semantic="UVMap" input_semantic="TEXCOORD" input_set="0"/>
              </instance_material>
            </technique_common>
          </bind_material>
        </instance_geometry>
      </node>
    </visual_scene>
  </library_visual_scenes>
  <scene>
    <instance_visual_scene url="#Scene"/>
  </scene>
</COLLADA>